"FullName","Folder","Name","Ext","Length"
"\\Aaa_nas\iast\18_豆皮藝文咖啡廳第二期\數位檔案_整理\04 打羊秀(2000-2005)\00\DP2_99_04_00_01.pdf","00","DP2_99_04_00_01",".pdf","122464"
"\\Aaa_nas\iast\18_豆皮藝文咖啡廳第二期\數位檔案_整理\04 打羊秀(2000-2005)\00\DP2_99_04_00_02.pdf","00","DP2_99_04_00_02",".pdf","394869"
"\\Aaa_nas\iast\18_豆皮藝文咖啡廳第二期\數位檔案_整理\04 打羊秀(2000-2005)\00\DP2_99_04_00_03.pdf","00","DP2_99_04_00_03",".pdf","384003"
"\\Aaa_nas\iast\18_豆皮藝文咖啡廳第二期\數位檔案_整理\04 打羊秀(2000-2005)\00\DP2_99_04_00_04.pdf","00","DP2_99_04_00_04",".pdf","230644"
"\\Aaa_nas\iast\18_豆皮藝文咖啡廳第二期\數位檔案_整理\04 打羊秀(2000-2005)\00\DP2_99_04_00_05.pdf","00","DP2_99_04_00_05",".pdf","302618"
"\\Aaa_nas\iast\18_豆皮藝文咖啡廳第二期\數位檔案_整理\04 打羊秀(2000-2005)\00\DP2_99_04_00_06.pdf","00","DP2_99_04_00_06",".pdf","114202"
"\\Aaa_nas\iast\18_豆皮藝文咖啡廳第二期\數位檔案_整理\04 打羊秀(2000-2005)\00\DP2_99_04_00_07.pdf","00","DP2_99_04_00_07",".pdf","169690"
"\\Aaa_nas\iast\18_豆皮藝文咖啡廳第二期\數位檔案_整理\04 打羊秀(2000-2005)\00\DP2_99_04_00_08.pdf","00","DP2_99_04_00_08",".pdf","95637"
"\\Aaa_nas\iast\18_豆皮藝文咖啡廳第二期\數位檔案_整理\04 打羊秀(2000-2005)\2000 11 04 阿雄與樵 2人瘋樂\DP2_99_04_200011a_01.jpg","2000 11 04 阿雄與樵 2人瘋樂","DP2_99_04_200011a_01",".jpg","176737"
"\\Aaa_nas\iast\18_豆皮藝文咖啡廳第二期\數位檔案_整理\04 打羊秀(2000-2005)\2000 11 04 阿雄與樵 2人瘋樂\DP2_99_04_200011a_02.jpg","2000 11 04 阿雄與樵 2人瘋樂","DP2_99_04_200011a_02",".jpg","218691"
"\\Aaa_nas\iast\18_豆皮藝文咖啡廳第二期\數位檔案_整理\04 打羊秀(2000-2005)\2000 11 04 阿雄與樵 2人瘋樂\DP2_99_04_200011a_03.jpg","2000 11 04 阿雄與樵 2人瘋樂","DP2_99_04_200011a_03",".jpg","205901"
"\\Aaa_nas\iast\18_豆皮藝文咖啡廳第二期\數位檔案_整理\04 打羊秀(2000-2005)\2000 11 04 阿雄與樵 2人瘋樂\DP2_99_04_200011a_04.jpg","2000 11 04 阿雄與樵 2人瘋樂","DP2_99_04_200011a_04",".jpg","194674"
"\\Aaa_nas\iast\18_豆皮藝文咖啡廳第二期\數位檔案_整理\04 打羊秀(2000-2005)\2000 11 04 阿雄與樵 2人瘋樂\DP2_99_04_200011a_05.jpg","2000 11 04 阿雄與樵 2人瘋樂","DP2_99_04_200011a_05",".jpg","188185"
"\\Aaa_nas\iast\18_豆皮藝文咖啡廳第二期\數位檔案_整理\04 打羊秀(2000-2005)\2000 11 04 阿雄與樵 2人瘋樂\DP2_99_04_200011a_06.jpg","2000 11 04 阿雄與樵 2人瘋樂","DP2_99_04_200011a_06",".jpg","213256"
"\\Aaa_nas\iast\18_豆皮藝文咖啡廳第二期\數位檔案_整理\04 打羊秀(2000-2005)\2000 11 04 阿雄與樵 2人瘋樂\DP2_99_04_200011a_07.jpg","2000 11 04 阿雄與樵 2人瘋樂","DP2_99_04_200011a_07",".jpg","162117"
"\\Aaa_nas\iast\18_豆皮藝文咖啡廳第二期\數位檔案_整理\04 打羊秀(2000-2005)\2000 11 04 阿雄與樵 2人瘋樂\DP2_99_04_200011a_08.jpg","2000 11 04 阿雄與樵 2人瘋樂","DP2_99_04_200011a_08",".jpg","171083"
"\\Aaa_nas\iast\18_豆皮藝文咖啡廳第二期\數位檔案_整理\04 打羊秀(2000-2005)\2000 11 04 阿雄與樵 2人瘋樂\DP2_99_04_200011a_09.jpg","2000 11 04 阿雄與樵 2人瘋樂","DP2_99_04_200011a_09",".jpg","161901"
"\\Aaa_nas\iast\18_豆皮藝文咖啡廳第二期\數位檔案_整理\04 打羊秀(2000-2005)\2000 11 04 阿雄與樵 2人瘋樂\DP2_99_04_200011a_10.jpg","2000 11 04 阿雄與樵 2人瘋樂","DP2_99_04_200011a_10",".jpg","163799"
"\\Aaa_nas\iast\18_豆皮藝文咖啡廳第二期\數位檔案_整理\04 打羊秀(2000-2005)\2000 11 18 劉沐 玩弄缺牙鋼琴\DP2_99_04_200011b_01.JPG","2000 11 18 劉沐 玩弄缺牙鋼琴","DP2_99_04_200011b_01",".JPG","141976"
"\\Aaa_nas\iast\18_豆皮藝文咖啡廳第二期\數位檔案_整理\04 打羊秀(2000-2005)\2000 11 18 劉沐 玩弄缺牙鋼琴\DP2_99_04_200011b_02.jpg","2000 11 18 劉沐 玩弄缺牙鋼琴","DP2_99_04_200011b_02",".jpg","96337"
"\\Aaa_nas\iast\18_豆皮藝文咖啡廳第二期\數位檔案_整理\04 打羊秀(2000-2005)\2000 11 18 劉沐 玩弄缺牙鋼琴\DP2_99_04_200011b_03.jpg","2000 11 18 劉沐 玩弄缺牙鋼琴","DP2_99_04_200011b_03",".jpg","72487"
"\\Aaa_nas\iast\18_豆皮藝文咖啡廳第二期\數位檔案_整理\04 打羊秀(2000-2005)\2000 11 18 劉沐 玩弄缺牙鋼琴\DP2_99_04_200011b_04.jpg","2000 11 18 劉沐 玩弄缺牙鋼琴","DP2_99_04_200011b_04",".jpg","72770"
"\\Aaa_nas\iast\18_豆皮藝文咖啡廳第二期\數位檔案_整理\04 打羊秀(2000-2005)\2000 11 18 劉沐 玩弄缺牙鋼琴\DP2_99_04_200011b_05.jpg","2000 11 18 劉沐 玩弄缺牙鋼琴","DP2_99_04_200011b_05",".jpg","74727"
"\\Aaa_nas\iast\18_豆皮藝文咖啡廳第二期\數位檔案_整理\04 打羊秀(2000-2005)\2000 11 18 劉沐 玩弄缺牙鋼琴\DP2_99_04_200011b_06.jpg","2000 11 18 劉沐 玩弄缺牙鋼琴","DP2_99_04_200011b_06",".jpg","80163"
"\\Aaa_nas\iast\18_豆皮藝文咖啡廳第二期\數位檔案_整理\04 打羊秀(2000-2005)\2000 11 18 劉沐 玩弄缺牙鋼琴\DP2_99_04_200011b_07.jpg","2000 11 18 劉沐 玩弄缺牙鋼琴","DP2_99_04_200011b_07",".jpg","72823"
"\\Aaa_nas\iast\18_豆皮藝文咖啡廳第二期\數位檔案_整理\04 打羊秀(2000-2005)\2000 11 18 劉沐 玩弄缺牙鋼琴\DP2_99_04_200011b_08.jpg","2000 11 18 劉沐 玩弄缺牙鋼琴","DP2_99_04_200011b_08",".jpg","65881"
"\\Aaa_nas\iast\18_豆皮藝文咖啡廳第二期\數位檔案_整理\04 打羊秀(2000-2005)\2000 11 18 劉沐 玩弄缺牙鋼琴\DP2_99_04_200011b_09.jpg","2000 11 18 劉沐 玩弄缺牙鋼琴","DP2_99_04_200011b_09",".jpg","75766"
"\\Aaa_nas\iast\18_豆皮藝文咖啡廳第二期\數位檔案_整理\04 打羊秀(2000-2005)\2000 11 18 劉沐 玩弄缺牙鋼琴\DP2_99_04_200011b_10.jpg","2000 11 18 劉沐 玩弄缺牙鋼琴","DP2_99_04_200011b_10",".jpg","83735"
"\\Aaa_nas\iast\18_豆皮藝文咖啡廳第二期\數位檔案_整理\04 打羊秀(2000-2005)\2000 11 18 劉沐 玩弄缺牙鋼琴\DP2_99_04_200011b_11.jpg","2000 11 18 劉沐 玩弄缺牙鋼琴","DP2_99_04_200011b_11",".jpg","73304"
"\\Aaa_nas\iast\18_豆皮藝文咖啡廳第二期\數位檔案_整理\04 打羊秀(2000-2005)\2000 11 25 周劍&蘇志豪 首次藍調創作曲\DP2_99_04_200011c_01.JPG","2000 11 25 周劍&蘇志豪 首次藍調創作曲","DP2_99_04_200011c_01",".JPG","183304"
"\\Aaa_nas\iast\18_豆皮藝文咖啡廳第二期\數位檔案_整理\04 打羊秀(2000-2005)\2000 11 25 周劍&蘇志豪 首次藍調創作曲\DP2_99_04_200011c_02.jpg","2000 11 25 周劍&蘇志豪 首次藍調創作曲","DP2_99_04_200011c_02",".jpg","237883"
"\\Aaa_nas\iast\18_豆皮藝文咖啡廳第二期\數位檔案_整理\04 打羊秀(2000-2005)\2000 11 封恩業\DP2_99_04_200011d_01.jpg","2000 11 封恩業","DP2_99_04_200011d_01",".jpg","113907"
"\\Aaa_nas\iast\18_豆皮藝文咖啡廳第二期\數位檔案_整理\04 打羊秀(2000-2005)\2000 11 封恩業\DP2_99_04_200011d_02.jpg","2000 11 封恩業","DP2_99_04_200011d_02",".jpg","178012"
"\\Aaa_nas\iast\18_豆皮藝文咖啡廳第二期\數位檔案_整理\04 打羊秀(2000-2005)\2000 11 封恩業\DP2_99_04_200011d_03.jpg","2000 11 封恩業","DP2_99_04_200011d_03",".jpg","119950"
"\\Aaa_nas\iast\18_豆皮藝文咖啡廳第二期\數位檔案_整理\04 打羊秀(2000-2005)\2000 11 封恩業\DP2_99_04_200011d_04.jpg","2000 11 封恩業","DP2_99_04_200011d_04",".jpg","125373"
"\\Aaa_nas\iast\18_豆皮藝文咖啡廳第二期\數位檔案_整理\04 打羊秀(2000-2005)\2000 11 封恩業\DP2_99_04_200011d_05.jpg","2000 11 封恩業","DP2_99_04_200011d_05",".jpg","109083"
"\\Aaa_nas\iast\18_豆皮藝文咖啡廳第二期\數位檔案_整理\04 打羊秀(2000-2005)\2000 11 封恩業\DP2_99_04_200011d_06.jpg","2000 11 封恩業","DP2_99_04_200011d_06",".jpg","119390"
"\\Aaa_nas\iast\18_豆皮藝文咖啡廳第二期\數位檔案_整理\04 打羊秀(2000-2005)\2000 11 封恩業\DP2_99_04_200011d_07.jpg","2000 11 封恩業","DP2_99_04_200011d_07",".jpg","104928"
"\\Aaa_nas\iast\18_豆皮藝文咖啡廳第二期\數位檔案_整理\04 打羊秀(2000-2005)\2000 11 封恩業\DP2_99_04_200011d_08.jpg","2000 11 封恩業","DP2_99_04_200011d_08",".jpg","111017"
"\\Aaa_nas\iast\18_豆皮藝文咖啡廳第二期\數位檔案_整理\04 打羊秀(2000-2005)\2000 11 封恩業\DP2_99_04_200011d_09.jpg","2000 11 封恩業","DP2_99_04_200011d_09",".jpg","130304"
"\\Aaa_nas\iast\18_豆皮藝文咖啡廳第二期\數位檔案_整理\04 打羊秀(2000-2005)\2000 11 林上奇\DP2_99_04_200011e_01.jpg","2000 11 林上奇","DP2_99_04_200011e_01",".jpg","197162"
"\\Aaa_nas\iast\18_豆皮藝文咖啡廳第二期\數位檔案_整理\04 打羊秀(2000-2005)\2000 11 林上奇\DP2_99_04_200011e_02.jpg","2000 11 林上奇","DP2_99_04_200011e_02",".jpg","186903"
"\\Aaa_nas\iast\18_豆皮藝文咖啡廳第二期\數位檔案_整理\04 打羊秀(2000-2005)\2000 11 林上奇\DP2_99_04_200011e_03.jpg","2000 11 林上奇","DP2_99_04_200011e_03",".jpg","173349"
"\\Aaa_nas\iast\18_豆皮藝文咖啡廳第二期\數位檔案_整理\04 打羊秀(2000-2005)\2000 11 林上奇\DP2_99_04_200011e_04.jpg","2000 11 林上奇","DP2_99_04_200011e_04",".jpg","141090"
"\\Aaa_nas\iast\18_豆皮藝文咖啡廳第二期\數位檔案_整理\04 打羊秀(2000-2005)\2000 11 林上奇\DP2_99_04_200011e_05.jpg","2000 11 林上奇","DP2_99_04_200011e_05",".jpg","123340"
"\\Aaa_nas\iast\18_豆皮藝文咖啡廳第二期\數位檔案_整理\04 打羊秀(2000-2005)\2000 11 林上奇\DP2_99_04_200011e_06.jpg","2000 11 林上奇","DP2_99_04_200011e_06",".jpg","142547"
"\\Aaa_nas\iast\18_豆皮藝文咖啡廳第二期\數位檔案_整理\04 打羊秀(2000-2005)\2001 01 06 Early\DP2_99_04_200101a_01.jpg","2001 01 06 Early","DP2_99_04_200101a_01",".jpg","162960"
"\\Aaa_nas\iast\18_豆皮藝文咖啡廳第二期\數位檔案_整理\04 打羊秀(2000-2005)\2001 01 06 Early\DP2_99_04_200101a_02.jpg","2001 01 06 Early","DP2_99_04_200101a_02",".jpg","173747"
"\\Aaa_nas\iast\18_豆皮藝文咖啡廳第二期\數位檔案_整理\04 打羊秀(2000-2005)\2001 01 06 Early\DP2_99_04_200101a_03.jpg","2001 01 06 Early","DP2_99_04_200101a_03",".jpg","166269"
"\\Aaa_nas\iast\18_豆皮藝文咖啡廳第二期\數位檔案_整理\04 打羊秀(2000-2005)\2001 01 06 謝宛玲\DP2_99_04_200101b_01.jpg","2001 01 06 謝宛玲","DP2_99_04_200101b_01",".jpg","130227"
"\\Aaa_nas\iast\18_豆皮藝文咖啡廳第二期\數位檔案_整理\04 打羊秀(2000-2005)\2001 03 03 Early 早期自創歌曲\DP2_99_04_200103a_01.jpg","2001 03 03 Early 早期自創歌曲","DP2_99_04_200103a_01",".jpg","161435"
"\\Aaa_nas\iast\18_豆皮藝文咖啡廳第二期\數位檔案_整理\04 打羊秀(2000-2005)\2001 03 03 Early 早期自創歌曲\DP2_99_04_200103a_02.jpg","2001 03 03 Early 早期自創歌曲","DP2_99_04_200103a_02",".jpg","175383"
"\\Aaa_nas\iast\18_豆皮藝文咖啡廳第二期\數位檔案_整理\04 打羊秀(2000-2005)\2001 03 03 Early 早期自創歌曲\DP2_99_04_200103a_03.jpg","2001 03 03 Early 早期自創歌曲","DP2_99_04_200103a_03",".jpg","172148"
"\\Aaa_nas\iast\18_豆皮藝文咖啡廳第二期\數位檔案_整理\04 打羊秀(2000-2005)\2001 03 吳伯勳&單復榮 雙人吉他\DP2_99_04_200103b_01.jpg","2001 03 吳伯勳&單復榮 雙人吉他","DP2_99_04_200103b_01",".jpg","179645"
"\\Aaa_nas\iast\18_豆皮藝文咖啡廳第二期\數位檔案_整理\04 打羊秀(2000-2005)\2001 03 吳伯勳&單復榮 雙人吉他\DP2_99_04_200103b_02.jpg","2001 03 吳伯勳&單復榮 雙人吉他","DP2_99_04_200103b_02",".jpg","181294"
"\\Aaa_nas\iast\18_豆皮藝文咖啡廳第二期\數位檔案_整理\04 打羊秀(2000-2005)\2001 03 吳伯勳&單復榮 雙人吉他\DP2_99_04_200103b_03.jpg","2001 03 吳伯勳&單復榮 雙人吉他","DP2_99_04_200103b_03",".jpg","156022"
"\\Aaa_nas\iast\18_豆皮藝文咖啡廳第二期\數位檔案_整理\04 打羊秀(2000-2005)\2001 03 吳伯勳&單復榮 雙人吉他\DP2_99_04_200103b_04.jpg","2001 03 吳伯勳&單復榮 雙人吉他","DP2_99_04_200103b_04",".jpg","131462"
"\\Aaa_nas\iast\18_豆皮藝文咖啡廳第二期\數位檔案_整理\04 打羊秀(2000-2005)\2001 03 吳伯勳&單復榮 雙人吉他\DP2_99_04_200103b_05.jpg","2001 03 吳伯勳&單復榮 雙人吉他","DP2_99_04_200103b_05",".jpg","165765"
"\\Aaa_nas\iast\18_豆皮藝文咖啡廳第二期\數位檔案_整理\04 打羊秀(2000-2005)\2001 03 吳伯勳&單復榮 雙人吉他\DP2_99_04_200103b_06.jpg","2001 03 吳伯勳&單復榮 雙人吉他","DP2_99_04_200103b_06",".jpg","168013"
"\\Aaa_nas\iast\18_豆皮藝文咖啡廳第二期\數位檔案_整理\04 打羊秀(2000-2005)\2001 03 吳伯勳&單復榮 雙人吉他\DP2_99_04_200103b_07.jpg","2001 03 吳伯勳&單復榮 雙人吉他","DP2_99_04_200103b_07",".jpg","131643"
"\\Aaa_nas\iast\18_豆皮藝文咖啡廳第二期\數位檔案_整理\04 打羊秀(2000-2005)\2001 05 05 Sour Jam Vocal (ㄚㄚ桑)\DP2_99_04_200105a_01.jpg","2001 05 05 Sour Jam Vocal (ㄚㄚ桑)","DP2_99_04_200105a_01",".jpg","160735"
"\\Aaa_nas\iast\18_豆皮藝文咖啡廳第二期\數位檔案_整理\04 打羊秀(2000-2005)\2001 05 05 Sour Jam Vocal (ㄚㄚ桑)\DP2_99_04_200105a_02.jpg","2001 05 05 Sour Jam Vocal (ㄚㄚ桑)","DP2_99_04_200105a_02",".jpg","140149"
"\\Aaa_nas\iast\18_豆皮藝文咖啡廳第二期\數位檔案_整理\04 打羊秀(2000-2005)\2001 05 05 Sour Jam Vocal (ㄚㄚ桑)\DP2_99_04_200105a_03.jpg","2001 05 05 Sour Jam Vocal (ㄚㄚ桑)","DP2_99_04_200105a_03",".jpg","138527"
"\\Aaa_nas\iast\18_豆皮藝文咖啡廳第二期\數位檔案_整理\04 打羊秀(2000-2005)\2001 07 07 吳柏勳&單復榮 雙人吉他\DP2_99_04_200107a_01.jpg","2001 07 07 吳柏勳&單復榮 雙人吉他","DP2_99_04_200107a_01",".jpg","135475"
"\\Aaa_nas\iast\18_豆皮藝文咖啡廳第二期\數位檔案_整理\04 打羊秀(2000-2005)\2001 07 07 吳柏勳&單復榮 雙人吉他\DP2_99_04_200107a_02.jpg","2001 07 07 吳柏勳&單復榮 雙人吉他","DP2_99_04_200107a_02",".jpg","96517"
"\\Aaa_nas\iast\18_豆皮藝文咖啡廳第二期\數位檔案_整理\04 打羊秀(2000-2005)\2001 07 07 吳柏勳&單復榮 雙人吉他\DP2_99_04_200107a_03.jpg","2001 07 07 吳柏勳&單復榮 雙人吉他","DP2_99_04_200107a_03",".jpg","207814"
"\\Aaa_nas\iast\18_豆皮藝文咖啡廳第二期\數位檔案_整理\04 打羊秀(2000-2005)\2001 08 04 張永村\DP2_99_04_200108a_01.jpg","2001 08 04 張永村","DP2_99_04_200108a_01",".jpg","159633"
"\\Aaa_nas\iast\18_豆皮藝文咖啡廳第二期\數位檔案_整理\04 打羊秀(2000-2005)\2001 08 04 張永村\DP2_99_04_200108a_02.JPG","2001 08 04 張永村","DP2_99_04_200108a_02",".JPG","1211526"
"\\Aaa_nas\iast\18_豆皮藝文咖啡廳第二期\數位檔案_整理\04 打羊秀(2000-2005)\2001 08 04 張永村\DP2_99_04_200108a_03.JPG","2001 08 04 張永村","DP2_99_04_200108a_03",".JPG","1695682"
"\\Aaa_nas\iast\18_豆皮藝文咖啡廳第二期\數位檔案_整理\04 打羊秀(2000-2005)\2001 08 04 張永村\DP2_99_04_200108a_04.JPG","2001 08 04 張永村","DP2_99_04_200108a_04",".JPG","1941853"
"\\Aaa_nas\iast\18_豆皮藝文咖啡廳第二期\數位檔案_整理\04 打羊秀(2000-2005)\2001 08 04 張永村\DP2_99_04_200108a_05.JPG","2001 08 04 張永村","DP2_99_04_200108a_05",".JPG","1789866"
"\\Aaa_nas\iast\18_豆皮藝文咖啡廳第二期\數位檔案_整理\04 打羊秀(2000-2005)\2001 08 04 張永村\DP2_99_04_200108a_06.JPG","2001 08 04 張永村","DP2_99_04_200108a_06",".JPG","2049436"
"\\Aaa_nas\iast\18_豆皮藝文咖啡廳第二期\數位檔案_整理\04 打羊秀(2000-2005)\2001 08 04 張永村\DP2_99_04_200108a_07.JPG","2001 08 04 張永村","DP2_99_04_200108a_07",".JPG","1547872"
"\\Aaa_nas\iast\18_豆皮藝文咖啡廳第二期\數位檔案_整理\04 打羊秀(2000-2005)\2001 08 04 張永村\DP2_99_04_200108a_08.JPG","2001 08 04 張永村","DP2_99_04_200108a_08",".JPG","1474966"
"\\Aaa_nas\iast\18_豆皮藝文咖啡廳第二期\數位檔案_整理\04 打羊秀(2000-2005)\2001 08 04 張永村\DP2_99_04_200108a_09.jpg","2001 08 04 張永村","DP2_99_04_200108a_09",".jpg","171801"
"\\Aaa_nas\iast\18_豆皮藝文咖啡廳第二期\數位檔案_整理\04 打羊秀(2000-2005)\2001 08 04 張永村\DP2_99_04_200108a_10.jpg","2001 08 04 張永村","DP2_99_04_200108a_10",".jpg","195843"
"\\Aaa_nas\iast\18_豆皮藝文咖啡廳第二期\數位檔案_整理\04 打羊秀(2000-2005)\2001 08 04 張永村\DP2_99_04_200108a_11.jpg","2001 08 04 張永村","DP2_99_04_200108a_11",".jpg","716436"
"\\Aaa_nas\iast\18_豆皮藝文咖啡廳第二期\數位檔案_整理\04 打羊秀(2000-2005)\2001 08 04 張永村\DP2_99_04_200108a_12.jpg","2001 08 04 張永村","DP2_99_04_200108a_12",".jpg","523974"
"\\Aaa_nas\iast\18_豆皮藝文咖啡廳第二期\數位檔案_整理\04 打羊秀(2000-2005)\2001 08 04 張永村\DP2_99_04_200108a_13.jpg","2001 08 04 張永村","DP2_99_04_200108a_13",".jpg","165735"
"\\Aaa_nas\iast\18_豆皮藝文咖啡廳第二期\數位檔案_整理\04 打羊秀(2000-2005)\2001 08 04 張永村\DP2_99_04_200108a_14.jpg","2001 08 04 張永村","DP2_99_04_200108a_14",".jpg","154269"
"\\Aaa_nas\iast\18_豆皮藝文咖啡廳第二期\數位檔案_整理\04 打羊秀(2000-2005)\2001 08 04 張永村\DP2_99_04_200108a_15.jpg","2001 08 04 張永村","DP2_99_04_200108a_15",".jpg","56307"
"\\Aaa_nas\iast\18_豆皮藝文咖啡廳第二期\數位檔案_整理\04 打羊秀(2000-2005)\2001 08 04 張永村\DP2_99_04_200108a_16.jpg","2001 08 04 張永村","DP2_99_04_200108a_16",".jpg","74102"
"\\Aaa_nas\iast\18_豆皮藝文咖啡廳第二期\數位檔案_整理\04 打羊秀(2000-2005)\2001 08 04 張永村\DP2_99_04_200108a_17.jpg","2001 08 04 張永村","DP2_99_04_200108a_17",".jpg","77822"
"\\Aaa_nas\iast\18_豆皮藝文咖啡廳第二期\數位檔案_整理\04 打羊秀(2000-2005)\2001 08 04 張永村\DP2_99_04_200108a_18.jpg","2001 08 04 張永村","DP2_99_04_200108a_18",".jpg","74082"
"\\Aaa_nas\iast\18_豆皮藝文咖啡廳第二期\數位檔案_整理\04 打羊秀(2000-2005)\2001 08 04 黃藍白之朱肇群 吉他表演\DP2_99_04_200108b_01.jpg","2001 08 04 黃藍白之朱肇群 吉他表演","DP2_99_04_200108b_01",".jpg","88478"
"\\Aaa_nas\iast\18_豆皮藝文咖啡廳第二期\數位檔案_整理\04 打羊秀(2000-2005)\2001 08 04 黃藍白之朱肇群 吉他表演\DP2_99_04_200108b_02.jpg","2001 08 04 黃藍白之朱肇群 吉他表演","DP2_99_04_200108b_02",".jpg","94052"
"\\Aaa_nas\iast\18_豆皮藝文咖啡廳第二期\數位檔案_整理\04 打羊秀(2000-2005)\2001 08 04 黃藍白之朱肇群 吉他表演\DP2_99_04_200108b_03.jpg","2001 08 04 黃藍白之朱肇群 吉他表演","DP2_99_04_200108b_03",".jpg","89588"
"\\Aaa_nas\iast\18_豆皮藝文咖啡廳第二期\數位檔案_整理\04 打羊秀(2000-2005)\2001 08 04 黃藍白之朱肇群 吉他表演\DP2_99_04_200108b_04.jpg","2001 08 04 黃藍白之朱肇群 吉他表演","DP2_99_04_200108b_04",".jpg","91836"
"\\Aaa_nas\iast\18_豆皮藝文咖啡廳第二期\數位檔案_整理\04 打羊秀(2000-2005)\2001 08 04 黃藍白之朱肇群 吉他表演\DP2_99_04_200108b_05.jpg","2001 08 04 黃藍白之朱肇群 吉他表演","DP2_99_04_200108b_05",".jpg","100329"
"\\Aaa_nas\iast\18_豆皮藝文咖啡廳第二期\數位檔案_整理\04 打羊秀(2000-2005)\2001 08 04 黃藍白之朱肇群 吉他表演\DP2_99_04_200108b_06.jpg","2001 08 04 黃藍白之朱肇群 吉他表演","DP2_99_04_200108b_06",".jpg","91306"
"\\Aaa_nas\iast\18_豆皮藝文咖啡廳第二期\數位檔案_整理\04 打羊秀(2000-2005)\2001 08 04 黃藍白之朱肇群 吉他表演\DP2_99_04_200108b_07.jpg","2001 08 04 黃藍白之朱肇群 吉他表演","DP2_99_04_200108b_07",".jpg","75736"
"\\Aaa_nas\iast\18_豆皮藝文咖啡廳第二期\數位檔案_整理\04 打羊秀(2000-2005)\2001 09 01 封恩業\DP2_99_04_200109a_01.jpg","2001 09 01 封恩業","DP2_99_04_200109a_01",".jpg","91242"
"\\Aaa_nas\iast\18_豆皮藝文咖啡廳第二期\數位檔案_整理\04 打羊秀(2000-2005)\2001 09 01 封恩業\DP2_99_04_200109a_02.jpg","2001 09 01 封恩業","DP2_99_04_200109a_02",".jpg","208335"
"\\Aaa_nas\iast\18_豆皮藝文咖啡廳第二期\數位檔案_整理\04 打羊秀(2000-2005)\2001 09 01 封恩業\DP2_99_04_200109a_03.jpg","2001 09 01 封恩業","DP2_99_04_200109a_03",".jpg","188967"
"\\Aaa_nas\iast\18_豆皮藝文咖啡廳第二期\數位檔案_整理\04 打羊秀(2000-2005)\2001 09 01 封恩業\DP2_99_04_200109a_04.jpg","2001 09 01 封恩業","DP2_99_04_200109a_04",".jpg","78559"
"\\Aaa_nas\iast\18_豆皮藝文咖啡廳第二期\數位檔案_整理\04 打羊秀(2000-2005)\2001 09 01 封恩業\DP2_99_04_200109a_05.jpg","2001 09 01 封恩業","DP2_99_04_200109a_05",".jpg","187981"
"\\Aaa_nas\iast\18_豆皮藝文咖啡廳第二期\數位檔案_整理\04 打羊秀(2000-2005)\2001 09 01 封恩業\DP2_99_04_200109a_06.jpg","2001 09 01 封恩業","DP2_99_04_200109a_06",".jpg","89319"
"\\Aaa_nas\iast\18_豆皮藝文咖啡廳第二期\數位檔案_整理\04 打羊秀(2000-2005)\2001 09 01 封恩業\DP2_99_04_200109a_07.jpg","2001 09 01 封恩業","DP2_99_04_200109a_07",".jpg","187160"
"\\Aaa_nas\iast\18_豆皮藝文咖啡廳第二期\數位檔案_整理\04 打羊秀(2000-2005)\2001 09 01 封恩業\DP2_99_04_200109a_08.jpg","2001 09 01 封恩業","DP2_99_04_200109a_08",".jpg","86119"
"\\Aaa_nas\iast\18_豆皮藝文咖啡廳第二期\數位檔案_整理\04 打羊秀(2000-2005)\2001 09 01 封恩業\DP2_99_04_200109a_09.jpg","2001 09 01 封恩業","DP2_99_04_200109a_09",".jpg","166721"
"\\Aaa_nas\iast\18_豆皮藝文咖啡廳第二期\數位檔案_整理\04 打羊秀(2000-2005)\2001 09 01 恆春兮 （鄭志文）\DP2_99_04_200109b_01.jpg","2001 09 01 恆春兮 （鄭志文）","DP2_99_04_200109b_01",".jpg","57124"
"\\Aaa_nas\iast\18_豆皮藝文咖啡廳第二期\數位檔案_整理\04 打羊秀(2000-2005)\2001 09 01 恆春兮 （鄭志文）\DP2_99_04_200109b_02.jpg","2001 09 01 恆春兮 （鄭志文）","DP2_99_04_200109b_02",".jpg","70159"
"\\Aaa_nas\iast\18_豆皮藝文咖啡廳第二期\數位檔案_整理\04 打羊秀(2000-2005)\2001 09 01 恆春兮 （鄭志文）\DP2_99_04_200109b_03.jpg","2001 09 01 恆春兮 （鄭志文）","DP2_99_04_200109b_03",".jpg","78724"
"\\Aaa_nas\iast\18_豆皮藝文咖啡廳第二期\數位檔案_整理\04 打羊秀(2000-2005)\2001 09 01 恆春兮 （鄭志文）\DP2_99_04_200109b_04.jpg","2001 09 01 恆春兮 （鄭志文）","DP2_99_04_200109b_04",".jpg","69124"
"\\Aaa_nas\iast\18_豆皮藝文咖啡廳第二期\數位檔案_整理\04 打羊秀(2000-2005)\2001 09 01 恆春兮 （鄭志文）\DP2_99_04_200109b_05.jpg","2001 09 01 恆春兮 （鄭志文）","DP2_99_04_200109b_05",".jpg","58681"
"\\Aaa_nas\iast\18_豆皮藝文咖啡廳第二期\數位檔案_整理\04 打羊秀(2000-2005)\2001 09 Early&Peter Song Meets (歌聚會)\DP2_99_04_200109c_01.jpg","2001 09 Early&Peter Song Meets (歌聚會)","DP2_99_04_200109c_01",".jpg","122865"
"\\Aaa_nas\iast\18_豆皮藝文咖啡廳第二期\數位檔案_整理\04 打羊秀(2000-2005)\2001 09 Early&Peter Song Meets (歌聚會)\DP2_99_04_200109c_02.jpg","2001 09 Early&Peter Song Meets (歌聚會)","DP2_99_04_200109c_02",".jpg","93048"
"\\Aaa_nas\iast\18_豆皮藝文咖啡廳第二期\數位檔案_整理\04 打羊秀(2000-2005)\2001 09 Early&Peter Song Meets (歌聚會)\DP2_99_04_200109c_03.jpg","2001 09 Early&Peter Song Meets (歌聚會)","DP2_99_04_200109c_03",".jpg","119389"
"\\Aaa_nas\iast\18_豆皮藝文咖啡廳第二期\數位檔案_整理\04 打羊秀(2000-2005)\2001 09 Early&Peter Song Meets (歌聚會)\DP2_99_04_200109c_04.jpg","2001 09 Early&Peter Song Meets (歌聚會)","DP2_99_04_200109c_04",".jpg","92131"
"\\Aaa_nas\iast\18_豆皮藝文咖啡廳第二期\數位檔案_整理\04 打羊秀(2000-2005)\2001 09 Early&Peter Song Meets (歌聚會)\DP2_99_04_200109c_05.jpg","2001 09 Early&Peter Song Meets (歌聚會)","DP2_99_04_200109c_05",".jpg","79936"
"\\Aaa_nas\iast\18_豆皮藝文咖啡廳第二期\數位檔案_整理\04 打羊秀(2000-2005)\2001 09 Early&Peter Song Meets (歌聚會)\DP2_99_04_200109c_06.jpg","2001 09 Early&Peter Song Meets (歌聚會)","DP2_99_04_200109c_06",".jpg","99173"
"\\Aaa_nas\iast\18_豆皮藝文咖啡廳第二期\數位檔案_整理\04 打羊秀(2000-2005)\2001 09 Early&Peter Song Meets (歌聚會)\DP2_99_04_200109c_07.jpg","2001 09 Early&Peter Song Meets (歌聚會)","DP2_99_04_200109c_07",".jpg","101155"
"\\Aaa_nas\iast\18_豆皮藝文咖啡廳第二期\數位檔案_整理\04 打羊秀(2000-2005)\2001 09 Early&Peter Song Meets (歌聚會)\DP2_99_04_200109c_08.jpg","2001 09 Early&Peter Song Meets (歌聚會)","DP2_99_04_200109c_08",".jpg","107324"
"\\Aaa_nas\iast\18_豆皮藝文咖啡廳第二期\數位檔案_整理\04 打羊秀(2000-2005)\2001 09 Early&Peter Song Meets (歌聚會)\DP2_99_04_200109c_09.jpg","2001 09 Early&Peter Song Meets (歌聚會)","DP2_99_04_200109c_09",".jpg","103857"
"\\Aaa_nas\iast\18_豆皮藝文咖啡廳第二期\數位檔案_整理\04 打羊秀(2000-2005)\2001 09 Early&Peter Song Meets (歌聚會)\DP2_99_04_200109c_10.jpg","2001 09 Early&Peter Song Meets (歌聚會)","DP2_99_04_200109c_10",".jpg","98312"
"\\Aaa_nas\iast\18_豆皮藝文咖啡廳第二期\數位檔案_整理\04 打羊秀(2000-2005)\2001 09賀香滋 大提琴演奏\DP2_99_04_200109d_01.jpg","2001 09賀香滋 大提琴演奏","DP2_99_04_200109d_01",".jpg","155555"
"\\Aaa_nas\iast\18_豆皮藝文咖啡廳第二期\數位檔案_整理\04 打羊秀(2000-2005)\2001 09賀香滋 大提琴演奏\DP2_99_04_200109d_02.jpg","2001 09賀香滋 大提琴演奏","DP2_99_04_200109d_02",".jpg","229885"
"\\Aaa_nas\iast\18_豆皮藝文咖啡廳第二期\數位檔案_整理\04 打羊秀(2000-2005)\2001 09賀香滋 大提琴演奏\DP2_99_04_200109d_03.jpg","2001 09賀香滋 大提琴演奏","DP2_99_04_200109d_03",".jpg","140682"
"\\Aaa_nas\iast\18_豆皮藝文咖啡廳第二期\數位檔案_整理\04 打羊秀(2000-2005)\2001 09賀香滋 大提琴演奏\DP2_99_04_200109d_04.jpg","2001 09賀香滋 大提琴演奏","DP2_99_04_200109d_04",".jpg","168142"
"\\Aaa_nas\iast\18_豆皮藝文咖啡廳第二期\數位檔案_整理\04 打羊秀(2000-2005)\2001 09賀香滋 大提琴演奏\DP2_99_04_200109d_05.jpg","2001 09賀香滋 大提琴演奏","DP2_99_04_200109d_05",".jpg","120952"
"\\Aaa_nas\iast\18_豆皮藝文咖啡廳第二期\數位檔案_整理\04 打羊秀(2000-2005)\2001 09賀香滋 大提琴演奏\DP2_99_04_200109d_06.jpg","2001 09賀香滋 大提琴演奏","DP2_99_04_200109d_06",".jpg","97188"
"\\Aaa_nas\iast\18_豆皮藝文咖啡廳第二期\數位檔案_整理\04 打羊秀(2000-2005)\2001 10 06 劉沐&學生\DP2_99_04_200110a_01.jpg","2001 10 06 劉沐&學生","DP2_99_04_200110a_01",".jpg","140103"
"\\Aaa_nas\iast\18_豆皮藝文咖啡廳第二期\數位檔案_整理\04 打羊秀(2000-2005)\2001 10 06 劉沐&學生\DP2_99_04_200110a_02.jpg","2001 10 06 劉沐&學生","DP2_99_04_200110a_02",".jpg","160867"
"\\Aaa_nas\iast\18_豆皮藝文咖啡廳第二期\數位檔案_整理\04 打羊秀(2000-2005)\2001 10 06 劉沐&學生\DP2_99_04_200110a_03.jpg","2001 10 06 劉沐&學生","DP2_99_04_200110a_03",".jpg","142929"
"\\Aaa_nas\iast\18_豆皮藝文咖啡廳第二期\數位檔案_整理\04 打羊秀(2000-2005)\2001 10 06 劉沐&學生\DP2_99_04_200110a_04.jpg","2001 10 06 劉沐&學生","DP2_99_04_200110a_04",".jpg","128743"
"\\Aaa_nas\iast\18_豆皮藝文咖啡廳第二期\數位檔案_整理\04 打羊秀(2000-2005)\2001 10 06 劉沐&學生\DP2_99_04_200110a_05.jpg","2001 10 06 劉沐&學生","DP2_99_04_200110a_05",".jpg","126398"
"\\Aaa_nas\iast\18_豆皮藝文咖啡廳第二期\數位檔案_整理\04 打羊秀(2000-2005)\2001 10 06 劉沐&學生\DP2_99_04_200110a_06.jpg","2001 10 06 劉沐&學生","DP2_99_04_200110a_06",".jpg","150951"
"\\Aaa_nas\iast\18_豆皮藝文咖啡廳第二期\數位檔案_整理\04 打羊秀(2000-2005)\2001 10 06 劉沐&學生\DP2_99_04_200110a_07.jpg","2001 10 06 劉沐&學生","DP2_99_04_200110a_07",".jpg","139844"
"\\Aaa_nas\iast\18_豆皮藝文咖啡廳第二期\數位檔案_整理\04 打羊秀(2000-2005)\2001 10 06 劉沐&學生\DP2_99_04_200110a_08.jpg","2001 10 06 劉沐&學生","DP2_99_04_200110a_08",".jpg","136010"
"\\Aaa_nas\iast\18_豆皮藝文咖啡廳第二期\數位檔案_整理\04 打羊秀(2000-2005)\2001 10 06 劉沐&學生\DP2_99_04_200110a_09.jpg","2001 10 06 劉沐&學生","DP2_99_04_200110a_09",".jpg","123212"
"\\Aaa_nas\iast\18_豆皮藝文咖啡廳第二期\數位檔案_整理\04 打羊秀(2000-2005)\2001 10 06 劉沐&學生\DP2_99_04_200110a_10.jpg","2001 10 06 劉沐&學生","DP2_99_04_200110a_10",".jpg","140135"
"\\Aaa_nas\iast\18_豆皮藝文咖啡廳第二期\數位檔案_整理\04 打羊秀(2000-2005)\2001 10 06 謝宛玲& Micheal\DP2_99_04_200110b_01.jpg","2001 10 06 謝宛玲& Micheal","DP2_99_04_200110b_01",".jpg","403042"
"\\Aaa_nas\iast\18_豆皮藝文咖啡廳第二期\數位檔案_整理\04 打羊秀(2000-2005)\2001 10 06 謝宛玲& Micheal\DP2_99_04_200110b_02.jpg","2001 10 06 謝宛玲& Micheal","DP2_99_04_200110b_02",".jpg","239611"
"\\Aaa_nas\iast\18_豆皮藝文咖啡廳第二期\數位檔案_整理\04 打羊秀(2000-2005)\2001 10 06 謝宛玲& Micheal\DP2_99_04_200110b_03.jpg","2001 10 06 謝宛玲& Micheal","DP2_99_04_200110b_03",".jpg","362162"
"\\Aaa_nas\iast\18_豆皮藝文咖啡廳第二期\數位檔案_整理\04 打羊秀(2000-2005)\2001 10 06 謝宛玲& Micheal\DP2_99_04_200110b_04.jpg","2001 10 06 謝宛玲& Micheal","DP2_99_04_200110b_04",".jpg","188168"
"\\Aaa_nas\iast\18_豆皮藝文咖啡廳第二期\數位檔案_整理\04 打羊秀(2000-2005)\2001 10 06 謝宛玲& Micheal\DP2_99_04_200110b_05.jpg","2001 10 06 謝宛玲& Micheal","DP2_99_04_200110b_05",".jpg","121902"
"\\Aaa_nas\iast\18_豆皮藝文咖啡廳第二期\數位檔案_整理\04 打羊秀(2000-2005)\2001 10 06 謝宛玲& Micheal\DP2_99_04_200110b_06.jpg","2001 10 06 謝宛玲& Micheal","DP2_99_04_200110b_06",".jpg","130768"
"\\Aaa_nas\iast\18_豆皮藝文咖啡廳第二期\數位檔案_整理\04 打羊秀(2000-2005)\2001 10 06 謝宛玲& Micheal\DP2_99_04_200110b_07.jpg","2001 10 06 謝宛玲& Micheal","DP2_99_04_200110b_07",".jpg","402288"
"\\Aaa_nas\iast\18_豆皮藝文咖啡廳第二期\數位檔案_整理\04 打羊秀(2000-2005)\2001 10 06 謝宛玲& Micheal\DP2_99_04_200110b_08.jpg","2001 10 06 謝宛玲& Micheal","DP2_99_04_200110b_08",".jpg","407768"
"\\Aaa_nas\iast\18_豆皮藝文咖啡廳第二期\數位檔案_整理\04 打羊秀(2000-2005)\2001 10 06 謝宛玲& Micheal\DP2_99_04_200110b_09.jpg","2001 10 06 謝宛玲& Micheal","DP2_99_04_200110b_09",".jpg","287963"
"\\Aaa_nas\iast\18_豆皮藝文咖啡廳第二期\數位檔案_整理\04 打羊秀(2000-2005)\2001 10 06 謝宛玲& Micheal\DP2_99_04_200110b_10.jpg","2001 10 06 謝宛玲& Micheal","DP2_99_04_200110b_10",".jpg","156275"
"\\Aaa_nas\iast\18_豆皮藝文咖啡廳第二期\數位檔案_整理\04 打羊秀(2000-2005)\2001 10 06 謝宛玲& Micheal\DP2_99_04_200110b_11.jpg","2001 10 06 謝宛玲& Micheal","DP2_99_04_200110b_11",".jpg","149487"
"\\Aaa_nas\iast\18_豆皮藝文咖啡廳第二期\數位檔案_整理\04 打羊秀(2000-2005)\2001 10 羅永昌Unplug Music\DP2_99_04_200110c_01.jpg","2001 10 羅永昌Unplug Music","DP2_99_04_200110c_01",".jpg","89482"
"\\Aaa_nas\iast\18_豆皮藝文咖啡廳第二期\數位檔案_整理\04 打羊秀(2000-2005)\2001 10 羅永昌Unplug Music\DP2_99_04_200110c_02.jpg","2001 10 羅永昌Unplug Music","DP2_99_04_200110c_02",".jpg","98685"
"\\Aaa_nas\iast\18_豆皮藝文咖啡廳第二期\數位檔案_整理\04 打羊秀(2000-2005)\2001 10 羅永昌Unplug Music\DP2_99_04_200110c_03.jpg","2001 10 羅永昌Unplug Music","DP2_99_04_200110c_03",".jpg","99771"
"\\Aaa_nas\iast\18_豆皮藝文咖啡廳第二期\數位檔案_整理\04 打羊秀(2000-2005)\2001 10 羅永昌Unplug Music\DP2_99_04_200110c_04.jpg","2001 10 羅永昌Unplug Music","DP2_99_04_200110c_04",".jpg","83430"
"\\Aaa_nas\iast\18_豆皮藝文咖啡廳第二期\數位檔案_整理\04 打羊秀(2000-2005)\2001 10 羅永昌Unplug Music\DP2_99_04_200110c_05.jpg","2001 10 羅永昌Unplug Music","DP2_99_04_200110c_05",".jpg","170857"
"\\Aaa_nas\iast\18_豆皮藝文咖啡廳第二期\數位檔案_整理\04 打羊秀(2000-2005)\2001 10 羅永昌Unplug Music\DP2_99_04_200110c_06.jpg","2001 10 羅永昌Unplug Music","DP2_99_04_200110c_06",".jpg","81866"
"\\Aaa_nas\iast\18_豆皮藝文咖啡廳第二期\數位檔案_整理\04 打羊秀(2000-2005)\2001 10 羅永昌Unplug Music\DP2_99_04_200110c_07.jpg","2001 10 羅永昌Unplug Music","DP2_99_04_200110c_07",".jpg","113022"
"\\Aaa_nas\iast\18_豆皮藝文咖啡廳第二期\數位檔案_整理\04 打羊秀(2000-2005)\2001 10 羅永昌Unplug Music\DP2_99_04_200110c_08.jpg","2001 10 羅永昌Unplug Music","DP2_99_04_200110c_08",".jpg","155958"
"\\Aaa_nas\iast\18_豆皮藝文咖啡廳第二期\數位檔案_整理\04 打羊秀(2000-2005)\2001 10 羅永昌Unplug Music\DP2_99_04_200110c_09.jpg","2001 10 羅永昌Unplug Music","DP2_99_04_200110c_09",".jpg","107513"
"\\Aaa_nas\iast\18_豆皮藝文咖啡廳第二期\數位檔案_整理\04 打羊秀(2000-2005)\2001 10 羅永昌Unplug Music\DP2_99_04_200110c_10.jpg","2001 10 羅永昌Unplug Music","DP2_99_04_200110c_10",".jpg","75214"
"\\Aaa_nas\iast\18_豆皮藝文咖啡廳第二期\數位檔案_整理\04 打羊秀(2000-2005)\2001 10 羅永昌Unplug Music\DP2_99_04_200110c_11.jpg","2001 10 羅永昌Unplug Music","DP2_99_04_200110c_11",".jpg","93965"
"\\Aaa_nas\iast\18_豆皮藝文咖啡廳第二期\數位檔案_整理\04 打羊秀(2000-2005)\2001 10 羅永昌Unplug Music\DP2_99_04_200110c_12.jpg","2001 10 羅永昌Unplug Music","DP2_99_04_200110c_12",".jpg","83287"
"\\Aaa_nas\iast\18_豆皮藝文咖啡廳第二期\數位檔案_整理\04 打羊秀(2000-2005)\2001 10 羅永昌Unplug Music\DP2_99_04_200110c_13.jpg","2001 10 羅永昌Unplug Music","DP2_99_04_200110c_13",".jpg","83637"
"\\Aaa_nas\iast\18_豆皮藝文咖啡廳第二期\數位檔案_整理\04 打羊秀(2000-2005)\2001 10 羅永昌Unplug Music\DP2_99_04_200110c_14.jpg","2001 10 羅永昌Unplug Music","DP2_99_04_200110c_14",".jpg","88711"
"\\Aaa_nas\iast\18_豆皮藝文咖啡廳第二期\數位檔案_整理\04 打羊秀(2000-2005)\2001 10 羅永昌Unplug Music\DP2_99_04_200110c_15.jpg","2001 10 羅永昌Unplug Music","DP2_99_04_200110c_15",".jpg","119412"
"\\Aaa_nas\iast\18_豆皮藝文咖啡廳第二期\數位檔案_整理\04 打羊秀(2000-2005)\2001 10 羅永昌Unplug Music\DP2_99_04_200110c_16.jpg","2001 10 羅永昌Unplug Music","DP2_99_04_200110c_16",".jpg","102241"
"\\Aaa_nas\iast\18_豆皮藝文咖啡廳第二期\數位檔案_整理\04 打羊秀(2000-2005)\2001 10 羅永昌Unplug Music\DP2_99_04_200110c_17.jpg","2001 10 羅永昌Unplug Music","DP2_99_04_200110c_17",".jpg","105814"
"\\Aaa_nas\iast\18_豆皮藝文咖啡廳第二期\數位檔案_整理\04 打羊秀(2000-2005)\2001 10 羅永昌Unplug Music\DP2_99_04_200110c_18.jpg","2001 10 羅永昌Unplug Music","DP2_99_04_200110c_18",".jpg","105013"
"\\Aaa_nas\iast\18_豆皮藝文咖啡廳第二期\數位檔案_整理\04 打羊秀(2000-2005)\2001 10 羅永昌Unplug Music\DP2_99_04_200110c_19.jpg","2001 10 羅永昌Unplug Music","DP2_99_04_200110c_19",".jpg","105550"
"\\Aaa_nas\iast\18_豆皮藝文咖啡廳第二期\數位檔案_整理\04 打羊秀(2000-2005)\2001 10 羅永昌Unplug Music\DP2_99_04_200110c_20.jpg","2001 10 羅永昌Unplug Music","DP2_99_04_200110c_20",".jpg","88976"
"\\Aaa_nas\iast\18_豆皮藝文咖啡廳第二期\數位檔案_整理\04 打羊秀(2000-2005)\2001 10 羅永昌Unplug Music\DP2_99_04_200110c_21.jpg","2001 10 羅永昌Unplug Music","DP2_99_04_200110c_21",".jpg","89286"
"\\Aaa_nas\iast\18_豆皮藝文咖啡廳第二期\數位檔案_整理\04 打羊秀(2000-2005)\2001 10 羅永昌Unplug Music\DP2_99_04_200110c_22.jpg","2001 10 羅永昌Unplug Music","DP2_99_04_200110c_22",".jpg","111178"
"\\Aaa_nas\iast\18_豆皮藝文咖啡廳第二期\數位檔案_整理\04 打羊秀(2000-2005)\2001 10 羅永昌Unplug Music\DP2_99_04_200110c_23.jpg","2001 10 羅永昌Unplug Music","DP2_99_04_200110c_23",".jpg","93467"
"\\Aaa_nas\iast\18_豆皮藝文咖啡廳第二期\數位檔案_整理\04 打羊秀(2000-2005)\2001 10 羅永昌Unplug Music\DP2_99_04_200110c_24.jpg","2001 10 羅永昌Unplug Music","DP2_99_04_200110c_24",".jpg","84763"
"\\Aaa_nas\iast\18_豆皮藝文咖啡廳第二期\數位檔案_整理\04 打羊秀(2000-2005)\2001 10 羅永昌Unplug Music\DP2_99_04_200110c_25.jpg","2001 10 羅永昌Unplug Music","DP2_99_04_200110c_25",".jpg","100889"
"\\Aaa_nas\iast\18_豆皮藝文咖啡廳第二期\數位檔案_整理\04 打羊秀(2000-2005)\2001 11 Dizzy Daisy\DP2_99_04_200111a_01.JPG","2001 11 Dizzy Daisy","DP2_99_04_200111a_01",".JPG","331835"
"\\Aaa_nas\iast\18_豆皮藝文咖啡廳第二期\數位檔案_整理\04 打羊秀(2000-2005)\2001 11 Dizzy Daisy\DP2_99_04_200111a_02.JPG","2001 11 Dizzy Daisy","DP2_99_04_200111a_02",".JPG","680368"
"\\Aaa_nas\iast\18_豆皮藝文咖啡廳第二期\數位檔案_整理\04 打羊秀(2000-2005)\2001 11 Dizzy Daisy\DP2_99_04_200111a_03.jpg","2001 11 Dizzy Daisy","DP2_99_04_200111a_03",".jpg","64299"
"\\Aaa_nas\iast\18_豆皮藝文咖啡廳第二期\數位檔案_整理\04 打羊秀(2000-2005)\2001 11 Dizzy Daisy\DP2_99_04_200111a_04.JPG","2001 11 Dizzy Daisy","DP2_99_04_200111a_04",".JPG","27445"
"\\Aaa_nas\iast\18_豆皮藝文咖啡廳第二期\數位檔案_整理\04 打羊秀(2000-2005)\2001 11 Dizzy Daisy\DP2_99_04_200111a_05.JPG","2001 11 Dizzy Daisy","DP2_99_04_200111a_05",".JPG","26086"
"\\Aaa_nas\iast\18_豆皮藝文咖啡廳第二期\數位檔案_整理\04 打羊秀(2000-2005)\2001 11 Dizzy Daisy\DP2_99_04_200111a_06.JPG","2001 11 Dizzy Daisy","DP2_99_04_200111a_06",".JPG","19279"
"\\Aaa_nas\iast\18_豆皮藝文咖啡廳第二期\數位檔案_整理\04 打羊秀(2000-2005)\2001 11 Dizzy Daisy\DP2_99_04_200111a_07.JPG","2001 11 Dizzy Daisy","DP2_99_04_200111a_07",".JPG","28091"
"\\Aaa_nas\iast\18_豆皮藝文咖啡廳第二期\數位檔案_整理\04 打羊秀(2000-2005)\2001 11 Dizzy Daisy\DP2_99_04_200111a_08.JPG","2001 11 Dizzy Daisy","DP2_99_04_200111a_08",".JPG","825142"
"\\Aaa_nas\iast\18_豆皮藝文咖啡廳第二期\數位檔案_整理\04 打羊秀(2000-2005)\2001 11 Dizzy Daisy\DP2_99_04_200111a_09.JPG","2001 11 Dizzy Daisy","DP2_99_04_200111a_09",".JPG","339497"
"\\Aaa_nas\iast\18_豆皮藝文咖啡廳第二期\數位檔案_整理\04 打羊秀(2000-2005)\2001 11 Dizzy Daisy\DP2_99_04_200111a_10.JPG","2001 11 Dizzy Daisy","DP2_99_04_200111a_10",".JPG","334932"
"\\Aaa_nas\iast\18_豆皮藝文咖啡廳第二期\數位檔案_整理\04 打羊秀(2000-2005)\2001 11 Dizzy Daisy\DP2_99_04_200111a_11.JPG","2001 11 Dizzy Daisy","DP2_99_04_200111a_11",".JPG","350610"
"\\Aaa_nas\iast\18_豆皮藝文咖啡廳第二期\數位檔案_整理\04 打羊秀(2000-2005)\2001 11 Dizzy Daisy\DP2_99_04_200111a_12.JPG","2001 11 Dizzy Daisy","DP2_99_04_200111a_12",".JPG","343753"
"\\Aaa_nas\iast\18_豆皮藝文咖啡廳第二期\數位檔案_整理\04 打羊秀(2000-2005)\2001 11 Dizzy Daisy\DP2_99_04_200111a_13.JPG","2001 11 Dizzy Daisy","DP2_99_04_200111a_13",".JPG","346317"
"\\Aaa_nas\iast\18_豆皮藝文咖啡廳第二期\數位檔案_整理\04 打羊秀(2000-2005)\2001 11 Dizzy Daisy\DP2_99_04_200111a_14.JPG","2001 11 Dizzy Daisy","DP2_99_04_200111a_14",".JPG","336781"
"\\Aaa_nas\iast\18_豆皮藝文咖啡廳第二期\數位檔案_整理\04 打羊秀(2000-2005)\2001 11 Dizzy Daisy\DP2_99_04_200111a_15.JPG","2001 11 Dizzy Daisy","DP2_99_04_200111a_15",".JPG","348142"
"\\Aaa_nas\iast\18_豆皮藝文咖啡廳第二期\數位檔案_整理\04 打羊秀(2000-2005)\2001 11 Dizzy Daisy\DP2_99_04_200111a_16.JPG","2001 11 Dizzy Daisy","DP2_99_04_200111a_16",".JPG","349889"
"\\Aaa_nas\iast\18_豆皮藝文咖啡廳第二期\數位檔案_整理\04 打羊秀(2000-2005)\2001 11 Dizzy Daisy\DP2_99_04_200111a_17.JPG","2001 11 Dizzy Daisy","DP2_99_04_200111a_17",".JPG","339094"
"\\Aaa_nas\iast\18_豆皮藝文咖啡廳第二期\數位檔案_整理\04 打羊秀(2000-2005)\2001 11 Dizzy Daisy\DP2_99_04_200111a_18.JPG","2001 11 Dizzy Daisy","DP2_99_04_200111a_18",".JPG","338305"
"\\Aaa_nas\iast\18_豆皮藝文咖啡廳第二期\數位檔案_整理\04 打羊秀(2000-2005)\2001 11 Dizzy Daisy\DP2_99_04_200111a_19.JPG","2001 11 Dizzy Daisy","DP2_99_04_200111a_19",".JPG","350117"
"\\Aaa_nas\iast\18_豆皮藝文咖啡廳第二期\數位檔案_整理\04 打羊秀(2000-2005)\2001 11 Dizzy Daisy\DP2_99_04_200111a_20.JPG","2001 11 Dizzy Daisy","DP2_99_04_200111a_20",".JPG","338878"
"\\Aaa_nas\iast\18_豆皮藝文咖啡廳第二期\數位檔案_整理\04 打羊秀(2000-2005)\2001 11 Dizzy Daisy\DP2_99_04_200111a_21.JPG","2001 11 Dizzy Daisy","DP2_99_04_200111a_21",".JPG","338220"
"\\Aaa_nas\iast\18_豆皮藝文咖啡廳第二期\數位檔案_整理\04 打羊秀(2000-2005)\2001 11 Dizzy Daisy\DP2_99_04_200111a_22.JPG","2001 11 Dizzy Daisy","DP2_99_04_200111a_22",".JPG","337201"
"\\Aaa_nas\iast\18_豆皮藝文咖啡廳第二期\數位檔案_整理\04 打羊秀(2000-2005)\2001 11 Dizzy Daisy\DP2_99_04_200111a_23.JPG","2001 11 Dizzy Daisy","DP2_99_04_200111a_23",".JPG","328523"
"\\Aaa_nas\iast\18_豆皮藝文咖啡廳第二期\數位檔案_整理\04 打羊秀(2000-2005)\2001 11 Dizzy Daisy\DP2_99_04_200111a_24.JPG","2001 11 Dizzy Daisy","DP2_99_04_200111a_24",".JPG","341070"
"\\Aaa_nas\iast\18_豆皮藝文咖啡廳第二期\數位檔案_整理\04 打羊秀(2000-2005)\2001 11 Dizzy Daisy\DP2_99_04_200111a_25.JPG","2001 11 Dizzy Daisy","DP2_99_04_200111a_25",".JPG","339294"
"\\Aaa_nas\iast\18_豆皮藝文咖啡廳第二期\數位檔案_整理\04 打羊秀(2000-2005)\2001 11 Dizzy Daisy\DP2_99_04_200111a_26.JPG","2001 11 Dizzy Daisy","DP2_99_04_200111a_26",".JPG","349334"
"\\Aaa_nas\iast\18_豆皮藝文咖啡廳第二期\數位檔案_整理\04 打羊秀(2000-2005)\2001 11 Dizzy Daisy\DP2_99_04_200111a_27.JPG","2001 11 Dizzy Daisy","DP2_99_04_200111a_27",".JPG","341916"
"\\Aaa_nas\iast\18_豆皮藝文咖啡廳第二期\數位檔案_整理\04 打羊秀(2000-2005)\2001 11 Dizzy Daisy\DP2_99_04_200111a_28.JPG","2001 11 Dizzy Daisy","DP2_99_04_200111a_28",".JPG","339015"
"\\Aaa_nas\iast\18_豆皮藝文咖啡廳第二期\數位檔案_整理\04 打羊秀(2000-2005)\2001 11 Dizzy Daisy\DP2_99_04_200111a_29.JPG","2001 11 Dizzy Daisy","DP2_99_04_200111a_29",".JPG","340357"
"\\Aaa_nas\iast\18_豆皮藝文咖啡廳第二期\數位檔案_整理\04 打羊秀(2000-2005)\2001 11 Dizzy Daisy\DP2_99_04_200111a_30.JPG","2001 11 Dizzy Daisy","DP2_99_04_200111a_30",".JPG","353528"
"\\Aaa_nas\iast\18_豆皮藝文咖啡廳第二期\數位檔案_整理\04 打羊秀(2000-2005)\2001 11 Dizzy Daisy\DP2_99_04_200111a_31.JPG","2001 11 Dizzy Daisy","DP2_99_04_200111a_31",".JPG","353728"
"\\Aaa_nas\iast\18_豆皮藝文咖啡廳第二期\數位檔案_整理\04 打羊秀(2000-2005)\2001 11 Dizzy Daisy\DP2_99_04_200111a_32.JPG","2001 11 Dizzy Daisy","DP2_99_04_200111a_32",".JPG","351922"
"\\Aaa_nas\iast\18_豆皮藝文咖啡廳第二期\數位檔案_整理\04 打羊秀(2000-2005)\2001 11 Dizzy Daisy\DP2_99_04_200111a_33.JPG","2001 11 Dizzy Daisy","DP2_99_04_200111a_33",".JPG","351608"
"\\Aaa_nas\iast\18_豆皮藝文咖啡廳第二期\數位檔案_整理\04 打羊秀(2000-2005)\2001 11 Dizzy Daisy\DP2_99_04_200111a_34.JPG","2001 11 Dizzy Daisy","DP2_99_04_200111a_34",".JPG","342056"
"\\Aaa_nas\iast\18_豆皮藝文咖啡廳第二期\數位檔案_整理\04 打羊秀(2000-2005)\2001 11 Dizzy Daisy\DP2_99_04_200111a_35.JPG","2001 11 Dizzy Daisy","DP2_99_04_200111a_35",".JPG","350077"
"\\Aaa_nas\iast\18_豆皮藝文咖啡廳第二期\數位檔案_整理\04 打羊秀(2000-2005)\2001 11 Dizzy Daisy\DP2_99_04_200111a_36.JPG","2001 11 Dizzy Daisy","DP2_99_04_200111a_36",".JPG","353944"
"\\Aaa_nas\iast\18_豆皮藝文咖啡廳第二期\數位檔案_整理\04 打羊秀(2000-2005)\2001 11 Dizzy Daisy\DP2_99_04_200111a_37.JPG","2001 11 Dizzy Daisy","DP2_99_04_200111a_37",".JPG","350804"
"\\Aaa_nas\iast\18_豆皮藝文咖啡廳第二期\數位檔案_整理\04 打羊秀(2000-2005)\2001 11 Dizzy Daisy\DP2_99_04_200111a_38.JPG","2001 11 Dizzy Daisy","DP2_99_04_200111a_38",".JPG","356275"
"\\Aaa_nas\iast\18_豆皮藝文咖啡廳第二期\數位檔案_整理\04 打羊秀(2000-2005)\2001 11 Dizzy Daisy\DP2_99_04_200111a_39.JPG","2001 11 Dizzy Daisy","DP2_99_04_200111a_39",".JPG","354872"
"\\Aaa_nas\iast\18_豆皮藝文咖啡廳第二期\數位檔案_整理\04 打羊秀(2000-2005)\2001 11 Dizzy Daisy\DP2_99_04_200111a_40.JPG","2001 11 Dizzy Daisy","DP2_99_04_200111a_40",".JPG","347131"
"\\Aaa_nas\iast\18_豆皮藝文咖啡廳第二期\數位檔案_整理\04 打羊秀(2000-2005)\2001 11 Dizzy Daisy\DP2_99_04_200111a_41.JPG","2001 11 Dizzy Daisy","DP2_99_04_200111a_41",".JPG","336280"
"\\Aaa_nas\iast\18_豆皮藝文咖啡廳第二期\數位檔案_整理\04 打羊秀(2000-2005)\2001 11 Dizzy Daisy\DP2_99_04_200111a_42.JPG","2001 11 Dizzy Daisy","DP2_99_04_200111a_42",".JPG","330038"
"\\Aaa_nas\iast\18_豆皮藝文咖啡廳第二期\數位檔案_整理\04 打羊秀(2000-2005)\2001 11 Dizzy Daisy\DP2_99_04_200111a_43.JPG","2001 11 Dizzy Daisy","DP2_99_04_200111a_43",".JPG","347735"
"\\Aaa_nas\iast\18_豆皮藝文咖啡廳第二期\數位檔案_整理\04 打羊秀(2000-2005)\2001 11 Dizzy Daisy\DP2_99_04_200111a_44.JPG","2001 11 Dizzy Daisy","DP2_99_04_200111a_44",".JPG","338697"
"\\Aaa_nas\iast\18_豆皮藝文咖啡廳第二期\數位檔案_整理\04 打羊秀(2000-2005)\2001 11 Dizzy Daisy\DP2_99_04_200111a_45.JPG","2001 11 Dizzy Daisy","DP2_99_04_200111a_45",".JPG","344213"
"\\Aaa_nas\iast\18_豆皮藝文咖啡廳第二期\數位檔案_整理\04 打羊秀(2000-2005)\2001 11 Dizzy Daisy\DP2_99_04_200111a_46.JPG","2001 11 Dizzy Daisy","DP2_99_04_200111a_46",".JPG","337578"
"\\Aaa_nas\iast\18_豆皮藝文咖啡廳第二期\數位檔案_整理\04 打羊秀(2000-2005)\2001 11 Dizzy Daisy\DP2_99_04_200111a_47.JPG","2001 11 Dizzy Daisy","DP2_99_04_200111a_47",".JPG","340100"
"\\Aaa_nas\iast\18_豆皮藝文咖啡廳第二期\數位檔案_整理\04 打羊秀(2000-2005)\2001 11 Dizzy Daisy\DP2_99_04_200111a_48.JPG","2001 11 Dizzy Daisy","DP2_99_04_200111a_48",".JPG","341925"
"\\Aaa_nas\iast\18_豆皮藝文咖啡廳第二期\數位檔案_整理\04 打羊秀(2000-2005)\2001 11 Dizzy Daisy\DP2_99_04_200111a_49.JPG","2001 11 Dizzy Daisy","DP2_99_04_200111a_49",".JPG","329473"
"\\Aaa_nas\iast\18_豆皮藝文咖啡廳第二期\數位檔案_整理\04 打羊秀(2000-2005)\2001 11 Dizzy Daisy\DP2_99_04_200111a_50.JPG","2001 11 Dizzy Daisy","DP2_99_04_200111a_50",".JPG","328359"
"\\Aaa_nas\iast\18_豆皮藝文咖啡廳第二期\數位檔案_整理\04 打羊秀(2000-2005)\2001 11 Dizzy Daisy\DP2_99_04_200111a_51.JPG","2001 11 Dizzy Daisy","DP2_99_04_200111a_51",".JPG","329443"
"\\Aaa_nas\iast\18_豆皮藝文咖啡廳第二期\數位檔案_整理\04 打羊秀(2000-2005)\2001 11 Dizzy Daisy\DP2_99_04_200111a_52.JPG","2001 11 Dizzy Daisy","DP2_99_04_200111a_52",".JPG","319563"
"\\Aaa_nas\iast\18_豆皮藝文咖啡廳第二期\數位檔案_整理\04 打羊秀(2000-2005)\2001 11 Dizzy Daisy\DP2_99_04_200111a_53.JPG","2001 11 Dizzy Daisy","DP2_99_04_200111a_53",".JPG","337429"
"\\Aaa_nas\iast\18_豆皮藝文咖啡廳第二期\數位檔案_整理\04 打羊秀(2000-2005)\2001 11 Dizzy Daisy\DP2_99_04_200111a_54.JPG","2001 11 Dizzy Daisy","DP2_99_04_200111a_54",".JPG","340393"
"\\Aaa_nas\iast\18_豆皮藝文咖啡廳第二期\數位檔案_整理\04 打羊秀(2000-2005)\2001 11 Dizzy Daisy\DP2_99_04_200111a_55.JPG","2001 11 Dizzy Daisy","DP2_99_04_200111a_55",".JPG","340916"
"\\Aaa_nas\iast\18_豆皮藝文咖啡廳第二期\數位檔案_整理\04 打羊秀(2000-2005)\2001 11 Dizzy Daisy\DP2_99_04_200111a_56.JPG","2001 11 Dizzy Daisy","DP2_99_04_200111a_56",".JPG","346195"
"\\Aaa_nas\iast\18_豆皮藝文咖啡廳第二期\數位檔案_整理\04 打羊秀(2000-2005)\2001 11 Dizzy Daisy\DP2_99_04_200111a_57.JPG","2001 11 Dizzy Daisy","DP2_99_04_200111a_57",".JPG","352658"
"\\Aaa_nas\iast\18_豆皮藝文咖啡廳第二期\數位檔案_整理\04 打羊秀(2000-2005)\2001 11 Dizzy Daisy\DP2_99_04_200111a_58.JPG","2001 11 Dizzy Daisy","DP2_99_04_200111a_58",".JPG","351108"
"\\Aaa_nas\iast\18_豆皮藝文咖啡廳第二期\數位檔案_整理\04 打羊秀(2000-2005)\2001 11 Dizzy Daisy\DP2_99_04_200111a_59.JPG","2001 11 Dizzy Daisy","DP2_99_04_200111a_59",".JPG","353738"
"\\Aaa_nas\iast\18_豆皮藝文咖啡廳第二期\數位檔案_整理\04 打羊秀(2000-2005)\2001 11 Dizzy Daisy\DP2_99_04_200111a_60.JPG","2001 11 Dizzy Daisy","DP2_99_04_200111a_60",".JPG","351135"
"\\Aaa_nas\iast\18_豆皮藝文咖啡廳第二期\數位檔案_整理\04 打羊秀(2000-2005)\2001 11 Dizzy Daisy\DP2_99_04_200111a_61.JPG","2001 11 Dizzy Daisy","DP2_99_04_200111a_61",".JPG","351515"
"\\Aaa_nas\iast\18_豆皮藝文咖啡廳第二期\數位檔案_整理\04 打羊秀(2000-2005)\2001 11 Dizzy Daisy\DP2_99_04_200111a_62.JPG","2001 11 Dizzy Daisy","DP2_99_04_200111a_62",".JPG","346606"
"\\Aaa_nas\iast\18_豆皮藝文咖啡廳第二期\數位檔案_整理\04 打羊秀(2000-2005)\2001 11 Dizzy Daisy\DP2_99_04_200111a_63.JPG","2001 11 Dizzy Daisy","DP2_99_04_200111a_63",".JPG","341671"
"\\Aaa_nas\iast\18_豆皮藝文咖啡廳第二期\數位檔案_整理\04 打羊秀(2000-2005)\2001 11 Dizzy Daisy\DP2_99_04_200111a_64.JPG","2001 11 Dizzy Daisy","DP2_99_04_200111a_64",".JPG","345810"
"\\Aaa_nas\iast\18_豆皮藝文咖啡廳第二期\數位檔案_整理\04 打羊秀(2000-2005)\2001 11 Dizzy Daisy\DP2_99_04_200111a_65.JPG","2001 11 Dizzy Daisy","DP2_99_04_200111a_65",".JPG","343971"
"\\Aaa_nas\iast\18_豆皮藝文咖啡廳第二期\數位檔案_整理\04 打羊秀(2000-2005)\2001 11 Dizzy Daisy\DP2_99_04_200111a_66.JPG","2001 11 Dizzy Daisy","DP2_99_04_200111a_66",".JPG","336675"
"\\Aaa_nas\iast\18_豆皮藝文咖啡廳第二期\數位檔案_整理\04 打羊秀(2000-2005)\2001 11 Dizzy Daisy\DP2_99_04_200111a_67.JPG","2001 11 Dizzy Daisy","DP2_99_04_200111a_67",".JPG","352458"
"\\Aaa_nas\iast\18_豆皮藝文咖啡廳第二期\數位檔案_整理\04 打羊秀(2000-2005)\2001 11 Dizzy Daisy\DP2_99_04_200111a_68.JPG","2001 11 Dizzy Daisy","DP2_99_04_200111a_68",".JPG","329349"
"\\Aaa_nas\iast\18_豆皮藝文咖啡廳第二期\數位檔案_整理\04 打羊秀(2000-2005)\2001 11 Dizzy Daisy\DP2_99_04_200111a_69.JPG","2001 11 Dizzy Daisy","DP2_99_04_200111a_69",".JPG","344575"
"\\Aaa_nas\iast\18_豆皮藝文咖啡廳第二期\數位檔案_整理\04 打羊秀(2000-2005)\2001 11 Dizzy Daisy\DP2_99_04_200111a_70.JPG","2001 11 Dizzy Daisy","DP2_99_04_200111a_70",".JPG","349083"
"\\Aaa_nas\iast\18_豆皮藝文咖啡廳第二期\數位檔案_整理\04 打羊秀(2000-2005)\2001 11 Dizzy Daisy\DP2_99_04_200111a_71.JPG","2001 11 Dizzy Daisy","DP2_99_04_200111a_71",".JPG","344880"
"\\Aaa_nas\iast\18_豆皮藝文咖啡廳第二期\數位檔案_整理\04 打羊秀(2000-2005)\2001 11 Dizzy Daisy\DP2_99_04_200111a_72.JPG","2001 11 Dizzy Daisy","DP2_99_04_200111a_72",".JPG","344897"
"\\Aaa_nas\iast\18_豆皮藝文咖啡廳第二期\數位檔案_整理\04 打羊秀(2000-2005)\2001 11 Dizzy Daisy\DP2_99_04_200111a_73.JPG","2001 11 Dizzy Daisy","DP2_99_04_200111a_73",".JPG","342998"
"\\Aaa_nas\iast\18_豆皮藝文咖啡廳第二期\數位檔案_整理\04 打羊秀(2000-2005)\2001 11 Sour Jam (新生代童聲樂團)\DP2_99_04_200111b_01.jpg","2001 11 Sour Jam (新生代童聲樂團)","DP2_99_04_200111b_01",".jpg","109056"
"\\Aaa_nas\iast\18_豆皮藝文咖啡廳第二期\數位檔案_整理\04 打羊秀(2000-2005)\2001 11 Sour Jam (新生代童聲樂團)\DP2_99_04_200111b_02.jpg","2001 11 Sour Jam (新生代童聲樂團)","DP2_99_04_200111b_02",".jpg","98854"
"\\Aaa_nas\iast\18_豆皮藝文咖啡廳第二期\數位檔案_整理\04 打羊秀(2000-2005)\2001 11 Sour Jam (新生代童聲樂團)\DP2_99_04_200111b_03.jpg","2001 11 Sour Jam (新生代童聲樂團)","DP2_99_04_200111b_03",".jpg","98270"
"\\Aaa_nas\iast\18_豆皮藝文咖啡廳第二期\數位檔案_整理\04 打羊秀(2000-2005)\2001 11 Sour Jam (新生代童聲樂團)\DP2_99_04_200111b_04.jpg","2001 11 Sour Jam (新生代童聲樂團)","DP2_99_04_200111b_04",".jpg","104729"
"\\Aaa_nas\iast\18_豆皮藝文咖啡廳第二期\數位檔案_整理\04 打羊秀(2000-2005)\2001 11 Sour Jam (新生代童聲樂團)\DP2_99_04_200111b_05.jpg","2001 11 Sour Jam (新生代童聲樂團)","DP2_99_04_200111b_05",".jpg","107167"
"\\Aaa_nas\iast\18_豆皮藝文咖啡廳第二期\數位檔案_整理\04 打羊秀(2000-2005)\2001 11 Sour Jam (新生代童聲樂團)\DP2_99_04_200111b_06.jpg","2001 11 Sour Jam (新生代童聲樂團)","DP2_99_04_200111b_06",".jpg","105125"
"\\Aaa_nas\iast\18_豆皮藝文咖啡廳第二期\數位檔案_整理\04 打羊秀(2000-2005)\2001 11 Sour Jam (新生代童聲樂團)\DP2_99_04_200111b_07.jpg","2001 11 Sour Jam (新生代童聲樂團)","DP2_99_04_200111b_07",".jpg","105624"
"\\Aaa_nas\iast\18_豆皮藝文咖啡廳第二期\數位檔案_整理\04 打羊秀(2000-2005)\2001 11 Sour Jam (新生代童聲樂團)\DP2_99_04_200111b_08.jpg","2001 11 Sour Jam (新生代童聲樂團)","DP2_99_04_200111b_08",".jpg","105543"
"\\Aaa_nas\iast\18_豆皮藝文咖啡廳第二期\數位檔案_整理\04 打羊秀(2000-2005)\2001 11 陳志豪樂團\DP2_99_04_200111c_01.jpg","2001 11 陳志豪樂團","DP2_99_04_200111c_01",".jpg","109945"
"\\Aaa_nas\iast\18_豆皮藝文咖啡廳第二期\數位檔案_整理\04 打羊秀(2000-2005)\2001 11 陳志豪樂團\DP2_99_04_200111c_02.jpg","2001 11 陳志豪樂團","DP2_99_04_200111c_02",".jpg","98681"
"\\Aaa_nas\iast\18_豆皮藝文咖啡廳第二期\數位檔案_整理\04 打羊秀(2000-2005)\2001 11 陳志豪樂團\DP2_99_04_200111c_03.jpg","2001 11 陳志豪樂團","DP2_99_04_200111c_03",".jpg","117102"
"\\Aaa_nas\iast\18_豆皮藝文咖啡廳第二期\數位檔案_整理\04 打羊秀(2000-2005)\2001 12 08 Nicole Darcy (達妮)個人演唱會-和平\DP2_99_04_200112a_01.jpg","2001 12 08 Nicole Darcy (達妮)個人演唱會-和平","DP2_99_04_200112a_01",".jpg","132443"
"\\Aaa_nas\iast\18_豆皮藝文咖啡廳第二期\數位檔案_整理\04 打羊秀(2000-2005)\2001 12 08 Nicole Darcy (達妮)個人演唱會-和平\DP2_99_04_200112a_02.jpg","2001 12 08 Nicole Darcy (達妮)個人演唱會-和平","DP2_99_04_200112a_02",".jpg","190103"
"\\Aaa_nas\iast\18_豆皮藝文咖啡廳第二期\數位檔案_整理\04 打羊秀(2000-2005)\2002   -   2004\image0019.JPG","2002   -   2004","image0019",".JPG","2483465"
"\\Aaa_nas\iast\18_豆皮藝文咖啡廳第二期\數位檔案_整理\04 打羊秀(2000-2005)\2002   -   2004\image0020.JPG","2002   -   2004","image0020",".JPG","2054367"
"\\Aaa_nas\iast\18_豆皮藝文咖啡廳第二期\數位檔案_整理\04 打羊秀(2000-2005)\2002   -   2004\image0021.JPG","2002   -   2004","image0021",".JPG","2508621"
"\\Aaa_nas\iast\18_豆皮藝文咖啡廳第二期\數位檔案_整理\04 打羊秀(2000-2005)\2002   -   2004\image0022.JPG","2002   -   2004","image0022",".JPG","2045634"
"\\Aaa_nas\iast\18_豆皮藝文咖啡廳第二期\數位檔案_整理\04 打羊秀(2000-2005)\2002   -   2004\image0023.JPG","2002   -   2004","image0023",".JPG","1453764"
"\\Aaa_nas\iast\18_豆皮藝文咖啡廳第二期\數位檔案_整理\04 打羊秀(2000-2005)\2002   -   2004\image0024.JPG","2002   -   2004","image0024",".JPG","2434180"
"\\Aaa_nas\iast\18_豆皮藝文咖啡廳第二期\數位檔案_整理\04 打羊秀(2000-2005)\2002   -   2004\image0025.JPG","2002   -   2004","image0025",".JPG","2354947"
"\\Aaa_nas\iast\18_豆皮藝文咖啡廳第二期\數位檔案_整理\04 打羊秀(2000-2005)\2002   -   2004\image0026.JPG","2002   -   2004","image0026",".JPG","1437878"
"\\Aaa_nas\iast\18_豆皮藝文咖啡廳第二期\數位檔案_整理\04 打羊秀(2000-2005)\2002   -   2004\image0027.JPG","2002   -   2004","image0027",".JPG","2359943"
"\\Aaa_nas\iast\18_豆皮藝文咖啡廳第二期\數位檔案_整理\04 打羊秀(2000-2005)\2002   -   2004\image0028.JPG","2002   -   2004","image0028",".JPG","2394468"
"\\Aaa_nas\iast\18_豆皮藝文咖啡廳第二期\數位檔案_整理\04 打羊秀(2000-2005)\2002   -   2004\image0029.JPG","2002   -   2004","image0029",".JPG","1602337"
"\\Aaa_nas\iast\18_豆皮藝文咖啡廳第二期\數位檔案_整理\04 打羊秀(2000-2005)\2002   -   2004\image0030.JPG","2002   -   2004","image0030",".JPG","1564354"
"\\Aaa_nas\iast\18_豆皮藝文咖啡廳第二期\數位檔案_整理\04 打羊秀(2000-2005)\2002   -   2004\image0031.JPG","2002   -   2004","image0031",".JPG","1463671"
"\\Aaa_nas\iast\18_豆皮藝文咖啡廳第二期\數位檔案_整理\04 打羊秀(2000-2005)\2002   -   2004\image0032.JPG","2002   -   2004","image0032",".JPG","1434419"
"\\Aaa_nas\iast\18_豆皮藝文咖啡廳第二期\數位檔案_整理\04 打羊秀(2000-2005)\2002   -   2004\image0033.JPG","2002   -   2004","image0033",".JPG","1428174"
"\\Aaa_nas\iast\18_豆皮藝文咖啡廳第二期\數位檔案_整理\04 打羊秀(2000-2005)\2002   -   2004\image0034.JPG","2002   -   2004","image0034",".JPG","1337138"
"\\Aaa_nas\iast\18_豆皮藝文咖啡廳第二期\數位檔案_整理\04 打羊秀(2000-2005)\2002   -   2004\image0035.JPG","2002   -   2004","image0035",".JPG","1319198"
"\\Aaa_nas\iast\18_豆皮藝文咖啡廳第二期\數位檔案_整理\04 打羊秀(2000-2005)\2002   -   2004\image0036.JPG","2002   -   2004","image0036",".JPG","1304248"
"\\Aaa_nas\iast\18_豆皮藝文咖啡廳第二期\數位檔案_整理\04 打羊秀(2000-2005)\2002   -   2004\image0037.JPG","2002   -   2004","image0037",".JPG","1366025"
"\\Aaa_nas\iast\18_豆皮藝文咖啡廳第二期\數位檔案_整理\04 打羊秀(2000-2005)\2002   -   2004\image0038.JPG","2002   -   2004","image0038",".JPG","1257624"
"\\Aaa_nas\iast\18_豆皮藝文咖啡廳第二期\數位檔案_整理\04 打羊秀(2000-2005)\2002   -   2004\image0039.JPG","2002   -   2004","image0039",".JPG","1185257"
"\\Aaa_nas\iast\18_豆皮藝文咖啡廳第二期\數位檔案_整理\04 打羊秀(2000-2005)\2002   -   2004\image0040.JPG","2002   -   2004","image0040",".JPG","1210835"
"\\Aaa_nas\iast\18_豆皮藝文咖啡廳第二期\數位檔案_整理\04 打羊秀(2000-2005)\2002   -   2004\image0049.JPG","2002   -   2004","image0049",".JPG","1378505"
"\\Aaa_nas\iast\18_豆皮藝文咖啡廳第二期\數位檔案_整理\04 打羊秀(2000-2005)\2002   -   2004\image0050.JPG","2002   -   2004","image0050",".JPG","1467728"
"\\Aaa_nas\iast\18_豆皮藝文咖啡廳第二期\數位檔案_整理\04 打羊秀(2000-2005)\2002   -   2004\image0051.JPG","2002   -   2004","image0051",".JPG","1393822"
"\\Aaa_nas\iast\18_豆皮藝文咖啡廳第二期\數位檔案_整理\04 打羊秀(2000-2005)\2002   -   2004\image0052.JPG","2002   -   2004","image0052",".JPG","1412326"
"\\Aaa_nas\iast\18_豆皮藝文咖啡廳第二期\數位檔案_整理\04 打羊秀(2000-2005)\2002   -   2004\image0053.JPG","2002   -   2004","image0053",".JPG","1336303"
"\\Aaa_nas\iast\18_豆皮藝文咖啡廳第二期\數位檔案_整理\04 打羊秀(2000-2005)\2002   -   2004\image0054.JPG","2002   -   2004","image0054",".JPG","1419618"
"\\Aaa_nas\iast\18_豆皮藝文咖啡廳第二期\數位檔案_整理\04 打羊秀(2000-2005)\2002   -   2004\image0055.JPG","2002   -   2004","image0055",".JPG","1442168"
"\\Aaa_nas\iast\18_豆皮藝文咖啡廳第二期\數位檔案_整理\04 打羊秀(2000-2005)\2002   -   2004\image0056.JPG","2002   -   2004","image0056",".JPG","1427507"
"\\Aaa_nas\iast\18_豆皮藝文咖啡廳第二期\數位檔案_整理\04 打羊秀(2000-2005)\2002   -   2004\image0057.JPG","2002   -   2004","image0057",".JPG","1331219"
"\\Aaa_nas\iast\18_豆皮藝文咖啡廳第二期\數位檔案_整理\04 打羊秀(2000-2005)\2002   -   2004\image0058.JPG","2002   -   2004","image0058",".JPG","1463190"
"\\Aaa_nas\iast\18_豆皮藝文咖啡廳第二期\數位檔案_整理\04 打羊秀(2000-2005)\2002   -   2004\image0059.JPG","2002   -   2004","image0059",".JPG","1567350"
"\\Aaa_nas\iast\18_豆皮藝文咖啡廳第二期\數位檔案_整理\04 打羊秀(2000-2005)\2002   -   2004\image0060.JPG","2002   -   2004","image0060",".JPG","1419049"
"\\Aaa_nas\iast\18_豆皮藝文咖啡廳第二期\數位檔案_整理\04 打羊秀(2000-2005)\2002   -   2004\image0061.JPG","2002   -   2004","image0061",".JPG","1426569"
"\\Aaa_nas\iast\18_豆皮藝文咖啡廳第二期\數位檔案_整理\04 打羊秀(2000-2005)\2002   -   2004\image0062.JPG","2002   -   2004","image0062",".JPG","1391347"
"\\Aaa_nas\iast\18_豆皮藝文咖啡廳第二期\數位檔案_整理\04 打羊秀(2000-2005)\2002   -   2004\image0063.JPG","2002   -   2004","image0063",".JPG","1353887"
"\\Aaa_nas\iast\18_豆皮藝文咖啡廳第二期\數位檔案_整理\04 打羊秀(2000-2005)\2002   -   2004\image0064.JPG","2002   -   2004","image0064",".JPG","1333316"
"\\Aaa_nas\iast\18_豆皮藝文咖啡廳第二期\數位檔案_整理\04 打羊秀(2000-2005)\2002   -   2004\image0065.JPG","2002   -   2004","image0065",".JPG","1407358"
"\\Aaa_nas\iast\18_豆皮藝文咖啡廳第二期\數位檔案_整理\04 打羊秀(2000-2005)\2002   -   2004\image0066.JPG","2002   -   2004","image0066",".JPG","1386880"
"\\Aaa_nas\iast\18_豆皮藝文咖啡廳第二期\數位檔案_整理\04 打羊秀(2000-2005)\2002 01 05 DJ Davis (巫國華)\DP2_99_04_200201a_01.JPG","2002 01 05 DJ Davis (巫國華)","DP2_99_04_200201a_01",".JPG","19273"
"\\Aaa_nas\iast\18_豆皮藝文咖啡廳第二期\數位檔案_整理\04 打羊秀(2000-2005)\2002 01 05 DJ Davis (巫國華)\DP2_99_04_200201a_02.JPG","2002 01 05 DJ Davis (巫國華)","DP2_99_04_200201a_02",".JPG","14566"
"\\Aaa_nas\iast\18_豆皮藝文咖啡廳第二期\數位檔案_整理\04 打羊秀(2000-2005)\2002 01 05 DJ Davis (巫國華)\DP2_99_04_200201a_03.JPG","2002 01 05 DJ Davis (巫國華)","DP2_99_04_200201a_03",".JPG","15409"
"\\Aaa_nas\iast\18_豆皮藝文咖啡廳第二期\數位檔案_整理\04 打羊秀(2000-2005)\2002 01 05 DJ Davis (巫國華)\DP2_99_04_200201a_04.JPG","2002 01 05 DJ Davis (巫國華)","DP2_99_04_200201a_04",".JPG","19746"
"\\Aaa_nas\iast\18_豆皮藝文咖啡廳第二期\數位檔案_整理\04 打羊秀(2000-2005)\2002 01 05 DJ Davis (巫國華)\DP2_99_04_200201a_05.JPG","2002 01 05 DJ Davis (巫國華)","DP2_99_04_200201a_05",".JPG","19115"
"\\Aaa_nas\iast\18_豆皮藝文咖啡廳第二期\數位檔案_整理\04 打羊秀(2000-2005)\2002 01 05 DJ Davis (巫國華)\DP2_99_04_200201a_06.JPG","2002 01 05 DJ Davis (巫國華)","DP2_99_04_200201a_06",".JPG","346899"
"\\Aaa_nas\iast\18_豆皮藝文咖啡廳第二期\數位檔案_整理\04 打羊秀(2000-2005)\2002 01 05 DJ Davis (巫國華)\DP2_99_04_200201a_07.JPG","2002 01 05 DJ Davis (巫國華)","DP2_99_04_200201a_07",".JPG","329935"
"\\Aaa_nas\iast\18_豆皮藝文咖啡廳第二期\數位檔案_整理\04 打羊秀(2000-2005)\2002 01 05 DJ Davis (巫國華)\DP2_99_04_200201a_08.JPG","2002 01 05 DJ Davis (巫國華)","DP2_99_04_200201a_08",".JPG","358340"
"\\Aaa_nas\iast\18_豆皮藝文咖啡廳第二期\數位檔案_整理\04 打羊秀(2000-2005)\2002 01 05 DJ Davis (巫國華)\DP2_99_04_200201a_09.JPG","2002 01 05 DJ Davis (巫國華)","DP2_99_04_200201a_09",".JPG","337401"
"\\Aaa_nas\iast\18_豆皮藝文咖啡廳第二期\數位檔案_整理\04 打羊秀(2000-2005)\2002 01 05 DJ Davis (巫國華)\DP2_99_04_200201a_10.JPG","2002 01 05 DJ Davis (巫國華)","DP2_99_04_200201a_10",".JPG","348378"
"\\Aaa_nas\iast\18_豆皮藝文咖啡廳第二期\數位檔案_整理\04 打羊秀(2000-2005)\2002 01 05 DJ Davis (巫國華)\DP2_99_04_200201a_11.JPG","2002 01 05 DJ Davis (巫國華)","DP2_99_04_200201a_11",".JPG","350098"
"\\Aaa_nas\iast\18_豆皮藝文咖啡廳第二期\數位檔案_整理\04 打羊秀(2000-2005)\2002 01 05 DJ Davis (巫國華)\DP2_99_04_200201a_12.JPG","2002 01 05 DJ Davis (巫國華)","DP2_99_04_200201a_12",".JPG","348989"
"\\Aaa_nas\iast\18_豆皮藝文咖啡廳第二期\數位檔案_整理\04 打羊秀(2000-2005)\2002 01 05 DJ Davis (巫國華)\DP2_99_04_200201a_13.JPG","2002 01 05 DJ Davis (巫國華)","DP2_99_04_200201a_13",".JPG","351970"
"\\Aaa_nas\iast\18_豆皮藝文咖啡廳第二期\數位檔案_整理\04 打羊秀(2000-2005)\2002 01 05 DJ Davis (巫國華)\DP2_99_04_200201a_14.JPG","2002 01 05 DJ Davis (巫國華)","DP2_99_04_200201a_14",".JPG","340559"
"\\Aaa_nas\iast\18_豆皮藝文咖啡廳第二期\數位檔案_整理\04 打羊秀(2000-2005)\2002 01 05 DJ Davis (巫國華)\DP2_99_04_200201a_15.JPG","2002 01 05 DJ Davis (巫國華)","DP2_99_04_200201a_15",".JPG","321446"
"\\Aaa_nas\iast\18_豆皮藝文咖啡廳第二期\數位檔案_整理\04 打羊秀(2000-2005)\2002 01 05 DJ Davis (巫國華)\DP2_99_04_200201a_16.JPG","2002 01 05 DJ Davis (巫國華)","DP2_99_04_200201a_16",".JPG","327390"
"\\Aaa_nas\iast\18_豆皮藝文咖啡廳第二期\數位檔案_整理\04 打羊秀(2000-2005)\2002 02 23 黃藍白之朱肇群 樂友會\DP2_99_04_200202a_01.jpg","2002 02 23 黃藍白之朱肇群 樂友會","DP2_99_04_200202a_01",".jpg","254399"
"\\Aaa_nas\iast\18_豆皮藝文咖啡廳第二期\數位檔案_整理\04 打羊秀(2000-2005)\2002 02 23 黃藍白之朱肇群 樂友會\朱肇群.doc","2002 02 23 黃藍白之朱肇群 樂友會","朱肇群",".doc","23040"
"\\Aaa_nas\iast\18_豆皮藝文咖啡廳第二期\數位檔案_整理\04 打羊秀(2000-2005)\2002 02 28 淡水走唱團之謝武吉\DP2_99_04_200202b_01.jpg","2002 02 28 淡水走唱團之謝武吉","DP2_99_04_200202b_01",".jpg","124674"
"\\Aaa_nas\iast\18_豆皮藝文咖啡廳第二期\數位檔案_整理\04 打羊秀(2000-2005)\2002 02 28 淡水走唱團之謝武吉\DP2_99_04_200202b_02.bmp","2002 02 28 淡水走唱團之謝武吉","DP2_99_04_200202b_02",".bmp","5940054"
"\\Aaa_nas\iast\18_豆皮藝文咖啡廳第二期\數位檔案_整理\04 打羊秀(2000-2005)\2002 02 28 淡水走唱團之謝武吉\DP2_99_04_200202b_03.jpg","2002 02 28 淡水走唱團之謝武吉","DP2_99_04_200202b_03",".jpg","136381"
"\\Aaa_nas\iast\18_豆皮藝文咖啡廳第二期\數位檔案_整理\04 打羊秀(2000-2005)\2002 02 28 淡水走唱團之謝武吉\DP2_99_04_200202b_04.jpg","2002 02 28 淡水走唱團之謝武吉","DP2_99_04_200202b_04",".jpg","164127"
"\\Aaa_nas\iast\18_豆皮藝文咖啡廳第二期\數位檔案_整理\04 打羊秀(2000-2005)\2002 02 28 淡水走唱團之謝武吉\DP2_99_04_200202b_05.JPG","2002 02 28 淡水走唱團之謝武吉","DP2_99_04_200202b_05",".JPG","7692"
"\\Aaa_nas\iast\18_豆皮藝文咖啡廳第二期\數位檔案_整理\04 打羊秀(2000-2005)\2002 02 28 淡水走唱團之謝武吉\豬頭偏新台灣鄉村樂謝武吉.doc","2002 02 28 淡水走唱團之謝武吉","豬頭偏新台灣鄉村樂謝武吉",".doc","19456"
"\\Aaa_nas\iast\18_豆皮藝文咖啡廳第二期\數位檔案_整理\04 打羊秀(2000-2005)\2002 03 29-31 Wake Up(威爾剛)\DP2_99_04_200203a_01.jpg","2002 03 29-31 Wake Up(威爾剛)","DP2_99_04_200203a_01",".jpg","3807583"
"\\Aaa_nas\iast\18_豆皮藝文咖啡廳第二期\數位檔案_整理\04 打羊秀(2000-2005)\2002 05 04 建豪及施佑琳 現代爵士樂\DP2_99_04_200205a_01.jpg","2002 05 04 建豪及施佑琳 現代爵士樂","DP2_99_04_200205a_01",".jpg","91625"
"\\Aaa_nas\iast\18_豆皮藝文咖啡廳第二期\數位檔案_整理\04 打羊秀(2000-2005)\2002 05 04 建豪及施佑琳 現代爵士樂\DP2_99_04_200205a_02.jpg","2002 05 04 建豪及施佑琳 現代爵士樂","DP2_99_04_200205a_02",".jpg","98149"
"\\Aaa_nas\iast\18_豆皮藝文咖啡廳第二期\數位檔案_整理\04 打羊秀(2000-2005)\2002 05 18 陳衍宏 五月的黑色浪漫\DP2_99_04_200205b_01.jpg","2002 05 18 陳衍宏 五月的黑色浪漫","DP2_99_04_200205b_01",".jpg","91554"
"\\Aaa_nas\iast\18_豆皮藝文咖啡廳第二期\數位檔案_整理\04 打羊秀(2000-2005)\2002 05 18 陳衍宏 五月的黑色浪漫\DP2_99_04_200205b_02.jpg","2002 05 18 陳衍宏 五月的黑色浪漫","DP2_99_04_200205b_02",".jpg","84931"
"\\Aaa_nas\iast\18_豆皮藝文咖啡廳第二期\數位檔案_整理\04 打羊秀(2000-2005)\2002 05 18 陳衍宏 五月的黑色浪漫\DP2_99_04_200205b_03.jpg","2002 05 18 陳衍宏 五月的黑色浪漫","DP2_99_04_200205b_03",".jpg","89558"
"\\Aaa_nas\iast\18_豆皮藝文咖啡廳第二期\數位檔案_整理\04 打羊秀(2000-2005)\2002 05 18 陳衍宏 五月的黑色浪漫\DP2_99_04_200205b_04.jpg","2002 05 18 陳衍宏 五月的黑色浪漫","DP2_99_04_200205b_04",".jpg","88425"
"\\Aaa_nas\iast\18_豆皮藝文咖啡廳第二期\數位檔案_整理\04 打羊秀(2000-2005)\2002 05 18 陳衍宏 五月的黑色浪漫\DP2_99_04_200205b_05.jpg","2002 05 18 陳衍宏 五月的黑色浪漫","DP2_99_04_200205b_05",".jpg","56537"
"\\Aaa_nas\iast\18_豆皮藝文咖啡廳第二期\數位檔案_整理\04 打羊秀(2000-2005)\2002 05 18 陳衍宏 五月的黑色浪漫\DP2_99_04_200205b_06.jpg","2002 05 18 陳衍宏 五月的黑色浪漫","DP2_99_04_200205b_06",".jpg","85454"
"\\Aaa_nas\iast\18_豆皮藝文咖啡廳第二期\數位檔案_整理\04 打羊秀(2000-2005)\2002 05 18 陳衍宏 五月的黑色浪漫\DP2_99_04_200205b_07.jpg","2002 05 18 陳衍宏 五月的黑色浪漫","DP2_99_04_200205b_07",".jpg","109504"
"\\Aaa_nas\iast\18_豆皮藝文咖啡廳第二期\數位檔案_整理\04 打羊秀(2000-2005)\2002 05 18 陳衍宏 五月的黑色浪漫\五月的黑色浪漫.doc","2002 05 18 陳衍宏 五月的黑色浪漫","五月的黑色浪漫",".doc","24576"
"\\Aaa_nas\iast\18_豆皮藝文咖啡廳第二期\數位檔案_整理\04 打羊秀(2000-2005)\2002 06 01 謎樣樂團之盧律銘\DP2_99_04_200206a_01.jpg","2002 06 01 謎樣樂團之盧律銘","DP2_99_04_200206a_01",".jpg","73114"
"\\Aaa_nas\iast\18_豆皮藝文咖啡廳第二期\數位檔案_整理\04 打羊秀(2000-2005)\2002 06 01 謎樣樂團之盧律銘\DP2_99_04_200206a_02.jpg","2002 06 01 謎樣樂團之盧律銘","DP2_99_04_200206a_02",".jpg","78142"
"\\Aaa_nas\iast\18_豆皮藝文咖啡廳第二期\數位檔案_整理\04 打羊秀(2000-2005)\2002 06 01 謎樣樂團之盧律銘\DP2_99_04_200206a_03.JPG","2002 06 01 謎樣樂團之盧律銘","DP2_99_04_200206a_03",".JPG","876848"
"\\Aaa_nas\iast\18_豆皮藝文咖啡廳第二期\數位檔案_整理\04 打羊秀(2000-2005)\2002 06 01 謎樣樂團之盧律銘\DP2_99_04_200206a_04.JPG","2002 06 01 謎樣樂團之盧律銘","DP2_99_04_200206a_04",".JPG","865689"
"\\Aaa_nas\iast\18_豆皮藝文咖啡廳第二期\數位檔案_整理\04 打羊秀(2000-2005)\2002 06 01 謎樣樂團之盧律銘\DP2_99_04_200206a_05.JPG","2002 06 01 謎樣樂團之盧律銘","DP2_99_04_200206a_05",".JPG","853137"
"\\Aaa_nas\iast\18_豆皮藝文咖啡廳第二期\數位檔案_整理\04 打羊秀(2000-2005)\2002 06 01 謎樣樂團之盧律銘\DP2_99_04_200206a_06.JPG","2002 06 01 謎樣樂團之盧律銘","DP2_99_04_200206a_06",".JPG","923055"
"\\Aaa_nas\iast\18_豆皮藝文咖啡廳第二期\數位檔案_整理\04 打羊秀(2000-2005)\2002 06 01 謎樣樂團之盧律銘\DP2_99_04_200206a_07.JPG","2002 06 01 謎樣樂團之盧律銘","DP2_99_04_200206a_07",".JPG","892402"
"\\Aaa_nas\iast\18_豆皮藝文咖啡廳第二期\數位檔案_整理\04 打羊秀(2000-2005)\2002 06 01 謎樣樂團之盧律銘\DP2_99_04_200206a_08.JPG","2002 06 01 謎樣樂團之盧律銘","DP2_99_04_200206a_08",".JPG","861951"
"\\Aaa_nas\iast\18_豆皮藝文咖啡廳第二期\數位檔案_整理\04 打羊秀(2000-2005)\2002 06 01 謎樣樂團之盧律銘\DP2_99_04_200206a_09.JPG","2002 06 01 謎樣樂團之盧律銘","DP2_99_04_200206a_09",".JPG","877503"
"\\Aaa_nas\iast\18_豆皮藝文咖啡廳第二期\數位檔案_整理\04 打羊秀(2000-2005)\2002 06 01 謎樣樂團之盧律銘\DP2_99_04_200206a_10.JPG","2002 06 01 謎樣樂團之盧律銘","DP2_99_04_200206a_10",".JPG","904974"
"\\Aaa_nas\iast\18_豆皮藝文咖啡廳第二期\數位檔案_整理\04 打羊秀(2000-2005)\2002 06 01 謎樣樂團之盧律銘\DP2_99_04_200206a_11.JPG","2002 06 01 謎樣樂團之盧律銘","DP2_99_04_200206a_11",".JPG","143538"
"\\Aaa_nas\iast\18_豆皮藝文咖啡廳第二期\數位檔案_整理\04 打羊秀(2000-2005)\2002 09 07 Carol (黎芳如、卡肉)\DP2_99_04_200209a_01.JPG","2002 09 07 Carol (黎芳如、卡肉)","DP2_99_04_200209a_01",".JPG","853389"
"\\Aaa_nas\iast\18_豆皮藝文咖啡廳第二期\數位檔案_整理\04 打羊秀(2000-2005)\2002 09 07 Carol (黎芳如、卡肉)\DP2_99_04_200209a_02.JPG","2002 09 07 Carol (黎芳如、卡肉)","DP2_99_04_200209a_02",".JPG","396758"
"\\Aaa_nas\iast\18_豆皮藝文咖啡廳第二期\數位檔案_整理\04 打羊秀(2000-2005)\2002 09 07 Carol (黎芳如、卡肉)\DP2_99_04_200209a_03.JPG","2002 09 07 Carol (黎芳如、卡肉)","DP2_99_04_200209a_03",".JPG","341436"
"\\Aaa_nas\iast\18_豆皮藝文咖啡廳第二期\數位檔案_整理\04 打羊秀(2000-2005)\2002 09 07 Carol (黎芳如、卡肉)\DP2_99_04_200209a_04.JPG","2002 09 07 Carol (黎芳如、卡肉)","DP2_99_04_200209a_04",".JPG","325523"
"\\Aaa_nas\iast\18_豆皮藝文咖啡廳第二期\數位檔案_整理\04 打羊秀(2000-2005)\2002 09 07 Carol (黎芳如、卡肉)\DP2_99_04_200209a_05.JPG","2002 09 07 Carol (黎芳如、卡肉)","DP2_99_04_200209a_05",".JPG","360118"
"\\Aaa_nas\iast\18_豆皮藝文咖啡廳第二期\數位檔案_整理\04 打羊秀(2000-2005)\2002 09 07 Carol (黎芳如、卡肉)\DP2_99_04_200209a_06.JPG","2002 09 07 Carol (黎芳如、卡肉)","DP2_99_04_200209a_06",".JPG","827563"
"\\Aaa_nas\iast\18_豆皮藝文咖啡廳第二期\數位檔案_整理\04 打羊秀(2000-2005)\2002 09 07 Carol (黎芳如、卡肉)\DP2_99_04_200209a_07.JPG","2002 09 07 Carol (黎芳如、卡肉)","DP2_99_04_200209a_07",".JPG","316916"
"\\Aaa_nas\iast\18_豆皮藝文咖啡廳第二期\數位檔案_整理\04 打羊秀(2000-2005)\2002 09 07 Carol (黎芳如、卡肉)\DP2_99_04_200209a_08.JPG","2002 09 07 Carol (黎芳如、卡肉)","DP2_99_04_200209a_08",".JPG","278953"
"\\Aaa_nas\iast\18_豆皮藝文咖啡廳第二期\數位檔案_整理\04 打羊秀(2000-2005)\2002 09 07 Carol (黎芳如、卡肉)\DP2_99_04_200209a_09.JPG","2002 09 07 Carol (黎芳如、卡肉)","DP2_99_04_200209a_09",".JPG","300499"
"\\Aaa_nas\iast\18_豆皮藝文咖啡廳第二期\數位檔案_整理\04 打羊秀(2000-2005)\2002 09 07 Carol (黎芳如、卡肉)\DP2_99_04_200209a_10.JPG","2002 09 07 Carol (黎芳如、卡肉)","DP2_99_04_200209a_10",".JPG","385743"
"\\Aaa_nas\iast\18_豆皮藝文咖啡廳第二期\數位檔案_整理\04 打羊秀(2000-2005)\2002 09 07 Carol (黎芳如、卡肉)\DP2_99_04_200209a_11.JPG","2002 09 07 Carol (黎芳如、卡肉)","DP2_99_04_200209a_11",".JPG","414341"
"\\Aaa_nas\iast\18_豆皮藝文咖啡廳第二期\數位檔案_整理\04 打羊秀(2000-2005)\2002 09 07 Carol (黎芳如、卡肉)\DP2_99_04_200209a_12.JPG","2002 09 07 Carol (黎芳如、卡肉)","DP2_99_04_200209a_12",".JPG","271707"
"\\Aaa_nas\iast\18_豆皮藝文咖啡廳第二期\數位檔案_整理\04 打羊秀(2000-2005)\2002 09 07 Carol (黎芳如、卡肉)\DP2_99_04_200209a_13.JPG","2002 09 07 Carol (黎芳如、卡肉)","DP2_99_04_200209a_13",".JPG","864673"
"\\Aaa_nas\iast\18_豆皮藝文咖啡廳第二期\數位檔案_整理\04 打羊秀(2000-2005)\2002 09 07 Carol (黎芳如、卡肉)\DP2_99_04_200209a_14.JPG","2002 09 07 Carol (黎芳如、卡肉)","DP2_99_04_200209a_14",".JPG","868014"
"\\Aaa_nas\iast\18_豆皮藝文咖啡廳第二期\數位檔案_整理\04 打羊秀(2000-2005)\2002 09 07 Carol (黎芳如、卡肉)\DP2_99_04_200209a_15.JPG","2002 09 07 Carol (黎芳如、卡肉)","DP2_99_04_200209a_15",".JPG","874412"
"\\Aaa_nas\iast\18_豆皮藝文咖啡廳第二期\數位檔案_整理\04 打羊秀(2000-2005)\2002 09 07 Carol (黎芳如、卡肉)\DP2_99_04_200209a_16.JPG","2002 09 07 Carol (黎芳如、卡肉)","DP2_99_04_200209a_16",".JPG","850866"
"\\Aaa_nas\iast\18_豆皮藝文咖啡廳第二期\數位檔案_整理\04 打羊秀(2000-2005)\2002 09 07 Carol (黎芳如、卡肉)\DP2_99_04_200209a_17.JPG","2002 09 07 Carol (黎芳如、卡肉)","DP2_99_04_200209a_17",".JPG","117260"
"\\Aaa_nas\iast\18_豆皮藝文咖啡廳第二期\數位檔案_整理\04 打羊秀(2000-2005)\2003 03 30 蘇瑋婷\蘇瑋婷曲目 1.wma","2003 03 30 蘇瑋婷","蘇瑋婷曲目 1",".wma","4861350"
"\\Aaa_nas\iast\18_豆皮藝文咖啡廳第二期\數位檔案_整理\04 打羊秀(2000-2005)\2003 03 30 蘇瑋婷\蘇瑋婷曲目 2.wma","2003 03 30 蘇瑋婷","蘇瑋婷曲目 2",".wma","3433086"
"\\Aaa_nas\iast\18_豆皮藝文咖啡廳第二期\數位檔案_整理\04 打羊秀(2000-2005)\2003 03 黃籃白\DP2_99_04_200303a_01.JPG","2003 03 黃籃白","DP2_99_04_200303a_01",".JPG","331799"
"\\Aaa_nas\iast\18_豆皮藝文咖啡廳第二期\數位檔案_整理\04 打羊秀(2000-2005)\2003 03 黃籃白\DP2_99_04_200303a_02.JPG","2003 03 黃籃白","DP2_99_04_200303a_02",".JPG","322214"
"\\Aaa_nas\iast\18_豆皮藝文咖啡廳第二期\數位檔案_整理\04 打羊秀(2000-2005)\2003 03 黃籃白\DP2_99_04_200303a_03.JPG","2003 03 黃籃白","DP2_99_04_200303a_03",".JPG","327328"
"\\Aaa_nas\iast\18_豆皮藝文咖啡廳第二期\數位檔案_整理\04 打羊秀(2000-2005)\2003 03 黃籃白\DP2_99_04_200303a_04.JPG","2003 03 黃籃白","DP2_99_04_200303a_04",".JPG","410545"
"\\Aaa_nas\iast\18_豆皮藝文咖啡廳第二期\數位檔案_整理\04 打羊秀(2000-2005)\2003 03 黃籃白\DP2_99_04_200303a_05.JPG","2003 03 黃籃白","DP2_99_04_200303a_05",".JPG","395833"
"\\Aaa_nas\iast\18_豆皮藝文咖啡廳第二期\數位檔案_整理\04 打羊秀(2000-2005)\2003 03 黃籃白\DP2_99_04_200303a_06.JPG","2003 03 黃籃白","DP2_99_04_200303a_06",".JPG","380830"
"\\Aaa_nas\iast\18_豆皮藝文咖啡廳第二期\數位檔案_整理\04 打羊秀(2000-2005)\2003 03 黃籃白\DP2_99_04_200303a_07.JPG","2003 03 黃籃白","DP2_99_04_200303a_07",".JPG","390922"
"\\Aaa_nas\iast\18_豆皮藝文咖啡廳第二期\數位檔案_整理\04 打羊秀(2000-2005)\2003 03 黃籃白\DP2_99_04_200303a_08.JPG","2003 03 黃籃白","DP2_99_04_200303a_08",".JPG","393573"
"\\Aaa_nas\iast\18_豆皮藝文咖啡廳第二期\數位檔案_整理\04 打羊秀(2000-2005)\2003 03 黃籃白\DP2_99_04_200303a_09.AVI","2003 03 黃籃白","DP2_99_04_200303a_09",".AVI","9749156"
"\\Aaa_nas\iast\18_豆皮藝文咖啡廳第二期\數位檔案_整理\04 打羊秀(2000-2005)\2003 03 黃籃白\DP2_99_04_200303a_10.JPG","2003 03 黃籃白","DP2_99_04_200303a_10",".JPG","392395"
"\\Aaa_nas\iast\18_豆皮藝文咖啡廳第二期\數位檔案_整理\04 打羊秀(2000-2005)\2003 03 黃籃白\DP2_99_04_200303a_11.JPG","2003 03 黃籃白","DP2_99_04_200303a_11",".JPG","383499"
"\\Aaa_nas\iast\18_豆皮藝文咖啡廳第二期\數位檔案_整理\04 打羊秀(2000-2005)\2003 03 黃籃白\DP2_99_04_200303a_12.JPG","2003 03 黃籃白","DP2_99_04_200303a_12",".JPG","390531"
"\\Aaa_nas\iast\18_豆皮藝文咖啡廳第二期\數位檔案_整理\04 打羊秀(2000-2005)\2003 03 黃籃白\DP2_99_04_200303a_13.JPG","2003 03 黃籃白","DP2_99_04_200303a_13",".JPG","395475"
"\\Aaa_nas\iast\18_豆皮藝文咖啡廳第二期\數位檔案_整理\04 打羊秀(2000-2005)\2003 03 黃籃白\DP2_99_04_200303a_14.JPG","2003 03 黃籃白","DP2_99_04_200303a_14",".JPG","386731"
"\\Aaa_nas\iast\18_豆皮藝文咖啡廳第二期\數位檔案_整理\04 打羊秀(2000-2005)\2003 03 黃籃白\DP2_99_04_200303a_15.JPG","2003 03 黃籃白","DP2_99_04_200303a_15",".JPG","392611"
"\\Aaa_nas\iast\18_豆皮藝文咖啡廳第二期\數位檔案_整理\04 打羊秀(2000-2005)\2003 03 黃籃白\DP2_99_04_200303a_16.JPG","2003 03 黃籃白","DP2_99_04_200303a_16",".JPG","393030"
"\\Aaa_nas\iast\18_豆皮藝文咖啡廳第二期\數位檔案_整理\04 打羊秀(2000-2005)\2003 03 黃籃白\DP2_99_04_200303a_17.JPG","2003 03 黃籃白","DP2_99_04_200303a_17",".JPG","403025"
"\\Aaa_nas\iast\18_豆皮藝文咖啡廳第二期\數位檔案_整理\04 打羊秀(2000-2005)\2003 03 黃籃白\DP2_99_04_200303a_18.JPG","2003 03 黃籃白","DP2_99_04_200303a_18",".JPG","383232"
"\\Aaa_nas\iast\18_豆皮藝文咖啡廳第二期\數位檔案_整理\04 打羊秀(2000-2005)\2003 03 黃籃白\DP2_99_04_200303a_19.JPG","2003 03 黃籃白","DP2_99_04_200303a_19",".JPG","391153"
"\\Aaa_nas\iast\18_豆皮藝文咖啡廳第二期\數位檔案_整理\04 打羊秀(2000-2005)\2003 03 黃籃白\DP2_99_04_200303a_20.JPG","2003 03 黃籃白","DP2_99_04_200303a_20",".JPG","394531"
"\\Aaa_nas\iast\18_豆皮藝文咖啡廳第二期\數位檔案_整理\04 打羊秀(2000-2005)\2003 03 黃籃白\DP2_99_04_200303a_21.JPG","2003 03 黃籃白","DP2_99_04_200303a_21",".JPG","141346"
"\\Aaa_nas\iast\18_豆皮藝文咖啡廳第二期\數位檔案_整理\04 打羊秀(2000-2005)\2003 03 黃籃白\DP2_99_04_200303a_22.JPG","2003 03 黃籃白","DP2_99_04_200303a_22",".JPG","393919"
"\\Aaa_nas\iast\18_豆皮藝文咖啡廳第二期\數位檔案_整理\04 打羊秀(2000-2005)\2003 03 黃籃白\DP2_99_04_200303a_23.jpg","2003 03 黃籃白","DP2_99_04_200303a_23",".jpg","82651"
"\\Aaa_nas\iast\18_豆皮藝文咖啡廳第二期\數位檔案_整理\04 打羊秀(2000-2005)\2003 05 30 麗兒-愛麗絲音樂會 詩與鋼琴\20050618麗兒獨奏01.jpg","2003 05 30 麗兒-愛麗絲音樂會 詩與鋼琴","20050618麗兒獨奏01",".jpg","67247"
"\\Aaa_nas\iast\18_豆皮藝文咖啡廳第二期\數位檔案_整理\04 打羊秀(2000-2005)\2003 05 30 麗兒-愛麗絲音樂會 詩與鋼琴\20050618麗兒獨奏01a.jpg","2003 05 30 麗兒-愛麗絲音樂會 詩與鋼琴","20050618麗兒獨奏01a",".jpg","51946"
"\\Aaa_nas\iast\18_豆皮藝文咖啡廳第二期\數位檔案_整理\04 打羊秀(2000-2005)\2003 05 30 麗兒-愛麗絲音樂會 詩與鋼琴\20050618麗兒獨奏02.jpg","2003 05 30 麗兒-愛麗絲音樂會 詩與鋼琴","20050618麗兒獨奏02",".jpg","47689"
"\\Aaa_nas\iast\18_豆皮藝文咖啡廳第二期\數位檔案_整理\04 打羊秀(2000-2005)\2003 05 30 麗兒-愛麗絲音樂會 詩與鋼琴\20050618麗兒獨奏03.jpg","2003 05 30 麗兒-愛麗絲音樂會 詩與鋼琴","20050618麗兒獨奏03",".jpg","72114"
"\\Aaa_nas\iast\18_豆皮藝文咖啡廳第二期\數位檔案_整理\04 打羊秀(2000-2005)\2003 10 04 黃馨慧 鼓動人心\黃馨慧.jpg","2003 10 04 黃馨慧 鼓動人心","黃馨慧",".jpg","79853"
"\\Aaa_nas\iast\18_豆皮藝文咖啡廳第二期\數位檔案_整理\04 打羊秀(2000-2005)\2003 10 04 黃馨慧 鼓動人心\鼓動人生.jpg","2003 10 04 黃馨慧 鼓動人心","鼓動人生",".jpg","31914"
"\\Aaa_nas\iast\18_豆皮藝文咖啡廳第二期\數位檔案_整理\04 打羊秀(2000-2005)\2003 10 04 黃馨慧 鼓動人心\鼓咚大會.doc","2003 10 04 黃馨慧 鼓動人心","鼓咚大會",".doc","19968"
"\\Aaa_nas\iast\18_豆皮藝文咖啡廳第二期\數位檔案_整理\04 打羊秀(2000-2005)\2003 10 05 曾玉冰＆陳誼芳 女聲女身工作坊\DSCF0001.JPG","2003 10 05 曾玉冰＆陳誼芳 女聲女身工作坊","DSCF0001",".JPG","356211"
"\\Aaa_nas\iast\18_豆皮藝文咖啡廳第二期\數位檔案_整理\04 打羊秀(2000-2005)\2003 10 05 曾玉冰＆陳誼芳 女聲女身工作坊\DSCF0002.JPG","2003 10 05 曾玉冰＆陳誼芳 女聲女身工作坊","DSCF0002",".JPG","359876"
"\\Aaa_nas\iast\18_豆皮藝文咖啡廳第二期\數位檔案_整理\04 打羊秀(2000-2005)\2003 10 05 曾玉冰＆陳誼芳 女聲女身工作坊\DSCF0003.JPG","2003 10 05 曾玉冰＆陳誼芳 女聲女身工作坊","DSCF0003",".JPG","334569"
"\\Aaa_nas\iast\18_豆皮藝文咖啡廳第二期\數位檔案_整理\04 打羊秀(2000-2005)\2003 10 05 曾玉冰＆陳誼芳 女聲女身工作坊\DSCF0004.JPG","2003 10 05 曾玉冰＆陳誼芳 女聲女身工作坊","DSCF0004",".JPG","338853"
"\\Aaa_nas\iast\18_豆皮藝文咖啡廳第二期\數位檔案_整理\04 打羊秀(2000-2005)\2003 10 05 曾玉冰＆陳誼芳 女聲女身工作坊\DSCF0005.JPG","2003 10 05 曾玉冰＆陳誼芳 女聲女身工作坊","DSCF0005",".JPG","334181"
"\\Aaa_nas\iast\18_豆皮藝文咖啡廳第二期\數位檔案_整理\04 打羊秀(2000-2005)\2003 10 05 曾玉冰＆陳誼芳 女聲女身工作坊\DSCF0006.JPG","2003 10 05 曾玉冰＆陳誼芳 女聲女身工作坊","DSCF0006",".JPG","400339"
"\\Aaa_nas\iast\18_豆皮藝文咖啡廳第二期\數位檔案_整理\04 打羊秀(2000-2005)\2003 10 05 曾玉冰＆陳誼芳 女聲女身工作坊\DSCF0007.JPG","2003 10 05 曾玉冰＆陳誼芳 女聲女身工作坊","DSCF0007",".JPG","408169"
"\\Aaa_nas\iast\18_豆皮藝文咖啡廳第二期\數位檔案_整理\04 打羊秀(2000-2005)\2003 10 05 曾玉冰＆陳誼芳 女聲女身工作坊\DSCF0008.JPG","2003 10 05 曾玉冰＆陳誼芳 女聲女身工作坊","DSCF0008",".JPG","399769"
"\\Aaa_nas\iast\18_豆皮藝文咖啡廳第二期\數位檔案_整理\04 打羊秀(2000-2005)\2003 10 05 曾玉冰＆陳誼芳 女聲女身工作坊\DSCF0009.JPG","2003 10 05 曾玉冰＆陳誼芳 女聲女身工作坊","DSCF0009",".JPG","405669"
"\\Aaa_nas\iast\18_豆皮藝文咖啡廳第二期\數位檔案_整理\04 打羊秀(2000-2005)\2003 11 01 DJ阿義(豆皮員工簡正義)\200311簡正義放樂.jpg","2003 11 01 DJ阿義(豆皮員工簡正義)","200311簡正義放樂",".jpg","79622"
"\\Aaa_nas\iast\18_豆皮藝文咖啡廳第二期\數位檔案_整理\04 打羊秀(2000-2005)\2003 11 01 DJ阿義(豆皮員工簡正義)\DSCF0092.JPG","2003 11 01 DJ阿義(豆皮員工簡正義)","DSCF0092",".JPG","426931"
"\\Aaa_nas\iast\18_豆皮藝文咖啡廳第二期\數位檔案_整理\04 打羊秀(2000-2005)\2003 11 01 DJ阿義(豆皮員工簡正義)\DSCF0093.JPG","2003 11 01 DJ阿義(豆皮員工簡正義)","DSCF0093",".JPG","413529"
"\\Aaa_nas\iast\18_豆皮藝文咖啡廳第二期\數位檔案_整理\04 打羊秀(2000-2005)\2003 11 01 DJ阿義(豆皮員工簡正義)\DSCF0094.JPG","2003 11 01 DJ阿義(豆皮員工簡正義)","DSCF0094",".JPG","420351"
"\\Aaa_nas\iast\18_豆皮藝文咖啡廳第二期\數位檔案_整理\04 打羊秀(2000-2005)\2003 11 01 DJ阿義(豆皮員工簡正義)\DSCF0095.JPG","2003 11 01 DJ阿義(豆皮員工簡正義)","DSCF0095",".JPG","413520"
"\\Aaa_nas\iast\18_豆皮藝文咖啡廳第二期\數位檔案_整理\04 打羊秀(2000-2005)\2003 11 01 DJ阿義(豆皮員工簡正義)\DSCF0096.JPG","2003 11 01 DJ阿義(豆皮員工簡正義)","DSCF0096",".JPG","409950"
"\\Aaa_nas\iast\18_豆皮藝文咖啡廳第二期\數位檔案_整理\04 打羊秀(2000-2005)\2003 11 01 DJ阿義(豆皮員工簡正義)\DSCF0097.JPG","2003 11 01 DJ阿義(豆皮員工簡正義)","DSCF0097",".JPG","408377"
"\\Aaa_nas\iast\18_豆皮藝文咖啡廳第二期\數位檔案_整理\04 打羊秀(2000-2005)\2003 11 01 劉沐\DSCF0119.JPG","2003 11 01 劉沐","DSCF0119",".JPG","391691"
"\\Aaa_nas\iast\18_豆皮藝文咖啡廳第二期\數位檔案_整理\04 打羊秀(2000-2005)\2003 11 01 劉沐\DSCF0120.JPG","2003 11 01 劉沐","DSCF0120",".JPG","371177"
"\\Aaa_nas\iast\18_豆皮藝文咖啡廳第二期\數位檔案_整理\04 打羊秀(2000-2005)\2003 11 01 劉沐\DSCF0121.JPG","2003 11 01 劉沐","DSCF0121",".JPG","380899"
"\\Aaa_nas\iast\18_豆皮藝文咖啡廳第二期\數位檔案_整理\04 打羊秀(2000-2005)\2003 11 01 劉沐\DSCF0122.JPG","2003 11 01 劉沐","DSCF0122",".JPG","384084"
"\\Aaa_nas\iast\18_豆皮藝文咖啡廳第二期\數位檔案_整理\04 打羊秀(2000-2005)\2003 11 01 劉沐\劉沐DSCF0128.AVI","2003 11 01 劉沐","劉沐DSCF0128",".AVI","9892380"
"\\Aaa_nas\iast\18_豆皮藝文咖啡廳第二期\數位檔案_整理\04 打羊秀(2000-2005)\2003 11 01 劉沐\羊2003021.JPG","2003 11 01 劉沐","羊2003021",".JPG","405277"
"\\Aaa_nas\iast\18_豆皮藝文咖啡廳第二期\數位檔案_整理\04 打羊秀(2000-2005)\2003 11 02 DJ Queue (李名山)放音\DSCF0007.JPG","2003 11 02 DJ Queue (李名山)放音","DSCF0007",".JPG","409062"
"\\Aaa_nas\iast\18_豆皮藝文咖啡廳第二期\數位檔案_整理\04 打羊秀(2000-2005)\2003 11 02 DJ Queue (李名山)放音\DSCF0008.jpg","2003 11 02 DJ Queue (李名山)放音","DSCF0008",".jpg","110035"
"\\Aaa_nas\iast\18_豆皮藝文咖啡廳第二期\數位檔案_整理\04 打羊秀(2000-2005)\2003 11 02 DJ Queue (李名山)放音\DSCF0009.jpg","2003 11 02 DJ Queue (李名山)放音","DSCF0009",".jpg","95117"
"\\Aaa_nas\iast\18_豆皮藝文咖啡廳第二期\數位檔案_整理\04 打羊秀(2000-2005)\2003 11 02 DJ Queue (李名山)放音\DSCF0017a.jpg","2003 11 02 DJ Queue (李名山)放音","DSCF0017a",".jpg","191597"
"\\Aaa_nas\iast\18_豆皮藝文咖啡廳第二期\數位檔案_整理\04 打羊秀(2000-2005)\2003 11 02 DJ Queue (李名山)放音\DSCF0024.jpg","2003 11 02 DJ Queue (李名山)放音","DSCF0024",".jpg","193581"
"\\Aaa_nas\iast\18_豆皮藝文咖啡廳第二期\數位檔案_整理\04 打羊秀(2000-2005)\2003 11 02 DJ Queue (李名山)放音\DSCF0029.jpg","2003 11 02 DJ Queue (李名山)放音","DSCF0029",".jpg","179646"
"\\Aaa_nas\iast\18_豆皮藝文咖啡廳第二期\數位檔案_整理\04 打羊秀(2000-2005)\2003 11 02 DJ Queue (李名山)放音\DSCF0032.jpg","2003 11 02 DJ Queue (李名山)放音","DSCF0032",".jpg","180564"
"\\Aaa_nas\iast\18_豆皮藝文咖啡廳第二期\數位檔案_整理\04 打羊秀(2000-2005)\2003 11 02 E.Z night二重唱\DSCF0091.JPG","2003 11 02 E.Z night二重唱","DSCF0091",".JPG","604422"
"\\Aaa_nas\iast\18_豆皮藝文咖啡廳第二期\數位檔案_整理\04 打羊秀(2000-2005)\2003 11 02 E.Z night二重唱\DSCF0097.JPG","2003 11 02 E.Z night二重唱","DSCF0097",".JPG","576717"
"\\Aaa_nas\iast\18_豆皮藝文咖啡廳第二期\數位檔案_整理\04 打羊秀(2000-2005)\2003 11 02 E.Z night二重唱\DSCF0098.JPG","2003 11 02 E.Z night二重唱","DSCF0098",".JPG","579391"
"\\Aaa_nas\iast\18_豆皮藝文咖啡廳第二期\數位檔案_整理\04 打羊秀(2000-2005)\2003 11 02 E.Z night二重唱\E.Znight二重唱.JPG","2003 11 02 E.Z night二重唱","E.Znight二重唱",".JPG","604431"
"\\Aaa_nas\iast\18_豆皮藝文咖啡廳第二期\數位檔案_整理\04 打羊秀(2000-2005)\2003 11 02 林芳薇(中阮)古樂器之夜\200311林芳薇(中阮) DSCF0082.JPG","2003 11 02 林芳薇(中阮)古樂器之夜","200311林芳薇(中阮) DSCF0082",".JPG","567937"
"\\Aaa_nas\iast\18_豆皮藝文咖啡廳第二期\數位檔案_整理\04 打羊秀(2000-2005)\2003 11 02 林芳薇(中阮)古樂器之夜\DSC00035.JPG","2003 11 02 林芳薇(中阮)古樂器之夜","DSC00035",".JPG","16430"
"\\Aaa_nas\iast\18_豆皮藝文咖啡廳第二期\數位檔案_整理\04 打羊秀(2000-2005)\2003 11 02 林芳薇(中阮)古樂器之夜\DSCF0067.JPG","2003 11 02 林芳薇(中阮)古樂器之夜","DSCF0067",".JPG","601157"
"\\Aaa_nas\iast\18_豆皮藝文咖啡廳第二期\數位檔案_整理\04 打羊秀(2000-2005)\2003 11 02 林芳薇(中阮)古樂器之夜\DSCF0068.JPG","2003 11 02 林芳薇(中阮)古樂器之夜","DSCF0068",".JPG","604559"
"\\Aaa_nas\iast\18_豆皮藝文咖啡廳第二期\數位檔案_整理\04 打羊秀(2000-2005)\2003 11 02 林芳薇(中阮)古樂器之夜\DSCF0071.JPG","2003 11 02 林芳薇(中阮)古樂器之夜","DSCF0071",".JPG","584018"
"\\Aaa_nas\iast\18_豆皮藝文咖啡廳第二期\數位檔案_整理\04 打羊秀(2000-2005)\2003 11 02 林芳薇(中阮)古樂器之夜\DSCF0076.JPG","2003 11 02 林芳薇(中阮)古樂器之夜","DSCF0076",".JPG","567945"
"\\Aaa_nas\iast\18_豆皮藝文咖啡廳第二期\數位檔案_整理\04 打羊秀(2000-2005)\2003 11 02 林芳薇(中阮)古樂器之夜\DSCF0078.JPG","2003 11 02 林芳薇(中阮)古樂器之夜","DSCF0078",".JPG","565940"
"\\Aaa_nas\iast\18_豆皮藝文咖啡廳第二期\數位檔案_整理\04 打羊秀(2000-2005)\2003 11 02 林芳薇(中阮)古樂器之夜\羊2003028.JPG","2003 11 02 林芳薇(中阮)古樂器之夜","羊2003028",".JPG","219515"
"\\Aaa_nas\iast\18_豆皮藝文咖啡廳第二期\數位檔案_整理\04 打羊秀(2000-2005)\2003 11 02 謎樣樂團之盧律銘\DSCF0130.JPG","2003 11 02 謎樣樂團之盧律銘","DSCF0130",".JPG","602428"
"\\Aaa_nas\iast\18_豆皮藝文咖啡廳第二期\數位檔案_整理\04 打羊秀(2000-2005)\2003 11 02 謎樣樂團之盧律銘\DSCF0145.JPG","2003 11 02 謎樣樂團之盧律銘","DSCF0145",".JPG","603174"
"\\Aaa_nas\iast\18_豆皮藝文咖啡廳第二期\數位檔案_整理\04 打羊秀(2000-2005)\2003 11 02 謎樣樂團之盧律銘\DSCF0147.AVI","2003 11 02 謎樣樂團之盧律銘","DSCF0147",".AVI","9100724"
"\\Aaa_nas\iast\18_豆皮藝文咖啡廳第二期\數位檔案_整理\04 打羊秀(2000-2005)\2003 11 02 謎樣樂團之盧律銘\DSCF0148.AVI","2003 11 02 謎樣樂團之盧律銘","DSCF0148",".AVI","8453262"
"\\Aaa_nas\iast\18_豆皮藝文咖啡廳第二期\數位檔案_整理\04 打羊秀(2000-2005)\2003 11 02 謎樣樂團之盧律銘\DSCF0150.JPG","2003 11 02 謎樣樂團之盧律銘","DSCF0150",".JPG","604226"
"\\Aaa_nas\iast\18_豆皮藝文咖啡廳第二期\數位檔案_整理\04 打羊秀(2000-2005)\2003 11 02 跳跳蛋\200311跳跳蛋DSCF0039.JPG","2003 11 02 跳跳蛋","200311跳跳蛋DSCF0039",".JPG","567128"
"\\Aaa_nas\iast\18_豆皮藝文咖啡廳第二期\數位檔案_整理\04 打羊秀(2000-2005)\2003 11 02 跳跳蛋\DSCF0045.JPG","2003 11 02 跳跳蛋","DSCF0045",".JPG","567306"
"\\Aaa_nas\iast\18_豆皮藝文咖啡廳第二期\數位檔案_整理\04 打羊秀(2000-2005)\2003 11 02 跳跳蛋\DSCF0047.JPG","2003 11 02 跳跳蛋","DSCF0047",".JPG","584254"
"\\Aaa_nas\iast\18_豆皮藝文咖啡廳第二期\數位檔案_整理\04 打羊秀(2000-2005)\2003 11 02 跳跳蛋\DSCF0052.JPG","2003 11 02 跳跳蛋","DSCF0052",".JPG","597559"
"\\Aaa_nas\iast\18_豆皮藝文咖啡廳第二期\數位檔案_整理\04 打羊秀(2000-2005)\2003 11 林益新(吉他)古樂器之夜\200311林益新(吉他)DSC00031.JPG","2003 11 林益新(吉他)古樂器之夜","200311林益新(吉他)DSC00031",".JPG","23658"
"\\Aaa_nas\iast\18_豆皮藝文咖啡廳第二期\數位檔案_整理\04 打羊秀(2000-2005)\2003 11 林益新(吉他)古樂器之夜\DSC00025.JPG","2003 11 林益新(吉他)古樂器之夜","DSC00025",".JPG","19516"
"\\Aaa_nas\iast\18_豆皮藝文咖啡廳第二期\數位檔案_整理\04 打羊秀(2000-2005)\2003 11 林益新(吉他)古樂器之夜\DSC00032.JPG","2003 11 林益新(吉他)古樂器之夜","DSC00032",".JPG","18826"
"\\Aaa_nas\iast\18_豆皮藝文咖啡廳第二期\數位檔案_整理\04 打羊秀(2000-2005)\2003 11 林益新(吉他)古樂器之夜\DSCF0001.JPG","2003 11 林益新(吉他)古樂器之夜","DSCF0001",".JPG","399206"
"\\Aaa_nas\iast\18_豆皮藝文咖啡廳第二期\數位檔案_整理\04 打羊秀(2000-2005)\2003 11 林益新(吉他)古樂器之夜\DSCF0002.JPG","2003 11 林益新(吉他)古樂器之夜","DSCF0002",".JPG","429463"
"\\Aaa_nas\iast\18_豆皮藝文咖啡廳第二期\數位檔案_整理\04 打羊秀(2000-2005)\2003 11 林益新(吉他)古樂器之夜\DSCF0003.JPG","2003 11 林益新(吉他)古樂器之夜","DSCF0003",".JPG","420635"
"\\Aaa_nas\iast\18_豆皮藝文咖啡廳第二期\數位檔案_整理\04 打羊秀(2000-2005)\2003 11 林益新(吉他)古樂器之夜\DSCF0004.JPG","2003 11 林益新(吉他)古樂器之夜","DSCF0004",".JPG","408592"
"\\Aaa_nas\iast\18_豆皮藝文咖啡廳第二期\數位檔案_整理\04 打羊秀(2000-2005)\2003 11 林益新(吉他)古樂器之夜\DSCF0005.JPG","2003 11 林益新(吉他)古樂器之夜","DSCF0005",".JPG","407077"
"\\Aaa_nas\iast\18_豆皮藝文咖啡廳第二期\數位檔案_整理\04 打羊秀(2000-2005)\2003 11 林益新(吉他)古樂器之夜\DSCF0006.JPG","2003 11 林益新(吉他)古樂器之夜","DSCF0006",".JPG","384161"
"\\Aaa_nas\iast\18_豆皮藝文咖啡廳第二期\數位檔案_整理\04 打羊秀(2000-2005)\2003 11 林益新(吉他)古樂器之夜\DSCF0007.JPG","2003 11 林益新(吉他)古樂器之夜","DSCF0007",".JPG","373366"
"\\Aaa_nas\iast\18_豆皮藝文咖啡廳第二期\數位檔案_整理\04 打羊秀(2000-2005)\2003 11\DSCF0127.JPG","2003 11","DSCF0127",".JPG","408975"
"\\Aaa_nas\iast\18_豆皮藝文咖啡廳第二期\數位檔案_整理\04 打羊秀(2000-2005)\2003 11\羊2003006.JPG","2003 11","羊2003006",".JPG","187050"
"\\Aaa_nas\iast\18_豆皮藝文咖啡廳第二期\數位檔案_整理\04 打羊秀(2000-2005)\2003 11\羊2003007.JPG","2003 11","羊2003007",".JPG","142455"
"\\Aaa_nas\iast\18_豆皮藝文咖啡廳第二期\數位檔案_整理\04 打羊秀(2000-2005)\2003 11\羊2003009.JPG","2003 11","羊2003009",".JPG","182463"
"\\Aaa_nas\iast\18_豆皮藝文咖啡廳第二期\數位檔案_整理\04 打羊秀(2000-2005)\2003 11\羊2003011.JPG","2003 11","羊2003011",".JPG","34374"
"\\Aaa_nas\iast\18_豆皮藝文咖啡廳第二期\數位檔案_整理\04 打羊秀(2000-2005)\2003 11\羊2003012.JPG","2003 11","羊2003012",".JPG","30406"
"\\Aaa_nas\iast\18_豆皮藝文咖啡廳第二期\數位檔案_整理\04 打羊秀(2000-2005)\2003 11\羊2003015.JPG","2003 11","羊2003015",".JPG","169972"
"\\Aaa_nas\iast\18_豆皮藝文咖啡廳第二期\數位檔案_整理\04 打羊秀(2000-2005)\2003 12 05 DJ Fancy DJ Koala (26D Production 炚炚) 第1場\26d-001.jpg","2003 12 05 DJ Fancy DJ Koala (26D Production 炚炚) 第1場","26d-001",".jpg","149284"
"\\Aaa_nas\iast\18_豆皮藝文咖啡廳第二期\數位檔案_整理\04 打羊秀(2000-2005)\2003 12 05 DJ Fancy DJ Koala (26D Production 炚炚) 第1場\26d-002.jpg","2003 12 05 DJ Fancy DJ Koala (26D Production 炚炚) 第1場","26d-002",".jpg","69235"
"\\Aaa_nas\iast\18_豆皮藝文咖啡廳第二期\數位檔案_整理\04 打羊秀(2000-2005)\2003 12 05 DJ Fancy DJ Koala (26D Production 炚炚) 第1場\26d-003.jpg","2003 12 05 DJ Fancy DJ Koala (26D Production 炚炚) 第1場","26d-003",".jpg","38449"
"\\Aaa_nas\iast\18_豆皮藝文咖啡廳第二期\數位檔案_整理\04 打羊秀(2000-2005)\2003 12 05 DJ Fancy DJ Koala (26D Production 炚炚) 第1場\26d-004.jpg","2003 12 05 DJ Fancy DJ Koala (26D Production 炚炚) 第1場","26d-004",".jpg","38181"
"\\Aaa_nas\iast\18_豆皮藝文咖啡廳第二期\數位檔案_整理\04 打羊秀(2000-2005)\2003 12 05 DJ Fancy DJ Koala (26D Production 炚炚) 第1場\26d-005.jpg","2003 12 05 DJ Fancy DJ Koala (26D Production 炚炚) 第1場","26d-005",".jpg","51214"
"\\Aaa_nas\iast\18_豆皮藝文咖啡廳第二期\數位檔案_整理\04 打羊秀(2000-2005)\2003 12 05 DJ Fancy DJ Koala (26D Production 炚炚) 第1場\26d-006 DJ Fancy 炚炚.jpg","2003 12 05 DJ Fancy DJ Koala (26D Production 炚炚) 第1場","26d-006 DJ Fancy 炚炚",".jpg","143214"
"\\Aaa_nas\iast\18_豆皮藝文咖啡廳第二期\數位檔案_整理\04 打羊秀(2000-2005)\2003 12 05 DJ Fancy DJ Koala (26D Production 炚炚) 第1場\26d-007 DJ Koala Wu Yung-hsiang 吳永祥.jpg","2003 12 05 DJ Fancy DJ Koala (26D Production 炚炚) 第1場","26d-007 DJ Koala Wu Yung-hsiang 吳永祥",".jpg","147451"
"\\Aaa_nas\iast\18_豆皮藝文咖啡廳第二期\數位檔案_整理\04 打羊秀(2000-2005)\2003 12 05 DJ Fancy DJ Koala (26D Production 炚炚) 第1場\26d-008.jpg","2003 12 05 DJ Fancy DJ Koala (26D Production 炚炚) 第1場","26d-008",".jpg","77403"
"\\Aaa_nas\iast\18_豆皮藝文咖啡廳第二期\數位檔案_整理\04 打羊秀(2000-2005)\2003 12 05 DJ Fancy DJ Koala (26D Production 炚炚) 第1場\炚炚ㄍㄨㄤ.jpg","2003 12 05 DJ Fancy DJ Koala (26D Production 炚炚) 第1場","炚炚ㄍㄨㄤ",".jpg","195179"
"\\Aaa_nas\iast\18_豆皮藝文咖啡廳第二期\數位檔案_整理\04 打羊秀(2000-2005)\2003 12 06 A-Maze (迷宮聲音藝術團)\DSCF0036.JPG","2003 12 06 A-Maze (迷宮聲音藝術團)","DSCF0036",".JPG","371740"
"\\Aaa_nas\iast\18_豆皮藝文咖啡廳第二期\數位檔案_整理\04 打羊秀(2000-2005)\2003 12 06 A-Maze (迷宮聲音藝術團)\DSCF0037.JPG","2003 12 06 A-Maze (迷宮聲音藝術團)","DSCF0037",".JPG","399020"
"\\Aaa_nas\iast\18_豆皮藝文咖啡廳第二期\數位檔案_整理\04 打羊秀(2000-2005)\2003 12 06 A-Maze (迷宮聲音藝術團)\DSCF0038.JPG","2003 12 06 A-Maze (迷宮聲音藝術團)","DSCF0038",".JPG","390801"
"\\Aaa_nas\iast\18_豆皮藝文咖啡廳第二期\數位檔案_整理\04 打羊秀(2000-2005)\2003 12 06 A-Maze (迷宮聲音藝術團)\DSCF0039.JPG","2003 12 06 A-Maze (迷宮聲音藝術團)","DSCF0039",".JPG","402424"
"\\Aaa_nas\iast\18_豆皮藝文咖啡廳第二期\數位檔案_整理\04 打羊秀(2000-2005)\2003 12 06 A-Maze (迷宮聲音藝術團)\DSCF0040.JPG","2003 12 06 A-Maze (迷宮聲音藝術團)","DSCF0040",".JPG","419765"
"\\Aaa_nas\iast\18_豆皮藝文咖啡廳第二期\數位檔案_整理\04 打羊秀(2000-2005)\2003 12 06 A-Maze (迷宮聲音藝術團)\DSCF0041.JPG","2003 12 06 A-Maze (迷宮聲音藝術團)","DSCF0041",".JPG","407215"
"\\Aaa_nas\iast\18_豆皮藝文咖啡廳第二期\數位檔案_整理\04 打羊秀(2000-2005)\2003 12 06 A-Maze (迷宮聲音藝術團)\DSCF0042.JPG","2003 12 06 A-Maze (迷宮聲音藝術團)","DSCF0042",".JPG","407787"
"\\Aaa_nas\iast\18_豆皮藝文咖啡廳第二期\數位檔案_整理\04 打羊秀(2000-2005)\2003 12 06 A-Maze (迷宮聲音藝術團)\DSCF0043.JPG","2003 12 06 A-Maze (迷宮聲音藝術團)","DSCF0043",".JPG","417140"
"\\Aaa_nas\iast\18_豆皮藝文咖啡廳第二期\數位檔案_整理\04 打羊秀(2000-2005)\2003 12 06 A-Maze (迷宮聲音藝術團)\DSCF0044.JPG","2003 12 06 A-Maze (迷宮聲音藝術團)","DSCF0044",".JPG","400007"
"\\Aaa_nas\iast\18_豆皮藝文咖啡廳第二期\數位檔案_整理\04 打羊秀(2000-2005)\2003 12 06 A-Maze (迷宮聲音藝術團)\DSCF0047.JPG","2003 12 06 A-Maze (迷宮聲音藝術團)","DSCF0047",".JPG","327416"
"\\Aaa_nas\iast\18_豆皮藝文咖啡廳第二期\數位檔案_整理\04 打羊秀(2000-2005)\2003 12 06 A-Maze (迷宮聲音藝術團)\DSCF0048.JPG","2003 12 06 A-Maze (迷宮聲音藝術團)","DSCF0048",".JPG","327162"
"\\Aaa_nas\iast\18_豆皮藝文咖啡廳第二期\數位檔案_整理\04 打羊秀(2000-2005)\2003 12 06 A-Maze (迷宮聲音藝術團)\DSCF0050.JPG","2003 12 06 A-Maze (迷宮聲音藝術團)","DSCF0050",".JPG","314321"
"\\Aaa_nas\iast\18_豆皮藝文咖啡廳第二期\數位檔案_整理\04 打羊秀(2000-2005)\2003 12 06 A-Maze (迷宮聲音藝術團)\DSCF0051.JPG","2003 12 06 A-Maze (迷宮聲音藝術團)","DSCF0051",".JPG","331323"
"\\Aaa_nas\iast\18_豆皮藝文咖啡廳第二期\數位檔案_整理\04 打羊秀(2000-2005)\2003 12 06 A-Maze (迷宮聲音藝術團)\DSCF0052.JPG","2003 12 06 A-Maze (迷宮聲音藝術團)","DSCF0052",".JPG","350690"
"\\Aaa_nas\iast\18_豆皮藝文咖啡廳第二期\數位檔案_整理\04 打羊秀(2000-2005)\2003 12 06 A-Maze (迷宮聲音藝術團)\DSCF0053.JPG","2003 12 06 A-Maze (迷宮聲音藝術團)","DSCF0053",".JPG","321719"
"\\Aaa_nas\iast\18_豆皮藝文咖啡廳第二期\數位檔案_整理\04 打羊秀(2000-2005)\2003 12 06 A-Maze (迷宮聲音藝術團)\DSCF0054.JPG","2003 12 06 A-Maze (迷宮聲音藝術團)","DSCF0054",".JPG","324286"
"\\Aaa_nas\iast\18_豆皮藝文咖啡廳第二期\數位檔案_整理\04 打羊秀(2000-2005)\2003 12 06 A-Maze (迷宮聲音藝術團)\DSCF0056.JPG","2003 12 06 A-Maze (迷宮聲音藝術團)","DSCF0056",".JPG","324905"
"\\Aaa_nas\iast\18_豆皮藝文咖啡廳第二期\數位檔案_整理\04 打羊秀(2000-2005)\2003 12 06 A-Maze (迷宮聲音藝術團)\DSCF0057.JPG","2003 12 06 A-Maze (迷宮聲音藝術團)","DSCF0057",".JPG","327448"
"\\Aaa_nas\iast\18_豆皮藝文咖啡廳第二期\數位檔案_整理\04 打羊秀(2000-2005)\2003 12 06 A-Maze (迷宮聲音藝術團)\DSCF0058.JPG","2003 12 06 A-Maze (迷宮聲音藝術團)","DSCF0058",".JPG","328246"
"\\Aaa_nas\iast\18_豆皮藝文咖啡廳第二期\數位檔案_整理\04 打羊秀(2000-2005)\2003 12 06 A-Maze (迷宮聲音藝術團)\DSCF0059.JPG","2003 12 06 A-Maze (迷宮聲音藝術團)","DSCF0059",".JPG","331723"
"\\Aaa_nas\iast\18_豆皮藝文咖啡廳第二期\數位檔案_整理\04 打羊秀(2000-2005)\2003 12 06 A-Maze (迷宮聲音藝術團)\迷宮聲音藝術團(臨界點劇象錄)DSCF0061.AVI","2003 12 06 A-Maze (迷宮聲音藝術團)","迷宮聲音藝術團(臨界點劇象錄)DSCF0061",".AVI","9760628"
"\\Aaa_nas\iast\18_豆皮藝文咖啡廳第二期\數位檔案_整理\04 打羊秀(2000-2005)\2003 12 06 A-Maze (迷宮聲音藝術團)\迷宮聲音藝術團(臨界點劇象錄)DSCF0062.AVI","2003 12 06 A-Maze (迷宮聲音藝術團)","迷宮聲音藝術團(臨界點劇象錄)DSCF0062",".AVI","9757410"
"\\Aaa_nas\iast\18_豆皮藝文咖啡廳第二期\數位檔案_整理\04 打羊秀(2000-2005)\2003 12 06 臨界點劇象錄\200312 06打羊秀 臨界點劇象錄DSCF0092.JPG","2003 12 06 臨界點劇象錄","200312 06打羊秀 臨界點劇象錄DSCF0092",".JPG","604394"
"\\Aaa_nas\iast\18_豆皮藝文咖啡廳第二期\數位檔案_整理\04 打羊秀(2000-2005)\2003 12 06 臨界點劇象錄\DSCF0063.JPG","2003 12 06 臨界點劇象錄","DSCF0063",".JPG","329191"
"\\Aaa_nas\iast\18_豆皮藝文咖啡廳第二期\數位檔案_整理\04 打羊秀(2000-2005)\2003 12 06 臨界點劇象錄\DSCF0064.JPG","2003 12 06 臨界點劇象錄","DSCF0064",".JPG","319748"
"\\Aaa_nas\iast\18_豆皮藝文咖啡廳第二期\數位檔案_整理\04 打羊秀(2000-2005)\2003 12 06 臨界點劇象錄\DSCF0065.JPG","2003 12 06 臨界點劇象錄","DSCF0065",".JPG","351493"
"\\Aaa_nas\iast\18_豆皮藝文咖啡廳第二期\數位檔案_整理\04 打羊秀(2000-2005)\2003 12 06 臨界點劇象錄\DSCF0068.JPG","2003 12 06 臨界點劇象錄","DSCF0068",".JPG","335322"
"\\Aaa_nas\iast\18_豆皮藝文咖啡廳第二期\數位檔案_整理\04 打羊秀(2000-2005)\2003 12 06 臨界點劇象錄\DSCF0069.JPG","2003 12 06 臨界點劇象錄","DSCF0069",".JPG","349005"
"\\Aaa_nas\iast\18_豆皮藝文咖啡廳第二期\數位檔案_整理\04 打羊秀(2000-2005)\2003 12 06 臨界點劇象錄\DSCF0071.JPG","2003 12 06 臨界點劇象錄","DSCF0071",".JPG","337076"
"\\Aaa_nas\iast\18_豆皮藝文咖啡廳第二期\數位檔案_整理\04 打羊秀(2000-2005)\2003 12 06 臨界點劇象錄\DSCF0073.JPG","2003 12 06 臨界點劇象錄","DSCF0073",".JPG","338975"
"\\Aaa_nas\iast\18_豆皮藝文咖啡廳第二期\數位檔案_整理\04 打羊秀(2000-2005)\2003 12 06 臨界點劇象錄\DSCF0075.JPG","2003 12 06 臨界點劇象錄","DSCF0075",".JPG","348819"
"\\Aaa_nas\iast\18_豆皮藝文咖啡廳第二期\數位檔案_整理\04 打羊秀(2000-2005)\2003 12 06 臨界點劇象錄\DSCF0076.JPG","2003 12 06 臨界點劇象錄","DSCF0076",".JPG","334743"
"\\Aaa_nas\iast\18_豆皮藝文咖啡廳第二期\數位檔案_整理\04 打羊秀(2000-2005)\2003 12 06 臨界點劇象錄\DSCF0077.JPG","2003 12 06 臨界點劇象錄","DSCF0077",".JPG","331367"
"\\Aaa_nas\iast\18_豆皮藝文咖啡廳第二期\數位檔案_整理\04 打羊秀(2000-2005)\2003 12 06 臨界點劇象錄\DSCF0078.JPG","2003 12 06 臨界點劇象錄","DSCF0078",".JPG","343125"
"\\Aaa_nas\iast\18_豆皮藝文咖啡廳第二期\數位檔案_整理\04 打羊秀(2000-2005)\2003 12 06 臨界點劇象錄\DSCF0080.JPG","2003 12 06 臨界點劇象錄","DSCF0080",".JPG","332259"
"\\Aaa_nas\iast\18_豆皮藝文咖啡廳第二期\數位檔案_整理\04 打羊秀(2000-2005)\2003 12 06 臨界點劇象錄\DSCF0082.JPG","2003 12 06 臨界點劇象錄","DSCF0082",".JPG","332973"
"\\Aaa_nas\iast\18_豆皮藝文咖啡廳第二期\數位檔案_整理\04 打羊秀(2000-2005)\2003 12 06 臨界點劇象錄\DSCF0083.JPG","2003 12 06 臨界點劇象錄","DSCF0083",".JPG","336258"
"\\Aaa_nas\iast\18_豆皮藝文咖啡廳第二期\數位檔案_整理\04 打羊秀(2000-2005)\2003 12 06 臨界點劇象錄\DSCF0084.JPG","2003 12 06 臨界點劇象錄","DSCF0084",".JPG","349407"
"\\Aaa_nas\iast\18_豆皮藝文咖啡廳第二期\數位檔案_整理\04 打羊秀(2000-2005)\2003 12 06 臨界點劇象錄\DSCF0085.JPG","2003 12 06 臨界點劇象錄","DSCF0085",".JPG","334818"
"\\Aaa_nas\iast\18_豆皮藝文咖啡廳第二期\數位檔案_整理\04 打羊秀(2000-2005)\2003 12 06 臨界點劇象錄\DSCF0086.JPG","2003 12 06 臨界點劇象錄","DSCF0086",".JPG","332195"
"\\Aaa_nas\iast\18_豆皮藝文咖啡廳第二期\數位檔案_整理\04 打羊秀(2000-2005)\2003 12 06 臨界點劇象錄\DSCF0087.JPG","2003 12 06 臨界點劇象錄","DSCF0087",".JPG","346605"
"\\Aaa_nas\iast\18_豆皮藝文咖啡廳第二期\數位檔案_整理\04 打羊秀(2000-2005)\2003 12 06 臨界點劇象錄\DSCF0088.JPG","2003 12 06 臨界點劇象錄","DSCF0088",".JPG","348005"
"\\Aaa_nas\iast\18_豆皮藝文咖啡廳第二期\數位檔案_整理\04 打羊秀(2000-2005)\2003 12 06 臨界點劇象錄\DSCF0089.JPG","2003 12 06 臨界點劇象錄","DSCF0089",".JPG","338655"
"\\Aaa_nas\iast\18_豆皮藝文咖啡廳第二期\數位檔案_整理\04 打羊秀(2000-2005)\2003 12 06 臨界點劇象錄\DSCF0094.JPG","2003 12 06 臨界點劇象錄","DSCF0094",".JPG","573518"
"\\Aaa_nas\iast\18_豆皮藝文咖啡廳第二期\數位檔案_整理\04 打羊秀(2000-2005)\2003 12 06 謎樣樂團之盧律銘\DSCF0001 (2).JPG","2003 12 06 謎樣樂團之盧律銘","DSCF0001 (2)",".JPG","323859"
"\\Aaa_nas\iast\18_豆皮藝文咖啡廳第二期\數位檔案_整理\04 打羊秀(2000-2005)\2003 12 06 謎樣樂團之盧律銘\DSCF0001.JPG","2003 12 06 謎樣樂團之盧律銘","DSCF0001",".JPG","335997"
"\\Aaa_nas\iast\18_豆皮藝文咖啡廳第二期\數位檔案_整理\04 打羊秀(2000-2005)\2003 12 06 謎樣樂團之盧律銘\DSCF0002.AVI","2003 12 06 謎樣樂團之盧律銘","DSCF0002",".AVI","9755894"
"\\Aaa_nas\iast\18_豆皮藝文咖啡廳第二期\數位檔案_整理\04 打羊秀(2000-2005)\2003 12 06 謎樣樂團之盧律銘\DSCF0002.JPG","2003 12 06 謎樣樂團之盧律銘","DSCF0002",".JPG","323003"
"\\Aaa_nas\iast\18_豆皮藝文咖啡廳第二期\數位檔案_整理\04 打羊秀(2000-2005)\2003 12 06 謎樣樂團之盧律銘\DSCF0003 (2).JPG","2003 12 06 謎樣樂團之盧律銘","DSCF0003 (2)",".JPG","330782"
"\\Aaa_nas\iast\18_豆皮藝文咖啡廳第二期\數位檔案_整理\04 打羊秀(2000-2005)\2003 12 06 謎樣樂團之盧律銘\DSCF0003.JPG","2003 12 06 謎樣樂團之盧律銘","DSCF0003",".JPG","333272"
"\\Aaa_nas\iast\18_豆皮藝文咖啡廳第二期\數位檔案_整理\04 打羊秀(2000-2005)\2003 12 06 謎樣樂團之盧律銘\DSCF0004 (2).JPG","2003 12 06 謎樣樂團之盧律銘","DSCF0004 (2)",".JPG","334252"
"\\Aaa_nas\iast\18_豆皮藝文咖啡廳第二期\數位檔案_整理\04 打羊秀(2000-2005)\2003 12 06 謎樣樂團之盧律銘\DSCF0004.JPG","2003 12 06 謎樣樂團之盧律銘","DSCF0004",".JPG","330235"
"\\Aaa_nas\iast\18_豆皮藝文咖啡廳第二期\數位檔案_整理\04 打羊秀(2000-2005)\2003 12 06 謎樣樂團之盧律銘\DSCF0005 (2).JPG","2003 12 06 謎樣樂團之盧律銘","DSCF0005 (2)",".JPG","327768"
"\\Aaa_nas\iast\18_豆皮藝文咖啡廳第二期\數位檔案_整理\04 打羊秀(2000-2005)\2003 12 06 謎樣樂團之盧律銘\DSCF0006.JPG","2003 12 06 謎樣樂團之盧律銘","DSCF0006",".JPG","347196"
"\\Aaa_nas\iast\18_豆皮藝文咖啡廳第二期\數位檔案_整理\04 打羊秀(2000-2005)\2003 12 06 謎樣樂團之盧律銘\DSCF0008 (2).JPG","2003 12 06 謎樣樂團之盧律銘","DSCF0008 (2)",".JPG","343317"
"\\Aaa_nas\iast\18_豆皮藝文咖啡廳第二期\數位檔案_整理\04 打羊秀(2000-2005)\2003 12 06 謎樣樂團之盧律銘\DSCF0009 (2).JPG","2003 12 06 謎樣樂團之盧律銘","DSCF0009 (2)",".JPG","341306"
"\\Aaa_nas\iast\18_豆皮藝文咖啡廳第二期\數位檔案_整理\04 打羊秀(2000-2005)\2003 12 06 謎樣樂團之盧律銘\DSCF0010 (2).JPG","2003 12 06 謎樣樂團之盧律銘","DSCF0010 (2)",".JPG","322517"
"\\Aaa_nas\iast\18_豆皮藝文咖啡廳第二期\數位檔案_整理\04 打羊秀(2000-2005)\2003 12 06 謎樣樂團之盧律銘\DSCF0011 (2).JPG","2003 12 06 謎樣樂團之盧律銘","DSCF0011 (2)",".JPG","327570"
"\\Aaa_nas\iast\18_豆皮藝文咖啡廳第二期\數位檔案_整理\04 打羊秀(2000-2005)\2003 12 06 謎樣樂團之盧律銘\DSCF0012 (2).JPG","2003 12 06 謎樣樂團之盧律銘","DSCF0012 (2)",".JPG","309681"
"\\Aaa_nas\iast\18_豆皮藝文咖啡廳第二期\數位檔案_整理\04 打羊秀(2000-2005)\2003 12 06 謎樣樂團之盧律銘\DSCF0013 (2).JPG","2003 12 06 謎樣樂團之盧律銘","DSCF0013 (2)",".JPG","315142"
"\\Aaa_nas\iast\18_豆皮藝文咖啡廳第二期\數位檔案_整理\04 打羊秀(2000-2005)\2003 12 06 謎樣樂團之盧律銘\DSCF0014 (2).JPG","2003 12 06 謎樣樂團之盧律銘","DSCF0014 (2)",".JPG","303913"
"\\Aaa_nas\iast\18_豆皮藝文咖啡廳第二期\數位檔案_整理\04 打羊秀(2000-2005)\2003 12 06 謎樣樂團之盧律銘\DSCF0015.JPG","2003 12 06 謎樣樂團之盧律銘","DSCF0015",".JPG","317375"
"\\Aaa_nas\iast\18_豆皮藝文咖啡廳第二期\數位檔案_整理\04 打羊秀(2000-2005)\2003 12 06 謎樣樂團之盧律銘\DSCF0016.JPG","2003 12 06 謎樣樂團之盧律銘","DSCF0016",".JPG","326792"
"\\Aaa_nas\iast\18_豆皮藝文咖啡廳第二期\數位檔案_整理\04 打羊秀(2000-2005)\2003 12 06 謎樣樂團之盧律銘\DSCF0017.JPG","2003 12 06 謎樣樂團之盧律銘","DSCF0017",".JPG","326048"
"\\Aaa_nas\iast\18_豆皮藝文咖啡廳第二期\數位檔案_整理\04 打羊秀(2000-2005)\2003 12 06 謎樣樂團之盧律銘\DSCF0018.JPG","2003 12 06 謎樣樂團之盧律銘","DSCF0018",".JPG","311506"
"\\Aaa_nas\iast\18_豆皮藝文咖啡廳第二期\數位檔案_整理\04 打羊秀(2000-2005)\2003 12 06 謎樣樂團之盧律銘\DSCF0019.JPG","2003 12 06 謎樣樂團之盧律銘","DSCF0019",".JPG","325076"
"\\Aaa_nas\iast\18_豆皮藝文咖啡廳第二期\數位檔案_整理\04 打羊秀(2000-2005)\2003 12 06 謎樣樂團之盧律銘\DSCF0020 (2).JPG","2003 12 06 謎樣樂團之盧律銘","DSCF0020 (2)",".JPG","324827"
"\\Aaa_nas\iast\18_豆皮藝文咖啡廳第二期\數位檔案_整理\04 打羊秀(2000-2005)\2003 12 06 謎樣樂團之盧律銘\DSCF0022 (2).JPG","2003 12 06 謎樣樂團之盧律銘","DSCF0022 (2)",".JPG","323559"
"\\Aaa_nas\iast\18_豆皮藝文咖啡廳第二期\數位檔案_整理\04 打羊秀(2000-2005)\2003 12 06 謎樣樂團之盧律銘\DSCF0023.JPG","2003 12 06 謎樣樂團之盧律銘","DSCF0023",".JPG","345217"
"\\Aaa_nas\iast\18_豆皮藝文咖啡廳第二期\數位檔案_整理\04 打羊秀(2000-2005)\2003 12 06 謎樣樂團之盧律銘\DSCF0024.JPG","2003 12 06 謎樣樂團之盧律銘","DSCF0024",".JPG","331894"
"\\Aaa_nas\iast\18_豆皮藝文咖啡廳第二期\數位檔案_整理\04 打羊秀(2000-2005)\2003 12 06 謎樣樂團之盧律銘\DSCF0025 (2).JPG","2003 12 06 謎樣樂團之盧律銘","DSCF0025 (2)",".JPG","325802"
"\\Aaa_nas\iast\18_豆皮藝文咖啡廳第二期\數位檔案_整理\04 打羊秀(2000-2005)\2003 12 06 謎樣樂團之盧律銘\DSCF0026 (2).JPG","2003 12 06 謎樣樂團之盧律銘","DSCF0026 (2)",".JPG","327460"
"\\Aaa_nas\iast\18_豆皮藝文咖啡廳第二期\數位檔案_整理\04 打羊秀(2000-2005)\2003 12 06 謎樣樂團之盧律銘\DSCF0027.JPG","2003 12 06 謎樣樂團之盧律銘","DSCF0027",".JPG","328579"
"\\Aaa_nas\iast\18_豆皮藝文咖啡廳第二期\數位檔案_整理\04 打羊秀(2000-2005)\2003 12 06 謎樣樂團之盧律銘\DSCF0028 (2).JPG","2003 12 06 謎樣樂團之盧律銘","DSCF0028 (2)",".JPG","334059"
"\\Aaa_nas\iast\18_豆皮藝文咖啡廳第二期\數位檔案_整理\04 打羊秀(2000-2005)\2003 12 06 謎樣樂團之盧律銘\DSCF0029.JPG","2003 12 06 謎樣樂團之盧律銘","DSCF0029",".JPG","334581"
"\\Aaa_nas\iast\18_豆皮藝文咖啡廳第二期\數位檔案_整理\04 打羊秀(2000-2005)\2003 12 06 謎樣樂團之盧律銘\謎樣DSCF0030.AVI","2003 12 06 謎樣樂團之盧律銘","謎樣DSCF0030",".AVI","6184902"
"\\Aaa_nas\iast\18_豆皮藝文咖啡廳第二期\數位檔案_整理\04 打羊秀(2000-2005)\2003 12 06 郭紋汎 彈唱\20040627-郭紋汎.01.jpg","2003 12 06 郭紋汎 彈唱","20040627-郭紋汎.01",".jpg","54849"
"\\Aaa_nas\iast\18_豆皮藝文咖啡廳第二期\數位檔案_整理\04 打羊秀(2000-2005)\2003 12 06 郭紋汎 彈唱\DSCF0005.JPG","2003 12 06 郭紋汎 彈唱","DSCF0005",".JPG","323606"
"\\Aaa_nas\iast\18_豆皮藝文咖啡廳第二期\數位檔案_整理\04 打羊秀(2000-2005)\2003 12 06 郭紋汎 彈唱\DSCF0007.JPG","2003 12 06 郭紋汎 彈唱","DSCF0007",".JPG","304738"
"\\Aaa_nas\iast\18_豆皮藝文咖啡廳第二期\數位檔案_整理\04 打羊秀(2000-2005)\2003 12 06 郭紋汎 彈唱\DSCF0008.JPG","2003 12 06 郭紋汎 彈唱","DSCF0008",".JPG","336893"
"\\Aaa_nas\iast\18_豆皮藝文咖啡廳第二期\數位檔案_整理\04 打羊秀(2000-2005)\2003 12 06 郭紋汎 彈唱\DSCF0009.JPG","2003 12 06 郭紋汎 彈唱","DSCF0009",".JPG","320783"
"\\Aaa_nas\iast\18_豆皮藝文咖啡廳第二期\數位檔案_整理\04 打羊秀(2000-2005)\2003 12 06 郭紋汎 彈唱\DSCF0010.JPG","2003 12 06 郭紋汎 彈唱","DSCF0010",".JPG","316253"
"\\Aaa_nas\iast\18_豆皮藝文咖啡廳第二期\數位檔案_整理\04 打羊秀(2000-2005)\2003 12 06 郭紋汎 彈唱\DSCF0011.JPG","2003 12 06 郭紋汎 彈唱","DSCF0011",".JPG","332399"
"\\Aaa_nas\iast\18_豆皮藝文咖啡廳第二期\數位檔案_整理\04 打羊秀(2000-2005)\2003 12 06 郭紋汎 彈唱\DSCF0012.JPG","2003 12 06 郭紋汎 彈唱","DSCF0012",".JPG","309936"
"\\Aaa_nas\iast\18_豆皮藝文咖啡廳第二期\數位檔案_整理\04 打羊秀(2000-2005)\2003 12 06 郭紋汎 彈唱\DSCF0013.JPG","2003 12 06 郭紋汎 彈唱","DSCF0013",".JPG","316382"
"\\Aaa_nas\iast\18_豆皮藝文咖啡廳第二期\數位檔案_整理\04 打羊秀(2000-2005)\2003 12 06 郭紋汎 彈唱\DSCF0014.JPG","2003 12 06 郭紋汎 彈唱","DSCF0014",".JPG","315401"
"\\Aaa_nas\iast\18_豆皮藝文咖啡廳第二期\數位檔案_整理\04 打羊秀(2000-2005)\2003 12 06 郭紋汎 彈唱\DSCF0020.JPG","2003 12 06 郭紋汎 彈唱","DSCF0020",".JPG","337083"
"\\Aaa_nas\iast\18_豆皮藝文咖啡廳第二期\數位檔案_整理\04 打羊秀(2000-2005)\2003 12 06 郭紋汎 彈唱\DSCF0021.JPG","2003 12 06 郭紋汎 彈唱","DSCF0021",".JPG","420665"
"\\Aaa_nas\iast\18_豆皮藝文咖啡廳第二期\數位檔案_整理\04 打羊秀(2000-2005)\2003 12 06 郭紋汎 彈唱\DSCF0022.JPG","2003 12 06 郭紋汎 彈唱","DSCF0022",".JPG","390292"
"\\Aaa_nas\iast\18_豆皮藝文咖啡廳第二期\數位檔案_整理\04 打羊秀(2000-2005)\2003 12 06 郭紋汎 彈唱\DSCF0025.JPG","2003 12 06 郭紋汎 彈唱","DSCF0025",".JPG","386919"
"\\Aaa_nas\iast\18_豆皮藝文咖啡廳第二期\數位檔案_整理\04 打羊秀(2000-2005)\2003 12 06 郭紋汎 彈唱\DSCF0026.JPG","2003 12 06 郭紋汎 彈唱","DSCF0026",".JPG","394177"
"\\Aaa_nas\iast\18_豆皮藝文咖啡廳第二期\數位檔案_整理\04 打羊秀(2000-2005)\2003 12 06 郭紋汎 彈唱\DSCF0028.JPG","2003 12 06 郭紋汎 彈唱","DSCF0028",".JPG","408915"
"\\Aaa_nas\iast\18_豆皮藝文咖啡廳第二期\數位檔案_整理\04 打羊秀(2000-2005)\2003 12 06 郭紋汎 彈唱\DSCF0030.JPG","2003 12 06 郭紋汎 彈唱","DSCF0030",".JPG","392813"
"\\Aaa_nas\iast\18_豆皮藝文咖啡廳第二期\數位檔案_整理\04 打羊秀(2000-2005)\2003 12 06 郭紋汎 彈唱\DSCF0032.JPG","2003 12 06 郭紋汎 彈唱","DSCF0032",".JPG","387849"
"\\Aaa_nas\iast\18_豆皮藝文咖啡廳第二期\數位檔案_整理\04 打羊秀(2000-2005)\2003 12 06 郭紋汎 彈唱\紋汎照片.jpg","2003 12 06 郭紋汎 彈唱","紋汎照片",".jpg","399128"
"\\Aaa_nas\iast\18_豆皮藝文咖啡廳第二期\數位檔案_整理\04 打羊秀(2000-2005)\2003 12 06 郭紋汎 彈唱\郭紋汎DSCF0033.AVI","2003 12 06 郭紋汎 彈唱","郭紋汎DSCF0033",".AVI","1800272"
"\\Aaa_nas\iast\18_豆皮藝文咖啡廳第二期\數位檔案_整理\04 打羊秀(2000-2005)\2003 12 06 郭紋汎 彈唱\郭紋汎DSCF0034.AVI","2003 12 06 郭紋汎 彈唱","郭紋汎DSCF0034",".AVI","825892"
"\\Aaa_nas\iast\18_豆皮藝文咖啡廳第二期\數位檔案_整理\04 打羊秀(2000-2005)\2003 12 06 郭紋汎 彈唱\郭紋汎DSCF0035.AVI","2003 12 06 郭紋汎 彈唱","郭紋汎DSCF0035",".AVI","9759948"
"\\Aaa_nas\iast\18_豆皮藝文咖啡廳第二期\數位檔案_整理\04 打羊秀(2000-2005)\2003 12 07 A-Maze (迷宮聲音藝術團)\200303臨界點-一杯咖啡兩齣好戲 羊2003042.JPG","2003 12 07 A-Maze (迷宮聲音藝術團)","200303臨界點-一杯咖啡兩齣好戲 羊2003042",".JPG","338979"
"\\Aaa_nas\iast\18_豆皮藝文咖啡廳第二期\數位檔案_整理\04 打羊秀(2000-2005)\2003 12 07 A-Maze (迷宮聲音藝術團)\DSCF0001 (6).JPG","2003 12 07 A-Maze (迷宮聲音藝術團)","DSCF0001 (6)",".JPG","319714"
"\\Aaa_nas\iast\18_豆皮藝文咖啡廳第二期\數位檔案_整理\04 打羊秀(2000-2005)\2003 12 07 A-Maze (迷宮聲音藝術團)\DSCF0002 (2).JPG","2003 12 07 A-Maze (迷宮聲音藝術團)","DSCF0002 (2)",".JPG","327361"
"\\Aaa_nas\iast\18_豆皮藝文咖啡廳第二期\數位檔案_整理\04 打羊秀(2000-2005)\2003 12 07 A-Maze (迷宮聲音藝術團)\DSCF0003 (3).JPG","2003 12 07 A-Maze (迷宮聲音藝術團)","DSCF0003 (3)",".JPG","330133"
"\\Aaa_nas\iast\18_豆皮藝文咖啡廳第二期\數位檔案_整理\04 打羊秀(2000-2005)\2003 12 07 A-Maze (迷宮聲音藝術團)\DSCF0004 (3).JPG","2003 12 07 A-Maze (迷宮聲音藝術團)","DSCF0004 (3)",".JPG","336165"
"\\Aaa_nas\iast\18_豆皮藝文咖啡廳第二期\數位檔案_整理\04 打羊秀(2000-2005)\2003 12 07 A-Maze (迷宮聲音藝術團)\DSCF0005 (3).JPG","2003 12 07 A-Maze (迷宮聲音藝術團)","DSCF0005 (3)",".JPG","349344"
"\\Aaa_nas\iast\18_豆皮藝文咖啡廳第二期\數位檔案_整理\04 打羊秀(2000-2005)\2003 12 07 A-Maze (迷宮聲音藝術團)\DSCF0006 (2).JPG","2003 12 07 A-Maze (迷宮聲音藝術團)","DSCF0006 (2)",".JPG","337213"
"\\Aaa_nas\iast\18_豆皮藝文咖啡廳第二期\數位檔案_整理\04 打羊秀(2000-2005)\2003 12 07 A-Maze (迷宮聲音藝術團)\DSCF0007 (2).JPG","2003 12 07 A-Maze (迷宮聲音藝術團)","DSCF0007 (2)",".JPG","338406"
"\\Aaa_nas\iast\18_豆皮藝文咖啡廳第二期\數位檔案_整理\04 打羊秀(2000-2005)\2003 12 07 A-Maze (迷宮聲音藝術團)\DSCF0008 (3).JPG","2003 12 07 A-Maze (迷宮聲音藝術團)","DSCF0008 (3)",".JPG","340048"
"\\Aaa_nas\iast\18_豆皮藝文咖啡廳第二期\數位檔案_整理\04 打羊秀(2000-2005)\2003 12 07 A-Maze (迷宮聲音藝術團)\DSCF0009 (3).JPG","2003 12 07 A-Maze (迷宮聲音藝術團)","DSCF0009 (3)",".JPG","341437"
"\\Aaa_nas\iast\18_豆皮藝文咖啡廳第二期\數位檔案_整理\04 打羊秀(2000-2005)\2003 12 07 A-Maze (迷宮聲音藝術團)\DSCF0010 (3).JPG","2003 12 07 A-Maze (迷宮聲音藝術團)","DSCF0010 (3)",".JPG","332787"
"\\Aaa_nas\iast\18_豆皮藝文咖啡廳第二期\數位檔案_整理\04 打羊秀(2000-2005)\2003 12 07 A-Maze (迷宮聲音藝術團)\DSCF0011 (4).JPG","2003 12 07 A-Maze (迷宮聲音藝術團)","DSCF0011 (4)",".JPG","335995"
"\\Aaa_nas\iast\18_豆皮藝文咖啡廳第二期\數位檔案_整理\04 打羊秀(2000-2005)\2003 12 07 A-Maze (迷宮聲音藝術團)\DSCF0012 (4).JPG","2003 12 07 A-Maze (迷宮聲音藝術團)","DSCF0012 (4)",".JPG","341587"
"\\Aaa_nas\iast\18_豆皮藝文咖啡廳第二期\數位檔案_整理\04 打羊秀(2000-2005)\2003 12 07 A-Maze (迷宮聲音藝術團)\DSCF0013 (4).JPG","2003 12 07 A-Maze (迷宮聲音藝術團)","DSCF0013 (4)",".JPG","341270"
"\\Aaa_nas\iast\18_豆皮藝文咖啡廳第二期\數位檔案_整理\04 打羊秀(2000-2005)\2003 12 07 A-Maze (迷宮聲音藝術團)\DSCF0014 (4).JPG","2003 12 07 A-Maze (迷宮聲音藝術團)","DSCF0014 (4)",".JPG","333356"
"\\Aaa_nas\iast\18_豆皮藝文咖啡廳第二期\數位檔案_整理\04 打羊秀(2000-2005)\2003 12 07 A-Maze (迷宮聲音藝術團)\DSCF0015 (3).JPG","2003 12 07 A-Maze (迷宮聲音藝術團)","DSCF0015 (3)",".JPG","332752"
"\\Aaa_nas\iast\18_豆皮藝文咖啡廳第二期\數位檔案_整理\04 打羊秀(2000-2005)\2003 12 07 A-Maze (迷宮聲音藝術團)\DSCF0016 (3).JPG","2003 12 07 A-Maze (迷宮聲音藝術團)","DSCF0016 (3)",".JPG","342452"
"\\Aaa_nas\iast\18_豆皮藝文咖啡廳第二期\數位檔案_整理\04 打羊秀(2000-2005)\2003 12 07 A-Maze (迷宮聲音藝術團)\DSCF0017 (2).JPG","2003 12 07 A-Maze (迷宮聲音藝術團)","DSCF0017 (2)",".JPG","338954"
"\\Aaa_nas\iast\18_豆皮藝文咖啡廳第二期\數位檔案_整理\04 打羊秀(2000-2005)\2003 12 07 A-Maze (迷宮聲音藝術團)\DSCF0018 (3).JPG","2003 12 07 A-Maze (迷宮聲音藝術團)","DSCF0018 (3)",".JPG","338068"
"\\Aaa_nas\iast\18_豆皮藝文咖啡廳第二期\數位檔案_整理\04 打羊秀(2000-2005)\2003 12 07 A-Maze (迷宮聲音藝術團)\DSCF0019 (3).JPG","2003 12 07 A-Maze (迷宮聲音藝術團)","DSCF0019 (3)",".JPG","334068"
"\\Aaa_nas\iast\18_豆皮藝文咖啡廳第二期\數位檔案_整理\04 打羊秀(2000-2005)\2003 12 07 A-Maze (迷宮聲音藝術團)\DSCF0020 (3).JPG","2003 12 07 A-Maze (迷宮聲音藝術團)","DSCF0020 (3)",".JPG","603240"
"\\Aaa_nas\iast\18_豆皮藝文咖啡廳第二期\數位檔案_整理\04 打羊秀(2000-2005)\2003 12 07 A-Maze (迷宮聲音藝術團)\DSCF0020 (4).JPG","2003 12 07 A-Maze (迷宮聲音藝術團)","DSCF0020 (4)",".JPG","335858"
"\\Aaa_nas\iast\18_豆皮藝文咖啡廳第二期\數位檔案_整理\04 打羊秀(2000-2005)\2003 12 07 A-Maze (迷宮聲音藝術團)\DSCF0021 (2).JPG","2003 12 07 A-Maze (迷宮聲音藝術團)","DSCF0021 (2)",".JPG","336714"
"\\Aaa_nas\iast\18_豆皮藝文咖啡廳第二期\數位檔案_整理\04 打羊秀(2000-2005)\2003 12 07 A-Maze (迷宮聲音藝術團)\DSCF0022 (3).JPG","2003 12 07 A-Maze (迷宮聲音藝術團)","DSCF0022 (3)",".JPG","335664"
"\\Aaa_nas\iast\18_豆皮藝文咖啡廳第二期\數位檔案_整理\04 打羊秀(2000-2005)\2003 12 07 A-Maze (迷宮聲音藝術團)\DSCF0023 (2).JPG","2003 12 07 A-Maze (迷宮聲音藝術團)","DSCF0023 (2)",".JPG","337533"
"\\Aaa_nas\iast\18_豆皮藝文咖啡廳第二期\數位檔案_整理\04 打羊秀(2000-2005)\2003 12 07 A-Maze (迷宮聲音藝術團)\DSCF0024 (2).JPG","2003 12 07 A-Maze (迷宮聲音藝術團)","DSCF0024 (2)",".JPG","329831"
"\\Aaa_nas\iast\18_豆皮藝文咖啡廳第二期\數位檔案_整理\04 打羊秀(2000-2005)\2003 12 07 A-Maze (迷宮聲音藝術團)\DSCF0025 (3).JPG","2003 12 07 A-Maze (迷宮聲音藝術團)","DSCF0025 (3)",".JPG","325917"
"\\Aaa_nas\iast\18_豆皮藝文咖啡廳第二期\數位檔案_整理\04 打羊秀(2000-2005)\2003 12 07 A-Maze (迷宮聲音藝術團)\DSCF0026 (3).JPG","2003 12 07 A-Maze (迷宮聲音藝術團)","DSCF0026 (3)",".JPG","327192"
"\\Aaa_nas\iast\18_豆皮藝文咖啡廳第二期\數位檔案_整理\04 打羊秀(2000-2005)\2003 12 07 A-Maze (迷宮聲音藝術團)\DSCF0027 (2).JPG","2003 12 07 A-Maze (迷宮聲音藝術團)","DSCF0027 (2)",".JPG","347882"
"\\Aaa_nas\iast\18_豆皮藝文咖啡廳第二期\數位檔案_整理\04 打羊秀(2000-2005)\2003 12 07 A-Maze (迷宮聲音藝術團)\DSCF0028 (3).JPG","2003 12 07 A-Maze (迷宮聲音藝術團)","DSCF0028 (3)",".JPG","341427"
"\\Aaa_nas\iast\18_豆皮藝文咖啡廳第二期\數位檔案_整理\04 打羊秀(2000-2005)\2003 12 07 A-Maze (迷宮聲音藝術團)\DSCF0029 (2).JPG","2003 12 07 A-Maze (迷宮聲音藝術團)","DSCF0029 (2)",".JPG","336270"
"\\Aaa_nas\iast\18_豆皮藝文咖啡廳第二期\數位檔案_整理\04 打羊秀(2000-2005)\2003 12 07 A-Maze (迷宮聲音藝術團)\DSCF0030 (3).JPG","2003 12 07 A-Maze (迷宮聲音藝術團)","DSCF0030 (3)",".JPG","336799"
"\\Aaa_nas\iast\18_豆皮藝文咖啡廳第二期\數位檔案_整理\04 打羊秀(2000-2005)\2003 12 07 A-Maze (迷宮聲音藝術團)\DSCF0031 (4).JPG","2003 12 07 A-Maze (迷宮聲音藝術團)","DSCF0031 (4)",".JPG","330043"
"\\Aaa_nas\iast\18_豆皮藝文咖啡廳第二期\數位檔案_整理\04 打羊秀(2000-2005)\2003 12 07 A-Maze (迷宮聲音藝術團)\DSCF0032 (3).JPG","2003 12 07 A-Maze (迷宮聲音藝術團)","DSCF0032 (3)",".JPG","334872"
"\\Aaa_nas\iast\18_豆皮藝文咖啡廳第二期\數位檔案_整理\04 打羊秀(2000-2005)\2003 12 07 A-Maze (迷宮聲音藝術團)\DSCF0033 (3).JPG","2003 12 07 A-Maze (迷宮聲音藝術團)","DSCF0033 (3)",".JPG","327344"
"\\Aaa_nas\iast\18_豆皮藝文咖啡廳第二期\數位檔案_整理\04 打羊秀(2000-2005)\2003 12 07 A-Maze (迷宮聲音藝術團)\DSCF0034.JPG","2003 12 07 A-Maze (迷宮聲音藝術團)","DSCF0034",".JPG","343014"
"\\Aaa_nas\iast\18_豆皮藝文咖啡廳第二期\數位檔案_整理\04 打羊秀(2000-2005)\2003 12 07 A-Maze (迷宮聲音藝術團)\DSCF0036 (2).JPG","2003 12 07 A-Maze (迷宮聲音藝術團)","DSCF0036 (2)",".JPG","332823"
"\\Aaa_nas\iast\18_豆皮藝文咖啡廳第二期\數位檔案_整理\04 打羊秀(2000-2005)\2003 12 07 A-Maze (迷宮聲音藝術團)\DSCF0038 (3).JPG","2003 12 07 A-Maze (迷宮聲音藝術團)","DSCF0038 (3)",".JPG","353297"
"\\Aaa_nas\iast\18_豆皮藝文咖啡廳第二期\數位檔案_整理\04 打羊秀(2000-2005)\2003 12 07 A-Maze (迷宮聲音藝術團)\DSCF0039 (2).JPG","2003 12 07 A-Maze (迷宮聲音藝術團)","DSCF0039 (2)",".JPG","334755"
"\\Aaa_nas\iast\18_豆皮藝文咖啡廳第二期\數位檔案_整理\04 打羊秀(2000-2005)\2003 12 07 A-Maze (迷宮聲音藝術團)\DSCF0040 (2).JPG","2003 12 07 A-Maze (迷宮聲音藝術團)","DSCF0040 (2)",".JPG","339455"
"\\Aaa_nas\iast\18_豆皮藝文咖啡廳第二期\數位檔案_整理\04 打羊秀(2000-2005)\2003 12 07 A-Maze (迷宮聲音藝術團)\DSCF0041 (3).JPG","2003 12 07 A-Maze (迷宮聲音藝術團)","DSCF0041 (3)",".JPG","326869"
"\\Aaa_nas\iast\18_豆皮藝文咖啡廳第二期\數位檔案_整理\04 打羊秀(2000-2005)\2003 12 07 A-Maze (迷宮聲音藝術團)\DSCF0042 (3).JPG","2003 12 07 A-Maze (迷宮聲音藝術團)","DSCF0042 (3)",".JPG","326157"
"\\Aaa_nas\iast\18_豆皮藝文咖啡廳第二期\數位檔案_整理\04 打羊秀(2000-2005)\2003 12 07 A-Maze (迷宮聲音藝術團)\DSCF0043 (3).JPG","2003 12 07 A-Maze (迷宮聲音藝術團)","DSCF0043 (3)",".JPG","330254"
"\\Aaa_nas\iast\18_豆皮藝文咖啡廳第二期\數位檔案_整理\04 打羊秀(2000-2005)\2003 12 07 A-Maze (迷宮聲音藝術團)\DSCF0044 (3).JPG","2003 12 07 A-Maze (迷宮聲音藝術團)","DSCF0044 (3)",".JPG","337109"
"\\Aaa_nas\iast\18_豆皮藝文咖啡廳第二期\數位檔案_整理\04 打羊秀(2000-2005)\2003 12 07 A-Maze (迷宮聲音藝術團)\羊2003041.JPG","2003 12 07 A-Maze (迷宮聲音藝術團)","羊2003041",".JPG","317183"
"\\Aaa_nas\iast\18_豆皮藝文咖啡廳第二期\數位檔案_整理\04 打羊秀(2000-2005)\2003 12 07 A-Maze (迷宮聲音藝術團)\羊2003044.JPG","2003 12 07 A-Maze (迷宮聲音藝術團)","羊2003044",".JPG","92859"
"\\Aaa_nas\iast\18_豆皮藝文咖啡廳第二期\數位檔案_整理\04 打羊秀(2000-2005)\2003 12 07 A-Maze (迷宮聲音藝術團)\陳怡儒.Carol.臨界點劇象錄+迷宮聲音藝術團.臨界點劇象錄DSCF0035.JPG","2003 12 07 A-Maze (迷宮聲音藝術團)","陳怡儒.Carol.臨界點劇象錄+迷宮聲音藝術團.臨界點劇象錄DSCF0035",".JPG","326208"
"\\Aaa_nas\iast\18_豆皮藝文咖啡廳第二期\數位檔案_整理\04 打羊秀(2000-2005)\2003 12 07 Carol (黎芳如、卡肉) 彈唱\DSCF0011 (3).JPG","2003 12 07 Carol (黎芳如、卡肉) 彈唱","DSCF0011 (3)",".JPG","597826"
"\\Aaa_nas\iast\18_豆皮藝文咖啡廳第二期\數位檔案_整理\04 打羊秀(2000-2005)\2003 12 07 Carol (黎芳如、卡肉) 彈唱\DSCF0012 (3).JPG","2003 12 07 Carol (黎芳如、卡肉) 彈唱","DSCF0012 (3)",".JPG","599330"
"\\Aaa_nas\iast\18_豆皮藝文咖啡廳第二期\數位檔案_整理\04 打羊秀(2000-2005)\2003 12 07 Carol (黎芳如、卡肉) 彈唱\DSCF0013 (3).JPG","2003 12 07 Carol (黎芳如、卡肉) 彈唱","DSCF0013 (3)",".JPG","569371"
"\\Aaa_nas\iast\18_豆皮藝文咖啡廳第二期\數位檔案_整理\04 打羊秀(2000-2005)\2003 12 07 Carol (黎芳如、卡肉) 彈唱\DSCF0014 (3).JPG","2003 12 07 Carol (黎芳如、卡肉) 彈唱","DSCF0014 (3)",".JPG","559039"
"\\Aaa_nas\iast\18_豆皮藝文咖啡廳第二期\數位檔案_整理\04 打羊秀(2000-2005)\2003 12 07 Carol (黎芳如、卡肉) 彈唱\DSCF0015 (2).JPG","2003 12 07 Carol (黎芳如、卡肉) 彈唱","DSCF0015 (2)",".JPG","591710"
"\\Aaa_nas\iast\18_豆皮藝文咖啡廳第二期\數位檔案_整理\04 打羊秀(2000-2005)\2003 12 07 Carol (黎芳如、卡肉) 彈唱\DSCF0016 (2).JPG","2003 12 07 Carol (黎芳如、卡肉) 彈唱","DSCF0016 (2)",".JPG","607432"
"\\Aaa_nas\iast\18_豆皮藝文咖啡廳第二期\數位檔案_整理\04 打羊秀(2000-2005)\2003 12 07 臨界點劇象錄\DSCF0019 (2).JPG","2003 12 07 臨界點劇象錄","DSCF0019 (2)",".JPG","567990"
"\\Aaa_nas\iast\18_豆皮藝文咖啡廳第二期\數位檔案_整理\04 打羊秀(2000-2005)\2003 12 07 臨界點劇象錄\DSCF0030 (2).JPG","2003 12 07 臨界點劇象錄","DSCF0030 (2)",".JPG","615818"
"\\Aaa_nas\iast\18_豆皮藝文咖啡廳第二期\數位檔案_整理\04 打羊秀(2000-2005)\2003 12 07 臨界點劇象錄\DSCF0032 (2).JPG","2003 12 07 臨界點劇象錄","DSCF0032 (2)",".JPG","582063"
"\\Aaa_nas\iast\18_豆皮藝文咖啡廳第二期\數位檔案_整理\04 打羊秀(2000-2005)\2003 12 07 臨界點劇象錄\DSCF0037 (2).JPG","2003 12 07 臨界點劇象錄","DSCF0037 (2)",".JPG","583902"
"\\Aaa_nas\iast\18_豆皮藝文咖啡廳第二期\數位檔案_整理\04 打羊秀(2000-2005)\2003 12 07 臨界點劇象錄\DSCF0038 (2).JPG","2003 12 07 臨界點劇象錄","DSCF0038 (2)",".JPG","592015"
"\\Aaa_nas\iast\18_豆皮藝文咖啡廳第二期\數位檔案_整理\04 打羊秀(2000-2005)\2003 12 07 臨界點劇象錄\DSCF0041 (2).JPG","2003 12 07 臨界點劇象錄","DSCF0041 (2)",".JPG","568121"
"\\Aaa_nas\iast\18_豆皮藝文咖啡廳第二期\數位檔案_整理\04 打羊秀(2000-2005)\2003 12 07 臨界點劇象錄\DSCF0042 (2).JPG","2003 12 07 臨界點劇象錄","DSCF0042 (2)",".JPG","565690"
"\\Aaa_nas\iast\18_豆皮藝文咖啡廳第二期\數位檔案_整理\04 打羊秀(2000-2005)\2003 12 07 臨界點劇象錄\DSCF0044 (2).JPG","2003 12 07 臨界點劇象錄","DSCF0044 (2)",".JPG","562919"
"\\Aaa_nas\iast\18_豆皮藝文咖啡廳第二期\數位檔案_整理\04 打羊秀(2000-2005)\2003 12 07 臨界點劇象錄\DSCF0045.JPG","2003 12 07 臨界點劇象錄","DSCF0045",".JPG","568662"
"\\Aaa_nas\iast\18_豆皮藝文咖啡廳第二期\數位檔案_整理\04 打羊秀(2000-2005)\2003 12 07 臨界點劇象錄\DSCF0046.JPG","2003 12 07 臨界點劇象錄","DSCF0046",".JPG","566176"
"\\Aaa_nas\iast\18_豆皮藝文咖啡廳第二期\數位檔案_整理\04 打羊秀(2000-2005)\2003 12 07 臨界點劇象錄\DSCF0048 (2).JPG","2003 12 07 臨界點劇象錄","DSCF0048 (2)",".JPG","586307"
"\\Aaa_nas\iast\18_豆皮藝文咖啡廳第二期\數位檔案_整理\04 打羊秀(2000-2005)\2003 12 07 臨界點劇象錄\DSCF0049.JPG","2003 12 07 臨界點劇象錄","DSCF0049",".JPG","602606"
"\\Aaa_nas\iast\18_豆皮藝文咖啡廳第二期\數位檔案_整理\04 打羊秀(2000-2005)\2003 12 07 臨界點劇象錄\DSCF0050 (2).JPG","2003 12 07 臨界點劇象錄","DSCF0050 (2)",".JPG","611364"
"\\Aaa_nas\iast\18_豆皮藝文咖啡廳第二期\數位檔案_整理\04 打羊秀(2000-2005)\2003 12 07 臨界點劇象錄\DSCF0051 (2).JPG","2003 12 07 臨界點劇象錄","DSCF0051 (2)",".JPG","560524"
"\\Aaa_nas\iast\18_豆皮藝文咖啡廳第二期\數位檔案_整理\04 打羊秀(2000-2005)\2003 12 07 臨界點劇象錄\DSCF0052 (2).JPG","2003 12 07 臨界點劇象錄","DSCF0052 (2)",".JPG","570185"
"\\Aaa_nas\iast\18_豆皮藝文咖啡廳第二期\數位檔案_整理\04 打羊秀(2000-2005)\2003 12 07 臨界點劇象錄\DSCF0053 (2).JPG","2003 12 07 臨界點劇象錄","DSCF0053 (2)",".JPG","574181"
"\\Aaa_nas\iast\18_豆皮藝文咖啡廳第二期\數位檔案_整理\04 打羊秀(2000-2005)\2003 12 07 臨界點劇象錄\DSCF0054 (2).JPG","2003 12 07 臨界點劇象錄","DSCF0054 (2)",".JPG","572550"
"\\Aaa_nas\iast\18_豆皮藝文咖啡廳第二期\數位檔案_整理\04 打羊秀(2000-2005)\2003 12 07 臨界點劇象錄\DSCF0055.JPG","2003 12 07 臨界點劇象錄","DSCF0055",".JPG","591597"
"\\Aaa_nas\iast\18_豆皮藝文咖啡廳第二期\數位檔案_整理\04 打羊秀(2000-2005)\2003 12 07 臨界點劇象錄\DSCF0056 (2).JPG","2003 12 07 臨界點劇象錄","DSCF0056 (2)",".JPG","599223"
"\\Aaa_nas\iast\18_豆皮藝文咖啡廳第二期\數位檔案_整理\04 打羊秀(2000-2005)\2003 12 07 陳怡儒\DSCF0018 (2).JPG","2003 12 07 陳怡儒","DSCF0018 (2)",".JPG","595225"
"\\Aaa_nas\iast\18_豆皮藝文咖啡廳第二期\數位檔案_整理\04 打羊秀(2000-2005)\2003 12 07 陳怡儒\DSCF0043 (2).JPG","2003 12 07 陳怡儒","DSCF0043 (2)",".JPG","604799"
"\\Aaa_nas\iast\18_豆皮藝文咖啡廳第二期\數位檔案_整理\04 打羊秀(2000-2005)\2003 12 07 陳怡儒\DSCF0047 (2).JPG","2003 12 07 陳怡儒","DSCF0047 (2)",".JPG","636296"
"\\Aaa_nas\iast\18_豆皮藝文咖啡廳第二期\數位檔案_整理\04 打羊秀(2000-2005)\2003 12 07 陳怡儒\DSCF0057 (2).JPG","2003 12 07 陳怡儒","DSCF0057 (2)",".JPG","616509"
"\\Aaa_nas\iast\18_豆皮藝文咖啡廳第二期\數位檔案_整理\04 打羊秀(2000-2005)\2003 12 07 陳怡儒\DSCF0060 (2).JPG","2003 12 07 陳怡儒","DSCF0060 (2)",".JPG","628536"
"\\Aaa_nas\iast\18_豆皮藝文咖啡廳第二期\數位檔案_整理\04 打羊秀(2000-2005)\2003 12 07 陳怡儒\DSCF0061.JPG","2003 12 07 陳怡儒","DSCF0061",".JPG","634047"
"\\Aaa_nas\iast\18_豆皮藝文咖啡廳第二期\數位檔案_整理\04 打羊秀(2000-2005)\2003 12 07 陳怡儒\DSCF0062.JPG","2003 12 07 陳怡儒","DSCF0062",".JPG","623249"
"\\Aaa_nas\iast\18_豆皮藝文咖啡廳第二期\數位檔案_整理\04 打羊秀(2000-2005)\2003 12 07 陳怡儒\DSCF0063 (2).JPG","2003 12 07 陳怡儒","DSCF0063 (2)",".JPG","617551"
"\\Aaa_nas\iast\18_豆皮藝文咖啡廳第二期\數位檔案_整理\04 打羊秀(2000-2005)\2003 12 07 陳怡儒\DSCF0064 (2).JPG","2003 12 07 陳怡儒","DSCF0064 (2)",".JPG","616807"
"\\Aaa_nas\iast\18_豆皮藝文咖啡廳第二期\數位檔案_整理\04 打羊秀(2000-2005)\2003 12 07 陳怡儒\DSCF0065 (2).JPG","2003 12 07 陳怡儒","DSCF0065 (2)",".JPG","599159"
"\\Aaa_nas\iast\18_豆皮藝文咖啡廳第二期\數位檔案_整理\04 打羊秀(2000-2005)\2003 12 07 陳怡儒\DSCF0066.JPG","2003 12 07 陳怡儒","DSCF0066",".JPG","636328"
"\\Aaa_nas\iast\18_豆皮藝文咖啡廳第二期\數位檔案_整理\04 打羊秀(2000-2005)\2003 12 07 陳怡儒\DSCF0067.JPG","2003 12 07 陳怡儒","DSCF0067",".JPG","614711"
"\\Aaa_nas\iast\18_豆皮藝文咖啡廳第二期\數位檔案_整理\04 打羊秀(2000-2005)\2003 12 07 陳怡儒\DSCF0068 (2).JPG","2003 12 07 陳怡儒","DSCF0068 (2)",".JPG","633275"
"\\Aaa_nas\iast\18_豆皮藝文咖啡廳第二期\數位檔案_整理\04 打羊秀(2000-2005)\2003 12 07 陳怡儒\DSCF0069 (2).JPG","2003 12 07 陳怡儒","DSCF0069 (2)",".JPG","599368"
"\\Aaa_nas\iast\18_豆皮藝文咖啡廳第二期\數位檔案_整理\04 打羊秀(2000-2005)\2003 12 07 陳怡儒\DSCF0073 (2).JPG","2003 12 07 陳怡儒","DSCF0073 (2)",".JPG","594569"
"\\Aaa_nas\iast\18_豆皮藝文咖啡廳第二期\數位檔案_整理\04 打羊秀(2000-2005)\2003 12 07 陳怡儒\DSCF0074.JPG","2003 12 07 陳怡儒","DSCF0074",".JPG","608675"
"\\Aaa_nas\iast\18_豆皮藝文咖啡廳第二期\數位檔案_整理\04 打羊秀(2000-2005)\2003 12 07 陳怡儒\DSCF0075 (2).JPG","2003 12 07 陳怡儒","DSCF0075 (2)",".JPG","609736"
"\\Aaa_nas\iast\18_豆皮藝文咖啡廳第二期\數位檔案_整理\04 打羊秀(2000-2005)\2003 12 07 陳怡儒\DSCF0076 (2).JPG","2003 12 07 陳怡儒","DSCF0076 (2)",".JPG","590192"
"\\Aaa_nas\iast\18_豆皮藝文咖啡廳第二期\數位檔案_整理\04 打羊秀(2000-2005)\2003 12 07 陳怡儒\DSCF0077 (2).JPG","2003 12 07 陳怡儒","DSCF0077 (2)",".JPG","621668"
"\\Aaa_nas\iast\18_豆皮藝文咖啡廳第二期\數位檔案_整理\04 打羊秀(2000-2005)\2003 12 07 陳怡儒\DSCF0079.JPG","2003 12 07 陳怡儒","DSCF0079",".JPG","618752"
"\\Aaa_nas\iast\18_豆皮藝文咖啡廳第二期\數位檔案_整理\04 打羊秀(2000-2005)\2003 12 07 陳怡儒\DSCF0080 (2).JPG","2003 12 07 陳怡儒","DSCF0080 (2)",".JPG","605671"
"\\Aaa_nas\iast\18_豆皮藝文咖啡廳第二期\數位檔案_整理\04 打羊秀(2000-2005)\2003 12 07 陳怡儒\DSCF0082 (2).JPG","2003 12 07 陳怡儒","DSCF0082 (2)",".JPG","614300"
"\\Aaa_nas\iast\18_豆皮藝文咖啡廳第二期\數位檔案_整理\04 打羊秀(2000-2005)\2003 12 07 陳怡儒\DSCF0083 (2).JPG","2003 12 07 陳怡儒","DSCF0083 (2)",".JPG","620628"
"\\Aaa_nas\iast\18_豆皮藝文咖啡廳第二期\數位檔案_整理\04 打羊秀(2000-2005)\2003 12 07 陳怡儒\DSCF0084 (2).JPG","2003 12 07 陳怡儒","DSCF0084 (2)",".JPG","591843"
"\\Aaa_nas\iast\18_豆皮藝文咖啡廳第二期\數位檔案_整理\04 打羊秀(2000-2005)\2003 12 07 陳怡儒\DSCF0085 (2).JPG","2003 12 07 陳怡儒","DSCF0085 (2)",".JPG","604708"
"\\Aaa_nas\iast\18_豆皮藝文咖啡廳第二期\數位檔案_整理\04 打羊秀(2000-2005)\2003 12 07 陳怡儒\DSCF0086 (2).JPG","2003 12 07 陳怡儒","DSCF0086 (2)",".JPG","604290"
"\\Aaa_nas\iast\18_豆皮藝文咖啡廳第二期\數位檔案_整理\04 打羊秀(2000-2005)\2003 12 07 陳怡儒\DSCF0087 (2).JPG","2003 12 07 陳怡儒","DSCF0087 (2)",".JPG","599311"
"\\Aaa_nas\iast\18_豆皮藝文咖啡廳第二期\數位檔案_整理\04 打羊秀(2000-2005)\2003 12 07 陳怡儒\DSCF0088 (2).JPG","2003 12 07 陳怡儒","DSCF0088 (2)",".JPG","614445"
"\\Aaa_nas\iast\18_豆皮藝文咖啡廳第二期\數位檔案_整理\04 打羊秀(2000-2005)\2003 12 07 陳怡儒\DSCF0089 (2).JPG","2003 12 07 陳怡儒","DSCF0089 (2)",".JPG","610563"
"\\Aaa_nas\iast\18_豆皮藝文咖啡廳第二期\數位檔案_整理\04 打羊秀(2000-2005)\2003 12 07 陳怡儒\DSCF0090.JPG","2003 12 07 陳怡儒","DSCF0090",".JPG","611791"
"\\Aaa_nas\iast\18_豆皮藝文咖啡廳第二期\數位檔案_整理\04 打羊秀(2000-2005)\2003 12 07 陳怡儒\DSCF0091.JPG","2003 12 07 陳怡儒","DSCF0091",".JPG","604257"
"\\Aaa_nas\iast\18_豆皮藝文咖啡廳第二期\數位檔案_整理\04 打羊秀(2000-2005)\2003 12 07 陳怡儒\DSCF0092 (2).JPG","2003 12 07 陳怡儒","DSCF0092 (2)",".JPG","607126"
"\\Aaa_nas\iast\18_豆皮藝文咖啡廳第二期\數位檔案_整理\04 打羊秀(2000-2005)\2003 12 07 陳怡儒\DSCF0093.JPG","2003 12 07 陳怡儒","DSCF0093",".JPG","588998"
"\\Aaa_nas\iast\18_豆皮藝文咖啡廳第二期\數位檔案_整理\04 打羊秀(2000-2005)\2003 12 07 陳怡儒\豬2003023.JPG","2003 12 07 陳怡儒","豬2003023",".JPG","587023"
"\\Aaa_nas\iast\18_豆皮藝文咖啡廳第二期\數位檔案_整理\04 打羊秀(2000-2005)\2003 12 07 陳怡儒\陳怡儒.Carol.臨界點劇象錄+迷宮聲音藝術團.臨界點劇象錄DSCF0059 (2).JPG","2003 12 07 陳怡儒","陳怡儒.Carol.臨界點劇象錄+迷宮聲音藝術團.臨界點劇象錄DSCF0059 (2)",".JPG","641240"
"\\Aaa_nas\iast\18_豆皮藝文咖啡廳第二期\數位檔案_整理\04 打羊秀(2000-2005)\2003 12 07 陳怡儒\陳怡儒.jpg","2003 12 07 陳怡儒","陳怡儒",".jpg","434304"
"\\Aaa_nas\iast\18_豆皮藝文咖啡廳第二期\數位檔案_整理\04 打羊秀(2000-2005)\2003 12 12 林其蔚 兩段式電音退化論\12_12魔音賤人林其蔚_______迷惑你耳膜最敏感的區域.eml","2003 12 12 林其蔚 兩段式電音退化論","12_12魔音賤人林其蔚_______迷惑你耳膜最敏感的區域",".eml","8178"
"\\Aaa_nas\iast\18_豆皮藝文咖啡廳第二期\數位檔案_整理\04 打羊秀(2000-2005)\2003 12 12 林其蔚 兩段式電音退化論\200312林其蔚 林其蔚03.jpg","2003 12 12 林其蔚 兩段式電音退化論","200312林其蔚 林其蔚03",".jpg","41971"
"\\Aaa_nas\iast\18_豆皮藝文咖啡廳第二期\數位檔案_整理\04 打羊秀(2000-2005)\2003 12 12 林其蔚 兩段式電音退化論\林其蔚01.jpg","2003 12 12 林其蔚 兩段式電音退化論","林其蔚01",".jpg","25225"
"\\Aaa_nas\iast\18_豆皮藝文咖啡廳第二期\數位檔案_整理\04 打羊秀(2000-2005)\2003 12 12 林其蔚 兩段式電音退化論\林其蔚02.jpg","2003 12 12 林其蔚 兩段式電音退化論","林其蔚02",".jpg","43702"
"\\Aaa_nas\iast\18_豆皮藝文咖啡廳第二期\數位檔案_整理\04 打羊秀(2000-2005)\2003 12 12 林其蔚 兩段式電音退化論\林其蔚的兩段式電音退化論.txt","2003 12 12 林其蔚 兩段式電音退化論","林其蔚的兩段式電音退化論",".txt","499"
"\\Aaa_nas\iast\18_豆皮藝文咖啡廳第二期\數位檔案_整理\04 打羊秀(2000-2005)\2003 12 28 放樂\200312022.JPG","2003 12 28 放樂","200312022",".JPG","198923"
"\\Aaa_nas\iast\18_豆皮藝文咖啡廳第二期\數位檔案_整理\04 打羊秀(2000-2005)\2003 12 28 放樂\200312023.JPG","2003 12 28 放樂","200312023",".JPG","226494"
"\\Aaa_nas\iast\18_豆皮藝文咖啡廳第二期\數位檔案_整理\04 打羊秀(2000-2005)\2003 12 28 放樂\200312024.JPG","2003 12 28 放樂","200312024",".JPG","170849"
"\\Aaa_nas\iast\18_豆皮藝文咖啡廳第二期\數位檔案_整理\04 打羊秀(2000-2005)\2003 12 28 放樂\200312025.JPG","2003 12 28 放樂","200312025",".JPG","183532"
"\\Aaa_nas\iast\18_豆皮藝文咖啡廳第二期\數位檔案_整理\04 打羊秀(2000-2005)\2003 12 28 放樂\200312026.JPG","2003 12 28 放樂","200312026",".JPG","143207"
"\\Aaa_nas\iast\18_豆皮藝文咖啡廳第二期\數位檔案_整理\04 打羊秀(2000-2005)\2003 12 28 放樂\200312028.JPG","2003 12 28 放樂","200312028",".JPG","207224"
"\\Aaa_nas\iast\18_豆皮藝文咖啡廳第二期\數位檔案_整理\04 打羊秀(2000-2005)\2003 12 28 放樂\DSCF0001 (4).JPG","2003 12 28 放樂","DSCF0001 (4)",".JPG","386333"
"\\Aaa_nas\iast\18_豆皮藝文咖啡廳第二期\數位檔案_整理\04 打羊秀(2000-2005)\2003 12 28 放樂\DSCF0001 (5).JPG","2003 12 28 放樂","DSCF0001 (5)",".JPG","411638"
"\\Aaa_nas\iast\18_豆皮藝文咖啡廳第二期\數位檔案_整理\04 打羊秀(2000-2005)\2003 12 28 放樂\DSCF0002 (5).JPG","2003 12 28 放樂","DSCF0002 (5)",".JPG","394873"
"\\Aaa_nas\iast\18_豆皮藝文咖啡廳第二期\數位檔案_整理\04 打羊秀(2000-2005)\2003 12 28 放樂\DSCF0003 (5).JPG","2003 12 28 放樂","DSCF0003 (5)",".JPG","385018"
"\\Aaa_nas\iast\18_豆皮藝文咖啡廳第二期\數位檔案_整理\04 打羊秀(2000-2005)\2003 12 28 放樂\DSCF0004 (4).JPG","2003 12 28 放樂","DSCF0004 (4)",".JPG","383962"
"\\Aaa_nas\iast\18_豆皮藝文咖啡廳第二期\數位檔案_整理\04 打羊秀(2000-2005)\2003 12 28 放樂\DSCF0005 (4).JPG","2003 12 28 放樂","DSCF0005 (4)",".JPG","398694"
"\\Aaa_nas\iast\18_豆皮藝文咖啡廳第二期\數位檔案_整理\04 打羊秀(2000-2005)\2003 12 28 放樂\DSCF0006 (3).JPG","2003 12 28 放樂","DSCF0006 (3)",".JPG","387566"
"\\Aaa_nas\iast\18_豆皮藝文咖啡廳第二期\數位檔案_整理\04 打羊秀(2000-2005)\2003 12 28 放樂\DSCF0007 (3).JPG","2003 12 28 放樂","DSCF0007 (3)",".JPG","405464"
"\\Aaa_nas\iast\18_豆皮藝文咖啡廳第二期\數位檔案_整理\04 打羊秀(2000-2005)\2003 12 28 放樂\DSCF0008 (4).JPG","2003 12 28 放樂","DSCF0008 (4)",".JPG","407885"
"\\Aaa_nas\iast\18_豆皮藝文咖啡廳第二期\數位檔案_整理\04 打羊秀(2000-2005)\2003 12 28 放樂\DSCF0009 (5).JPG","2003 12 28 放樂","DSCF0009 (5)",".JPG","409442"
"\\Aaa_nas\iast\18_豆皮藝文咖啡廳第二期\數位檔案_整理\04 打羊秀(2000-2005)\2003 12 28 放樂\DSCF0010 (4).JPG","2003 12 28 放樂","DSCF0010 (4)",".JPG","408006"
"\\Aaa_nas\iast\18_豆皮藝文咖啡廳第二期\數位檔案_整理\04 打羊秀(2000-2005)\2003 12 28 放樂\DSCF0011 (5).JPG","2003 12 28 放樂","DSCF0011 (5)",".JPG","1238740"
"\\Aaa_nas\iast\18_豆皮藝文咖啡廳第二期\數位檔案_整理\04 打羊秀(2000-2005)\2003 12 28 放樂\DSCF0011 (6).JPG","2003 12 28 放樂","DSCF0011 (6)",".JPG","404545"
"\\Aaa_nas\iast\18_豆皮藝文咖啡廳第二期\數位檔案_整理\04 打羊秀(2000-2005)\2003 12 28 放樂\DSCF0012 (6).JPG","2003 12 28 放樂","DSCF0012 (6)",".JPG","401344"
"\\Aaa_nas\iast\18_豆皮藝文咖啡廳第二期\數位檔案_整理\04 打羊秀(2000-2005)\2003 12 28 放樂\DSCF0013 (5).JPG","2003 12 28 放樂","DSCF0013 (5)",".JPG","384555"
"\\Aaa_nas\iast\18_豆皮藝文咖啡廳第二期\數位檔案_整理\04 打羊秀(2000-2005)\2003 12 28 放樂\DSCF0014 (5).JPG","2003 12 28 放樂","DSCF0014 (5)",".JPG","386187"
"\\Aaa_nas\iast\18_豆皮藝文咖啡廳第二期\數位檔案_整理\04 打羊秀(2000-2005)\2003 12 28 放樂\DSCF0016 (5).JPG","2003 12 28 放樂","DSCF0016 (5)",".JPG","407367"
"\\Aaa_nas\iast\18_豆皮藝文咖啡廳第二期\數位檔案_整理\04 打羊秀(2000-2005)\2003 12 28 放樂\DSCF0017 (3).JPG","2003 12 28 放樂","DSCF0017 (3)",".JPG","410664"
"\\Aaa_nas\iast\18_豆皮藝文咖啡廳第二期\數位檔案_整理\04 打羊秀(2000-2005)\2003 12 28 放樂\DSCF0018 (4).JPG","2003 12 28 放樂","DSCF0018 (4)",".JPG","1171993"
"\\Aaa_nas\iast\18_豆皮藝文咖啡廳第二期\數位檔案_整理\04 打羊秀(2000-2005)\2003 12 28 放樂\DSCF0018 (5).JPG","2003 12 28 放樂","DSCF0018 (5)",".JPG","407852"
"\\Aaa_nas\iast\18_豆皮藝文咖啡廳第二期\數位檔案_整理\04 打羊秀(2000-2005)\2003 12 28 放樂\DSCF0019 (4).JPG","2003 12 28 放樂","DSCF0019 (4)",".JPG","1216198"
"\\Aaa_nas\iast\18_豆皮藝文咖啡廳第二期\數位檔案_整理\04 打羊秀(2000-2005)\2003 12 28 放樂\DSCF0019 (5).JPG","2003 12 28 放樂","DSCF0019 (5)",".JPG","396445"
"\\Aaa_nas\iast\18_豆皮藝文咖啡廳第二期\數位檔案_整理\04 打羊秀(2000-2005)\2003 12 28 放樂\DSCF0020 (5).JPG","2003 12 28 放樂","DSCF0020 (5)",".JPG","1215777"
"\\Aaa_nas\iast\18_豆皮藝文咖啡廳第二期\數位檔案_整理\04 打羊秀(2000-2005)\2003 12 28 放樂\DSCF0020 (6).JPG","2003 12 28 放樂","DSCF0020 (6)",".JPG","381660"
"\\Aaa_nas\iast\18_豆皮藝文咖啡廳第二期\數位檔案_整理\04 打羊秀(2000-2005)\2003 12 28 放樂\DSCF0021 (4).JPG","2003 12 28 放樂","DSCF0021 (4)",".JPG","406116"
"\\Aaa_nas\iast\18_豆皮藝文咖啡廳第二期\數位檔案_整理\04 打羊秀(2000-2005)\2003 12 28 放樂\DSCF0022 (4).JPG","2003 12 28 放樂","DSCF0022 (4)",".JPG","1167176"
"\\Aaa_nas\iast\18_豆皮藝文咖啡廳第二期\數位檔案_整理\04 打羊秀(2000-2005)\2003 12 28 放樂\DSCF0022 (5).JPG","2003 12 28 放樂","DSCF0022 (5)",".JPG","385236"
"\\Aaa_nas\iast\18_豆皮藝文咖啡廳第二期\數位檔案_整理\04 打羊秀(2000-2005)\2003 12 28 放樂\DSCF0023 (3).JPG","2003 12 28 放樂","DSCF0023 (3)",".JPG","1205478"
"\\Aaa_nas\iast\18_豆皮藝文咖啡廳第二期\數位檔案_整理\04 打羊秀(2000-2005)\2003 12 28 放樂\DSCF0023 (4).JPG","2003 12 28 放樂","DSCF0023 (4)",".JPG","378476"
"\\Aaa_nas\iast\18_豆皮藝文咖啡廳第二期\數位檔案_整理\04 打羊秀(2000-2005)\2003 12 28 放樂\DSCF0024 (3).JPG","2003 12 28 放樂","DSCF0024 (3)",".JPG","390794"
"\\Aaa_nas\iast\18_豆皮藝文咖啡廳第二期\數位檔案_整理\04 打羊秀(2000-2005)\2003 12 28 放樂\DSCF0025 (4).JPG","2003 12 28 放樂","DSCF0025 (4)",".JPG","386935"
"\\Aaa_nas\iast\18_豆皮藝文咖啡廳第二期\數位檔案_整理\04 打羊秀(2000-2005)\2003 12 28 放樂\DSCF0025.AVI","2003 12 28 放樂","DSCF0025",".AVI","9466938"
"\\Aaa_nas\iast\18_豆皮藝文咖啡廳第二期\數位檔案_整理\04 打羊秀(2000-2005)\2003 12 28 放樂\DSCF0026 (4).JPG","2003 12 28 放樂","DSCF0026 (4)",".JPG","396804"
"\\Aaa_nas\iast\18_豆皮藝文咖啡廳第二期\數位檔案_整理\04 打羊秀(2000-2005)\2003 12 28 放樂\DSCF0026.AVI","2003 12 28 放樂","DSCF0026",".AVI","9466294"
"\\Aaa_nas\iast\18_豆皮藝文咖啡廳第二期\數位檔案_整理\04 打羊秀(2000-2005)\2003 12 28 放樂\DSCF0027 (3).JPG","2003 12 28 放樂","DSCF0027 (3)",".JPG","398315"
"\\Aaa_nas\iast\18_豆皮藝文咖啡廳第二期\數位檔案_整理\04 打羊秀(2000-2005)\2003 12 28 放樂\DSCF0028 (4).JPG","2003 12 28 放樂","DSCF0028 (4)",".JPG","398908"
"\\Aaa_nas\iast\18_豆皮藝文咖啡廳第二期\數位檔案_整理\04 打羊秀(2000-2005)\2003 12 28 放樂\DSCF0029 (3).JPG","2003 12 28 放樂","DSCF0029 (3)",".JPG","410855"
"\\Aaa_nas\iast\18_豆皮藝文咖啡廳第二期\數位檔案_整理\04 打羊秀(2000-2005)\2003 12 28 放樂\DSCF0030 (4).JPG","2003 12 28 放樂","DSCF0030 (4)",".JPG","386010"
"\\Aaa_nas\iast\18_豆皮藝文咖啡廳第二期\數位檔案_整理\04 打羊秀(2000-2005)\2003 12 28 放樂\DSCF0031 (2).JPG","2003 12 28 放樂","DSCF0031 (2)",".JPG","1172838"
"\\Aaa_nas\iast\18_豆皮藝文咖啡廳第二期\數位檔案_整理\04 打羊秀(2000-2005)\2003 12 28 放樂\DSCF0031 (3).JPG","2003 12 28 放樂","DSCF0031 (3)",".JPG","388362"
"\\Aaa_nas\iast\18_豆皮藝文咖啡廳第二期\數位檔案_整理\04 打羊秀(2000-2005)\2003 12 28 放樂\DSCF0032 (4).JPG","2003 12 28 放樂","DSCF0032 (4)",".JPG","1190085"
"\\Aaa_nas\iast\18_豆皮藝文咖啡廳第二期\數位檔案_整理\04 打羊秀(2000-2005)\2003 12 28 放樂\DSCF0033 (2).JPG","2003 12 28 放樂","DSCF0033 (2)",".JPG","1185912"
"\\Aaa_nas\iast\18_豆皮藝文咖啡廳第二期\數位檔案_整理\04 打羊秀(2000-2005)\2003 12 28 放樂\DSCF0034 (2).JPG","2003 12 28 放樂","DSCF0034 (2)",".JPG","1657679"
"\\Aaa_nas\iast\18_豆皮藝文咖啡廳第二期\數位檔案_整理\04 打羊秀(2000-2005)\2003 12 28 放樂\DSCF0035 (2).JPG","2003 12 28 放樂","DSCF0035 (2)",".JPG","1697827"
"\\Aaa_nas\iast\18_豆皮藝文咖啡廳第二期\數位檔案_整理\04 打羊秀(2000-2005)\2003 12 28 放樂\DSCF0042 (4).JPG","2003 12 28 放樂","DSCF0042 (4)",".JPG","1188154"
"\\Aaa_nas\iast\18_豆皮藝文咖啡廳第二期\數位檔案_整理\04 打羊秀(2000-2005)\2003 12 28 放樂\DSCF0043 (4).JPG","2003 12 28 放樂","DSCF0043 (4)",".JPG","1859828"
"\\Aaa_nas\iast\18_豆皮藝文咖啡廳第二期\數位檔案_整理\04 打羊秀(2000-2005)\2003 12 28 放樂\DSCF0044 (4).JPG","2003 12 28 放樂","DSCF0044 (4)",".JPG","1699901"
"\\Aaa_nas\iast\18_豆皮藝文咖啡廳第二期\數位檔案_整理\04 打羊秀(2000-2005)\2003 12 阿昌\200312阿昌 照片004.jpg","2003 12 阿昌","200312阿昌 照片004",".jpg","101537"
"\\Aaa_nas\iast\18_豆皮藝文咖啡廳第二期\數位檔案_整理\04 打羊秀(2000-2005)\2003 12 阿昌\照片001.jpg","2003 12 阿昌","照片001",".jpg","92888"
"\\Aaa_nas\iast\18_豆皮藝文咖啡廳第二期\數位檔案_整理\04 打羊秀(2000-2005)\2003 12 阿昌\照片002.jpg","2003 12 阿昌","照片002",".jpg","97734"
"\\Aaa_nas\iast\18_豆皮藝文咖啡廳第二期\數位檔案_整理\04 打羊秀(2000-2005)\2003 12 阿昌\照片003.jpg","2003 12 阿昌","照片003",".jpg","102243"
"\\Aaa_nas\iast\18_豆皮藝文咖啡廳第二期\數位檔案_整理\04 打羊秀(2000-2005)\2004 01 10 焦慮性心搏過速\焦慮性心搏過速.doc","2004 01 10 焦慮性心搏過速","焦慮性心搏過速",".doc","19456"
"\\Aaa_nas\iast\18_豆皮藝文咖啡廳第二期\數位檔案_整理\04 打羊秀(2000-2005)\2004 01 18 謎樣樂團之盧律銘\200401盧律銘DSCF0049 (3).JPG","2004 01 18 謎樣樂團之盧律銘","200401盧律銘DSCF0049 (3)",".JPG","394912"
"\\Aaa_nas\iast\18_豆皮藝文咖啡廳第二期\數位檔案_整理\04 打羊秀(2000-2005)\2004 01 18 謎樣樂團之盧律銘\DSCF0036 (2).JPG","2004 01 18 謎樣樂團之盧律銘","DSCF0036 (2)",".JPG","390071"
"\\Aaa_nas\iast\18_豆皮藝文咖啡廳第二期\數位檔案_整理\04 打羊秀(2000-2005)\2004 01 18 謎樣樂團之盧律銘\DSCF0037 (3).JPG","2004 01 18 謎樣樂團之盧律銘","DSCF0037 (3)",".JPG","388748"
"\\Aaa_nas\iast\18_豆皮藝文咖啡廳第二期\數位檔案_整理\04 打羊秀(2000-2005)\2004 01 18 謎樣樂團之盧律銘\DSCF0038 (3).JPG","2004 01 18 謎樣樂團之盧律銘","DSCF0038 (3)",".JPG","392612"
"\\Aaa_nas\iast\18_豆皮藝文咖啡廳第二期\數位檔案_整理\04 打羊秀(2000-2005)\2004 01 18 謎樣樂團之盧律銘\DSCF0039 (3).JPG","2004 01 18 謎樣樂團之盧律銘","DSCF0039 (3)",".JPG","389077"
"\\Aaa_nas\iast\18_豆皮藝文咖啡廳第二期\數位檔案_整理\04 打羊秀(2000-2005)\2004 01 18 謎樣樂團之盧律銘\DSCF0042 (2).JPG","2004 01 18 謎樣樂團之盧律銘","DSCF0042 (2)",".JPG","397515"
"\\Aaa_nas\iast\18_豆皮藝文咖啡廳第二期\數位檔案_整理\04 打羊秀(2000-2005)\2004 01 18 謎樣樂團之盧律銘\DSCF0043 (3).JPG","2004 01 18 謎樣樂團之盧律銘","DSCF0043 (3)",".JPG","388705"
"\\Aaa_nas\iast\18_豆皮藝文咖啡廳第二期\數位檔案_整理\04 打羊秀(2000-2005)\2004 01 18 謎樣樂團之盧律銘\DSCF0044 (3).JPG","2004 01 18 謎樣樂團之盧律銘","DSCF0044 (3)",".JPG","397890"
"\\Aaa_nas\iast\18_豆皮藝文咖啡廳第二期\數位檔案_整理\04 打羊秀(2000-2005)\2004 01 18 謎樣樂團之盧律銘\DSCF0045 (3).JPG","2004 01 18 謎樣樂團之盧律銘","DSCF0045 (3)",".JPG","392180"
"\\Aaa_nas\iast\18_豆皮藝文咖啡廳第二期\數位檔案_整理\04 打羊秀(2000-2005)\2004 01 18 謎樣樂團之盧律銘\DSCF0046 (3).JPG","2004 01 18 謎樣樂團之盧律銘","DSCF0046 (3)",".JPG","381056"
"\\Aaa_nas\iast\18_豆皮藝文咖啡廳第二期\數位檔案_整理\04 打羊秀(2000-2005)\2004 01 18 謎樣樂團之盧律銘\DSCF0047 (2).JPG","2004 01 18 謎樣樂團之盧律銘","DSCF0047 (2)",".JPG","398995"
"\\Aaa_nas\iast\18_豆皮藝文咖啡廳第二期\數位檔案_整理\04 打羊秀(2000-2005)\2004 01 18 謎樣樂團之盧律銘\DSCF0048 (4).JPG","2004 01 18 謎樣樂團之盧律銘","DSCF0048 (4)",".JPG","400295"
"\\Aaa_nas\iast\18_豆皮藝文咖啡廳第二期\數位檔案_整理\04 打羊秀(2000-2005)\2004 01 18 謎樣樂團之盧律銘\DSCF0050 (3).JPG","2004 01 18 謎樣樂團之盧律銘","DSCF0050 (3)",".JPG","369687"
"\\Aaa_nas\iast\18_豆皮藝文咖啡廳第二期\數位檔案_整理\04 打羊秀(2000-2005)\2004 01 18 謎樣樂團之盧律銘\DSCF0051 (3).JPG","2004 01 18 謎樣樂團之盧律銘","DSCF0051 (3)",".JPG","399929"
"\\Aaa_nas\iast\18_豆皮藝文咖啡廳第二期\數位檔案_整理\04 打羊秀(2000-2005)\2004 01 18 謎樣樂團之盧律銘\DSCF0052 (4).JPG","2004 01 18 謎樣樂團之盧律銘","DSCF0052 (4)",".JPG","403905"
"\\Aaa_nas\iast\18_豆皮藝文咖啡廳第二期\數位檔案_整理\04 打羊秀(2000-2005)\2004 01 18 謎樣樂團之盧律銘\DSCF0054 (4).JPG","2004 01 18 謎樣樂團之盧律銘","DSCF0054 (4)",".JPG","396225"
"\\Aaa_nas\iast\18_豆皮藝文咖啡廳第二期\數位檔案_整理\04 打羊秀(2000-2005)\2004 01 18 謎樣樂團之盧律銘\DSCF0055 (3).JPG","2004 01 18 謎樣樂團之盧律銘","DSCF0055 (3)",".JPG","398706"
"\\Aaa_nas\iast\18_豆皮藝文咖啡廳第二期\數位檔案_整理\04 打羊秀(2000-2005)\2004 01 18 謎樣樂團之盧律銘\DSCF0056 (2).JPG","2004 01 18 謎樣樂團之盧律銘","DSCF0056 (2)",".JPG","397913"
"\\Aaa_nas\iast\18_豆皮藝文咖啡廳第二期\數位檔案_整理\04 打羊秀(2000-2005)\2004 01 18 謎樣樂團之盧律銘\DSCF0057 (2).JPG","2004 01 18 謎樣樂團之盧律銘","DSCF0057 (2)",".JPG","392144"
"\\Aaa_nas\iast\18_豆皮藝文咖啡廳第二期\數位檔案_整理\04 打羊秀(2000-2005)\2004 01 18 謎樣樂團之盧律銘\DSCF0058.JPG","2004 01 18 謎樣樂團之盧律銘","DSCF0058",".JPG","397689"
"\\Aaa_nas\iast\18_豆皮藝文咖啡廳第二期\數位檔案_整理\04 打羊秀(2000-2005)\2004 01 18 謎樣樂團之盧律銘\DSCF0059 (2).JPG","2004 01 18 謎樣樂團之盧律銘","DSCF0059 (2)",".JPG","390058"
"\\Aaa_nas\iast\18_豆皮藝文咖啡廳第二期\數位檔案_整理\04 打羊秀(2000-2005)\2004 01 18 謎樣樂團之盧律銘\DSCF0060 (2).JPG","2004 01 18 謎樣樂團之盧律銘","DSCF0060 (2)",".JPG","372074"
"\\Aaa_nas\iast\18_豆皮藝文咖啡廳第二期\數位檔案_整理\04 打羊秀(2000-2005)\2004 01 18 謎樣樂團之盧律銘\DSCF0061 (2).JPG","2004 01 18 謎樣樂團之盧律銘","DSCF0061 (2)",".JPG","401778"
"\\Aaa_nas\iast\18_豆皮藝文咖啡廳第二期\數位檔案_整理\04 打羊秀(2000-2005)\2004 01 18 謎樣樂團之盧律銘\DSCF0065 (2).JPG","2004 01 18 謎樣樂團之盧律銘","DSCF0065 (2)",".JPG","391781"
"\\Aaa_nas\iast\18_豆皮藝文咖啡廳第二期\數位檔案_整理\04 打羊秀(2000-2005)\2004 01 18 謎樣樂團之盧律銘\DSCF0068 (2).JPG","2004 01 18 謎樣樂團之盧律銘","DSCF0068 (2)",".JPG","379026"
"\\Aaa_nas\iast\18_豆皮藝文咖啡廳第二期\數位檔案_整理\04 打羊秀(2000-2005)\2004 01 18 謎樣樂團之盧律銘\DSCF0069 (2).JPG","2004 01 18 謎樣樂團之盧律銘","DSCF0069 (2)",".JPG","348207"
"\\Aaa_nas\iast\18_豆皮藝文咖啡廳第二期\數位檔案_整理\04 打羊秀(2000-2005)\2004 01 18 謎樣樂團之盧律銘\DSCF0071 (3).JPG","2004 01 18 謎樣樂團之盧律銘","DSCF0071 (3)",".JPG","402906"
"\\Aaa_nas\iast\18_豆皮藝文咖啡廳第二期\數位檔案_整理\04 打羊秀(2000-2005)\2004 01 18 謎樣樂團之盧律銘\DSCF0072 (2).JPG","2004 01 18 謎樣樂團之盧律銘","DSCF0072 (2)",".JPG","398875"
"\\Aaa_nas\iast\18_豆皮藝文咖啡廳第二期\數位檔案_整理\04 打羊秀(2000-2005)\2004 01 18 謎樣樂團之盧律銘\DSCF0073 (3).JPG","2004 01 18 謎樣樂團之盧律銘","DSCF0073 (3)",".JPG","390441"
"\\Aaa_nas\iast\18_豆皮藝文咖啡廳第二期\數位檔案_整理\04 打羊秀(2000-2005)\2004 01 18 謎樣樂團之盧律銘\DSCF0074 (2).JPG","2004 01 18 謎樣樂團之盧律銘","DSCF0074 (2)",".JPG","414748"
"\\Aaa_nas\iast\18_豆皮藝文咖啡廳第二期\數位檔案_整理\04 打羊秀(2000-2005)\2004 01 18 謎樣樂團之盧律銘\DSCF0075 (2).JPG","2004 01 18 謎樣樂團之盧律銘","DSCF0075 (2)",".JPG","403073"
"\\Aaa_nas\iast\18_豆皮藝文咖啡廳第二期\數位檔案_整理\04 打羊秀(2000-2005)\2004 01 18 謎樣樂團之盧律銘\DSCF0079.JPG","2004 01 18 謎樣樂團之盧律銘","DSCF0079",".JPG","411807"
"\\Aaa_nas\iast\18_豆皮藝文咖啡廳第二期\數位檔案_整理\04 打羊秀(2000-2005)\2004 01 18 謎樣樂團之盧律銘\DSCF0081 (2).JPG","2004 01 18 謎樣樂團之盧律銘","DSCF0081 (2)",".JPG","407002"
"\\Aaa_nas\iast\18_豆皮藝文咖啡廳第二期\數位檔案_整理\04 打羊秀(2000-2005)\2004 01 18 謎樣樂團之盧律銘\DSCF0082.JPG","2004 01 18 謎樣樂團之盧律銘","DSCF0082",".JPG","372598"
"\\Aaa_nas\iast\18_豆皮藝文咖啡廳第二期\數位檔案_整理\04 打羊秀(2000-2005)\2004 01 18 謎樣樂團之盧律銘\DSCF0083.JPG","2004 01 18 謎樣樂團之盧律銘","DSCF0083",".JPG","396392"
"\\Aaa_nas\iast\18_豆皮藝文咖啡廳第二期\數位檔案_整理\04 打羊秀(2000-2005)\2004 01 18 謎樣樂團之盧律銘\DSCF0084 (2).JPG","2004 01 18 謎樣樂團之盧律銘","DSCF0084 (2)",".JPG","409508"
"\\Aaa_nas\iast\18_豆皮藝文咖啡廳第二期\數位檔案_整理\04 打羊秀(2000-2005)\2004 01 18 謎樣樂團之盧律銘\DSCF0085 (2).JPG","2004 01 18 謎樣樂團之盧律銘","DSCF0085 (2)",".JPG","383000"
"\\Aaa_nas\iast\18_豆皮藝文咖啡廳第二期\數位檔案_整理\04 打羊秀(2000-2005)\2004 01 18 謎樣樂團之盧律銘\DSCF0086 (2).JPG","2004 01 18 謎樣樂團之盧律銘","DSCF0086 (2)",".JPG","399433"
"\\Aaa_nas\iast\18_豆皮藝文咖啡廳第二期\數位檔案_整理\04 打羊秀(2000-2005)\2004 01 18 謎樣樂團之盧律銘\DSCF0087 (2).JPG","2004 01 18 謎樣樂團之盧律銘","DSCF0087 (2)",".JPG","408556"
"\\Aaa_nas\iast\18_豆皮藝文咖啡廳第二期\數位檔案_整理\04 打羊秀(2000-2005)\2004 01 18 謎樣樂團之盧律銘\DSCF0088 (2).JPG","2004 01 18 謎樣樂團之盧律銘","DSCF0088 (2)",".JPG","416670"
"\\Aaa_nas\iast\18_豆皮藝文咖啡廳第二期\數位檔案_整理\04 打羊秀(2000-2005)\2004 01 18 謎樣樂團之盧律銘\DSCF0089 (2).JPG","2004 01 18 謎樣樂團之盧律銘","DSCF0089 (2)",".JPG","377428"
"\\Aaa_nas\iast\18_豆皮藝文咖啡廳第二期\數位檔案_整理\04 打羊秀(2000-2005)\2004 01 18 謎樣樂團之盧律銘\DSCF0091 (2).JPG","2004 01 18 謎樣樂團之盧律銘","DSCF0091 (2)",".JPG","388072"
"\\Aaa_nas\iast\18_豆皮藝文咖啡廳第二期\數位檔案_整理\04 打羊秀(2000-2005)\2004 01 18 謎樣樂團之盧律銘\DSCF0093 (3).JPG","2004 01 18 謎樣樂團之盧律銘","DSCF0093 (3)",".JPG","401376"
"\\Aaa_nas\iast\18_豆皮藝文咖啡廳第二期\數位檔案_整理\04 打羊秀(2000-2005)\2004 01 18 謎樣樂團之盧律銘\DSCF0094 (2).JPG","2004 01 18 謎樣樂團之盧律銘","DSCF0094 (2)",".JPG","394271"
"\\Aaa_nas\iast\18_豆皮藝文咖啡廳第二期\數位檔案_整理\04 打羊秀(2000-2005)\2004 01 18 謎樣樂團之盧律銘\DSCF0095 (2).JPG","2004 01 18 謎樣樂團之盧律銘","DSCF0095 (2)",".JPG","394037"
"\\Aaa_nas\iast\18_豆皮藝文咖啡廳第二期\數位檔案_整理\04 打羊秀(2000-2005)\2004 01 18 謎樣樂團之盧律銘\DSCF0103 (3).JPG","2004 01 18 謎樣樂團之盧律銘","DSCF0103 (3)",".JPG","372495"
"\\Aaa_nas\iast\18_豆皮藝文咖啡廳第二期\數位檔案_整理\04 打羊秀(2000-2005)\2004 01 18 謎樣樂團之盧律銘\DSCF0106 (2).JPG","2004 01 18 謎樣樂團之盧律銘","DSCF0106 (2)",".JPG","385255"
"\\Aaa_nas\iast\18_豆皮藝文咖啡廳第二期\數位檔案_整理\04 打羊秀(2000-2005)\2004 01 18 謎樣樂團之盧律銘\DSCF0108 (2).JPG","2004 01 18 謎樣樂團之盧律銘","DSCF0108 (2)",".JPG","403829"
"\\Aaa_nas\iast\18_豆皮藝文咖啡廳第二期\數位檔案_整理\04 打羊秀(2000-2005)\2004 01 18 謎樣樂團之盧律銘\DSCF0109 (2).JPG","2004 01 18 謎樣樂團之盧律銘","DSCF0109 (2)",".JPG","375311"
"\\Aaa_nas\iast\18_豆皮藝文咖啡廳第二期\數位檔案_整理\04 打羊秀(2000-2005)\2004 01 18 謎樣樂團之盧律銘\DSCF0111 (2).JPG","2004 01 18 謎樣樂團之盧律銘","DSCF0111 (2)",".JPG","392420"
"\\Aaa_nas\iast\18_豆皮藝文咖啡廳第二期\數位檔案_整理\04 打羊秀(2000-2005)\2004 01 18 黃藍白\200101 黃藍白DSCF0169 (2).JPG","2004 01 18 黃藍白","200101 黃藍白DSCF0169 (2)",".JPG","374898"
"\\Aaa_nas\iast\18_豆皮藝文咖啡廳第二期\數位檔案_整理\04 打羊秀(2000-2005)\2004 01 18 黃藍白\DSCF0117 (2).JPG","2004 01 18 黃藍白","DSCF0117 (2)",".JPG","431136"
"\\Aaa_nas\iast\18_豆皮藝文咖啡廳第二期\數位檔案_整理\04 打羊秀(2000-2005)\2004 01 18 黃藍白\DSCF0119 (2).JPG","2004 01 18 黃藍白","DSCF0119 (2)",".JPG","417425"
"\\Aaa_nas\iast\18_豆皮藝文咖啡廳第二期\數位檔案_整理\04 打羊秀(2000-2005)\2004 01 18 黃藍白\DSCF0121 (2).JPG","2004 01 18 黃藍白","DSCF0121 (2)",".JPG","414068"
"\\Aaa_nas\iast\18_豆皮藝文咖啡廳第二期\數位檔案_整理\04 打羊秀(2000-2005)\2004 01 18 黃藍白\DSCF0122 (2).JPG","2004 01 18 黃藍白","DSCF0122 (2)",".JPG","366324"
"\\Aaa_nas\iast\18_豆皮藝文咖啡廳第二期\數位檔案_整理\04 打羊秀(2000-2005)\2004 01 18 黃藍白\DSCF0125 (2).JPG","2004 01 18 黃藍白","DSCF0125 (2)",".JPG","370832"
"\\Aaa_nas\iast\18_豆皮藝文咖啡廳第二期\數位檔案_整理\04 打羊秀(2000-2005)\2004 01 18 黃藍白\DSCF0126 (2).JPG","2004 01 18 黃藍白","DSCF0126 (2)",".JPG","393687"
"\\Aaa_nas\iast\18_豆皮藝文咖啡廳第二期\數位檔案_整理\04 打羊秀(2000-2005)\2004 01 18 黃藍白\DSCF0127 (2).JPG","2004 01 18 黃藍白","DSCF0127 (2)",".JPG","396622"
"\\Aaa_nas\iast\18_豆皮藝文咖啡廳第二期\數位檔案_整理\04 打羊秀(2000-2005)\2004 01 18 黃藍白\DSCF0129 (2).JPG","2004 01 18 黃藍白","DSCF0129 (2)",".JPG","365622"
"\\Aaa_nas\iast\18_豆皮藝文咖啡廳第二期\數位檔案_整理\04 打羊秀(2000-2005)\2004 01 18 黃藍白\DSCF0130 (2).JPG","2004 01 18 黃藍白","DSCF0130 (2)",".JPG","361191"
"\\Aaa_nas\iast\18_豆皮藝文咖啡廳第二期\數位檔案_整理\04 打羊秀(2000-2005)\2004 01 18 黃藍白\DSCF0132 (2).JPG","2004 01 18 黃藍白","DSCF0132 (2)",".JPG","405484"
"\\Aaa_nas\iast\18_豆皮藝文咖啡廳第二期\數位檔案_整理\04 打羊秀(2000-2005)\2004 01 18 黃藍白\DSCF0135 (2).JPG","2004 01 18 黃藍白","DSCF0135 (2)",".JPG","404567"
"\\Aaa_nas\iast\18_豆皮藝文咖啡廳第二期\數位檔案_整理\04 打羊秀(2000-2005)\2004 01 18 黃藍白\DSCF0143 (2).JPG","2004 01 18 黃藍白","DSCF0143 (2)",".JPG","426050"
"\\Aaa_nas\iast\18_豆皮藝文咖啡廳第二期\數位檔案_整理\04 打羊秀(2000-2005)\2004 01 18 黃藍白\DSCF0144 (2).JPG","2004 01 18 黃藍白","DSCF0144 (2)",".JPG","400353"
"\\Aaa_nas\iast\18_豆皮藝文咖啡廳第二期\數位檔案_整理\04 打羊秀(2000-2005)\2004 01 18 黃藍白\DSCF0145 (2).JPG","2004 01 18 黃藍白","DSCF0145 (2)",".JPG","395714"
"\\Aaa_nas\iast\18_豆皮藝文咖啡廳第二期\數位檔案_整理\04 打羊秀(2000-2005)\2004 01 18 黃藍白\DSCF0149 (2).JPG","2004 01 18 黃藍白","DSCF0149 (2)",".JPG","393553"
"\\Aaa_nas\iast\18_豆皮藝文咖啡廳第二期\數位檔案_整理\04 打羊秀(2000-2005)\2004 01 18 黃藍白\DSCF0150 (2).JPG","2004 01 18 黃藍白","DSCF0150 (2)",".JPG","367899"
"\\Aaa_nas\iast\18_豆皮藝文咖啡廳第二期\數位檔案_整理\04 打羊秀(2000-2005)\2004 01 18 黃藍白\DSCF0151 (2).JPG","2004 01 18 黃藍白","DSCF0151 (2)",".JPG","369861"
"\\Aaa_nas\iast\18_豆皮藝文咖啡廳第二期\數位檔案_整理\04 打羊秀(2000-2005)\2004 01 18 黃藍白\DSCF0152 (2).JPG","2004 01 18 黃藍白","DSCF0152 (2)",".JPG","367526"
"\\Aaa_nas\iast\18_豆皮藝文咖啡廳第二期\數位檔案_整理\04 打羊秀(2000-2005)\2004 01 18 黃藍白\DSCF0153 (2).JPG","2004 01 18 黃藍白","DSCF0153 (2)",".JPG","383691"
"\\Aaa_nas\iast\18_豆皮藝文咖啡廳第二期\數位檔案_整理\04 打羊秀(2000-2005)\2004 01 18 黃藍白\DSCF0156 (2).JPG","2004 01 18 黃藍白","DSCF0156 (2)",".JPG","378606"
"\\Aaa_nas\iast\18_豆皮藝文咖啡廳第二期\數位檔案_整理\04 打羊秀(2000-2005)\2004 01 18 黃藍白\DSCF0157 (2).JPG","2004 01 18 黃藍白","DSCF0157 (2)",".JPG","392100"
"\\Aaa_nas\iast\18_豆皮藝文咖啡廳第二期\數位檔案_整理\04 打羊秀(2000-2005)\2004 01 18 黃藍白\DSCF0158 (2).JPG","2004 01 18 黃藍白","DSCF0158 (2)",".JPG","389276"
"\\Aaa_nas\iast\18_豆皮藝文咖啡廳第二期\數位檔案_整理\04 打羊秀(2000-2005)\2004 01 18 黃藍白\DSCF0166 (2).JPG","2004 01 18 黃藍白","DSCF0166 (2)",".JPG","373681"
"\\Aaa_nas\iast\18_豆皮藝文咖啡廳第二期\數位檔案_整理\04 打羊秀(2000-2005)\2004 01 18 黃藍白\DSCF0167 (2).JPG","2004 01 18 黃藍白","DSCF0167 (2)",".JPG","375686"
"\\Aaa_nas\iast\18_豆皮藝文咖啡廳第二期\數位檔案_整理\04 打羊秀(2000-2005)\2004 01 18 黃藍白\DSCF0168 (2).JPG","2004 01 18 黃藍白","DSCF0168 (2)",".JPG","370426"
"\\Aaa_nas\iast\18_豆皮藝文咖啡廳第二期\數位檔案_整理\04 打羊秀(2000-2005)\2004 01 24 DJ Fancy (26D Production 炚炚) 第2場\20040124螢光電音第2場.JPG","2004 01 24 DJ Fancy (26D Production 炚炚) 第2場","20040124螢光電音第2場",".JPG","394994"
"\\Aaa_nas\iast\18_豆皮藝文咖啡廳第二期\數位檔案_整理\04 打羊秀(2000-2005)\2004 01 24 DJ Fancy (26D Production 炚炚) 第2場\DSCF0002.JPG","2004 01 24 DJ Fancy (26D Production 炚炚) 第2場","DSCF0002",".JPG","402045"
"\\Aaa_nas\iast\18_豆皮藝文咖啡廳第二期\數位檔案_整理\04 打羊秀(2000-2005)\2004 01 24 DJ Fancy (26D Production 炚炚) 第2場\DSCF0003.JPG","2004 01 24 DJ Fancy (26D Production 炚炚) 第2場","DSCF0003",".JPG","400712"
"\\Aaa_nas\iast\18_豆皮藝文咖啡廳第二期\數位檔案_整理\04 打羊秀(2000-2005)\2004 01 24 DJ Fancy (26D Production 炚炚) 第2場\DSCF0004.JPG","2004 01 24 DJ Fancy (26D Production 炚炚) 第2場","DSCF0004",".JPG","412634"
"\\Aaa_nas\iast\18_豆皮藝文咖啡廳第二期\數位檔案_整理\04 打羊秀(2000-2005)\2004 01 24 DJ Fancy (26D Production 炚炚) 第2場\DSCF0005.JPG","2004 01 24 DJ Fancy (26D Production 炚炚) 第2場","DSCF0005",".JPG","126148"
"\\Aaa_nas\iast\18_豆皮藝文咖啡廳第二期\數位檔案_整理\04 打羊秀(2000-2005)\2004 01 24 DJ Fancy (26D Production 炚炚) 第2場\DSCF0006.JPG","2004 01 24 DJ Fancy (26D Production 炚炚) 第2場","DSCF0006",".JPG","94488"
"\\Aaa_nas\iast\18_豆皮藝文咖啡廳第二期\數位檔案_整理\04 打羊秀(2000-2005)\2004 01 24 DJ Fancy (26D Production 炚炚) 第2場\DSCF0008.JPG","2004 01 24 DJ Fancy (26D Production 炚炚) 第2場","DSCF0008",".JPG","101512"
"\\Aaa_nas\iast\18_豆皮藝文咖啡廳第二期\數位檔案_整理\04 打羊秀(2000-2005)\2004 01 24 DJ Fancy (26D Production 炚炚) 第2場\DSCF0009.JPG","2004 01 24 DJ Fancy (26D Production 炚炚) 第2場","DSCF0009",".JPG","239506"
"\\Aaa_nas\iast\18_豆皮藝文咖啡廳第二期\數位檔案_整理\04 打羊秀(2000-2005)\2004 01 24 DJ Fancy (26D Production 炚炚) 第2場\DSCF0012.JPG","2004 01 24 DJ Fancy (26D Production 炚炚) 第2場","DSCF0012",".JPG","208635"
"\\Aaa_nas\iast\18_豆皮藝文咖啡廳第二期\數位檔案_整理\04 打羊秀(2000-2005)\2004 01 24 DJ Fancy (26D Production 炚炚) 第2場\DSCF0013.JPG","2004 01 24 DJ Fancy (26D Production 炚炚) 第2場","DSCF0013",".JPG","117619"
"\\Aaa_nas\iast\18_豆皮藝文咖啡廳第二期\數位檔案_整理\04 打羊秀(2000-2005)\2004 01 24 DJ Fancy (26D Production 炚炚) 第2場\DSCF0014.JPG","2004 01 24 DJ Fancy (26D Production 炚炚) 第2場","DSCF0014",".JPG","107799"
"\\Aaa_nas\iast\18_豆皮藝文咖啡廳第二期\數位檔案_整理\04 打羊秀(2000-2005)\2004 01 24 DJ Fancy (26D Production 炚炚) 第2場\DSCF0015.JPG","2004 01 24 DJ Fancy (26D Production 炚炚) 第2場","DSCF0015",".JPG","241948"
"\\Aaa_nas\iast\18_豆皮藝文咖啡廳第二期\數位檔案_整理\04 打羊秀(2000-2005)\2004 01 24 DJ Fancy (26D Production 炚炚) 第2場\DSCF0016.JPG","2004 01 24 DJ Fancy (26D Production 炚炚) 第2場","DSCF0016",".JPG","209944"
"\\Aaa_nas\iast\18_豆皮藝文咖啡廳第二期\數位檔案_整理\04 打羊秀(2000-2005)\2004 01 24 DJ Fancy (26D Production 炚炚) 第2場\DSCF0019.JPG","2004 01 24 DJ Fancy (26D Production 炚炚) 第2場","DSCF0019",".JPG","259937"
"\\Aaa_nas\iast\18_豆皮藝文咖啡廳第二期\數位檔案_整理\04 打羊秀(2000-2005)\2004 01 24 DJ Fancy (26D Production 炚炚) 第2場\DSCF0020.JPG","2004 01 24 DJ Fancy (26D Production 炚炚) 第2場","DSCF0020",".JPG","127191"
"\\Aaa_nas\iast\18_豆皮藝文咖啡廳第二期\數位檔案_整理\04 打羊秀(2000-2005)\2004 01 24 DJ Fancy (26D Production 炚炚) 第2場\DSCF0021.JPG","2004 01 24 DJ Fancy (26D Production 炚炚) 第2場","DSCF0021",".JPG","158004"
"\\Aaa_nas\iast\18_豆皮藝文咖啡廳第二期\數位檔案_整理\04 打羊秀(2000-2005)\2004 01 24 DJ Fancy (26D Production 炚炚) 第2場\DSCF0023.JPG","2004 01 24 DJ Fancy (26D Production 炚炚) 第2場","DSCF0023",".JPG","153801"
"\\Aaa_nas\iast\18_豆皮藝文咖啡廳第二期\數位檔案_整理\04 打羊秀(2000-2005)\2004 01 24 DJ Fancy (26D Production 炚炚) 第2場\豆皮狂喜日(現場混咬藝術) DSCF0011.JPG","2004 01 24 DJ Fancy (26D Production 炚炚) 第2場","豆皮狂喜日(現場混咬藝術) DSCF0011",".JPG","236081"
"\\Aaa_nas\iast\18_豆皮藝文咖啡廳第二期\數位檔案_整理\04 打羊秀(2000-2005)\2004 01 25 王山福笛子 王靖雯琵琶 顏滋瑩鋼琴 古樂器之夜\DSCF0027.jpg","2004 01 25 王山福笛子 王靖雯琵琶 顏滋瑩鋼琴 古樂器之夜","DSCF0027",".jpg","198664"
"\\Aaa_nas\iast\18_豆皮藝文咖啡廳第二期\數位檔案_整理\04 打羊秀(2000-2005)\2004 01 25 王山福笛子 王靖雯琵琶 顏滋瑩鋼琴 古樂器之夜\DSCF0028.JPG","2004 01 25 王山福笛子 王靖雯琵琶 顏滋瑩鋼琴 古樂器之夜","DSCF0028",".JPG","177543"
"\\Aaa_nas\iast\18_豆皮藝文咖啡廳第二期\數位檔案_整理\04 打羊秀(2000-2005)\2004 01 25 王山福笛子 王靖雯琵琶 顏滋瑩鋼琴 古樂器之夜\DSCF0030.JPG","2004 01 25 王山福笛子 王靖雯琵琶 顏滋瑩鋼琴 古樂器之夜","DSCF0030",".JPG","193696"
"\\Aaa_nas\iast\18_豆皮藝文咖啡廳第二期\數位檔案_整理\04 打羊秀(2000-2005)\2004 01 25 王山福笛子 王靖雯琵琶 顏滋瑩鋼琴 古樂器之夜\DSCF0032.JPG","2004 01 25 王山福笛子 王靖雯琵琶 顏滋瑩鋼琴 古樂器之夜","DSCF0032",".JPG","226027"
"\\Aaa_nas\iast\18_豆皮藝文咖啡廳第二期\數位檔案_整理\04 打羊秀(2000-2005)\2004 01 25 王山福笛子 王靖雯琵琶 顏滋瑩鋼琴 古樂器之夜\DSCF0034.JPG","2004 01 25 王山福笛子 王靖雯琵琶 顏滋瑩鋼琴 古樂器之夜","DSCF0034",".JPG","260788"
"\\Aaa_nas\iast\18_豆皮藝文咖啡廳第二期\數位檔案_整理\04 打羊秀(2000-2005)\2004 01 25 王山福笛子 王靖雯琵琶 顏滋瑩鋼琴 古樂器之夜\DSCF0035.JPG","2004 01 25 王山福笛子 王靖雯琵琶 顏滋瑩鋼琴 古樂器之夜","DSCF0035",".JPG","256506"
"\\Aaa_nas\iast\18_豆皮藝文咖啡廳第二期\數位檔案_整理\04 打羊秀(2000-2005)\2004 01 25 王山福笛子 王靖雯琵琶 顏滋瑩鋼琴 古樂器之夜\DSCF0036.JPG","2004 01 25 王山福笛子 王靖雯琵琶 顏滋瑩鋼琴 古樂器之夜","DSCF0036",".JPG","242672"
"\\Aaa_nas\iast\18_豆皮藝文咖啡廳第二期\數位檔案_整理\04 打羊秀(2000-2005)\2004 01 25 王山福笛子 王靖雯琵琶 顏滋瑩鋼琴 古樂器之夜\DSCF0038.JPG","2004 01 25 王山福笛子 王靖雯琵琶 顏滋瑩鋼琴 古樂器之夜","DSCF0038",".JPG","130495"
"\\Aaa_nas\iast\18_豆皮藝文咖啡廳第二期\數位檔案_整理\04 打羊秀(2000-2005)\2004 01 25 王山福笛子 王靖雯琵琶 顏滋瑩鋼琴 古樂器之夜\DSCF0039.JPG","2004 01 25 王山福笛子 王靖雯琵琶 顏滋瑩鋼琴 古樂器之夜","DSCF0039",".JPG","125449"
"\\Aaa_nas\iast\18_豆皮藝文咖啡廳第二期\數位檔案_整理\04 打羊秀(2000-2005)\2004 01 25 王山福笛子 王靖雯琵琶 顏滋瑩鋼琴 古樂器之夜\DSCF0187 (2).JPG","2004 01 25 王山福笛子 王靖雯琵琶 顏滋瑩鋼琴 古樂器之夜","DSCF0187 (2)",".JPG","410668"
"\\Aaa_nas\iast\18_豆皮藝文咖啡廳第二期\數位檔案_整理\04 打羊秀(2000-2005)\2004 01 25 王山福笛子 王靖雯琵琶 顏滋瑩鋼琴 古樂器之夜\DSCF0189 (2).JPG","2004 01 25 王山福笛子 王靖雯琵琶 顏滋瑩鋼琴 古樂器之夜","DSCF0189 (2)",".JPG","384760"
"\\Aaa_nas\iast\18_豆皮藝文咖啡廳第二期\數位檔案_整理\04 打羊秀(2000-2005)\2004 01 25 王山福笛子 王靖雯琵琶 顏滋瑩鋼琴 古樂器之夜\DSCF0190 (2).JPG","2004 01 25 王山福笛子 王靖雯琵琶 顏滋瑩鋼琴 古樂器之夜","DSCF0190 (2)",".JPG","383940"
"\\Aaa_nas\iast\18_豆皮藝文咖啡廳第二期\數位檔案_整理\04 打羊秀(2000-2005)\2004 01 25 王山福笛子 王靖雯琵琶 顏滋瑩鋼琴 古樂器之夜\DSCF0191 (2).JPG","2004 01 25 王山福笛子 王靖雯琵琶 顏滋瑩鋼琴 古樂器之夜","DSCF0191 (2)",".JPG","388330"
"\\Aaa_nas\iast\18_豆皮藝文咖啡廳第二期\數位檔案_整理\04 打羊秀(2000-2005)\2004 01 25 王山福笛子 王靖雯琵琶 顏滋瑩鋼琴 古樂器之夜\DSCF0193 (2).JPG","2004 01 25 王山福笛子 王靖雯琵琶 顏滋瑩鋼琴 古樂器之夜","DSCF0193 (2)",".JPG","402914"
"\\Aaa_nas\iast\18_豆皮藝文咖啡廳第二期\數位檔案_整理\04 打羊秀(2000-2005)\2004 01 25 王山福笛子 王靖雯琵琶 顏滋瑩鋼琴 古樂器之夜\DSCF0194 (2).JPG","2004 01 25 王山福笛子 王靖雯琵琶 顏滋瑩鋼琴 古樂器之夜","DSCF0194 (2)",".JPG","394791"
"\\Aaa_nas\iast\18_豆皮藝文咖啡廳第二期\數位檔案_整理\04 打羊秀(2000-2005)\2004 01 25 王山福笛子 王靖雯琵琶 顏滋瑩鋼琴 古樂器之夜\DSCF0195 (2).JPG","2004 01 25 王山福笛子 王靖雯琵琶 顏滋瑩鋼琴 古樂器之夜","DSCF0195 (2)",".JPG","399007"
"\\Aaa_nas\iast\18_豆皮藝文咖啡廳第二期\數位檔案_整理\04 打羊秀(2000-2005)\2004 01 25 顏滋瑩柳琴 古樂器之夜\DSCF0037.JPG","2004 01 25 顏滋瑩柳琴 古樂器之夜","DSCF0037",".JPG","192095"
"\\Aaa_nas\iast\18_豆皮藝文咖啡廳第二期\數位檔案_整理\04 打羊秀(2000-2005)\2004 01 31 古樂器之夜\三弦\DSCF0173 (2).JPG","三弦","DSCF0173 (2)",".JPG","386124"
"\\Aaa_nas\iast\18_豆皮藝文咖啡廳第二期\數位檔案_整理\04 打羊秀(2000-2005)\2004 01 31 古樂器之夜\三弦\DSCF0175 (2).JPG","三弦","DSCF0175 (2)",".JPG","406167"
"\\Aaa_nas\iast\18_豆皮藝文咖啡廳第二期\數位檔案_整理\04 打羊秀(2000-2005)\2004 01 31 古樂器之夜\三弦\DSCF0176 (2).JPG","三弦","DSCF0176 (2)",".JPG","383420"
"\\Aaa_nas\iast\18_豆皮藝文咖啡廳第二期\數位檔案_整理\04 打羊秀(2000-2005)\2004 01 31 古樂器之夜\三弦\DSCF0182 (2).JPG","三弦","DSCF0182 (2)",".JPG","393829"
"\\Aaa_nas\iast\18_豆皮藝文咖啡廳第二期\數位檔案_整理\04 打羊秀(2000-2005)\2004 01 31 古樂器之夜\三弦\DSCF0183 (2).JPG","三弦","DSCF0183 (2)",".JPG","370564"
"\\Aaa_nas\iast\18_豆皮藝文咖啡廳第二期\數位檔案_整理\04 打羊秀(2000-2005)\2004 01 31 古樂器之夜\三弦\DSCF0184.JPG","三弦","DSCF0184",".JPG","379449"
"\\Aaa_nas\iast\18_豆皮藝文咖啡廳第二期\數位檔案_整理\04 打羊秀(2000-2005)\2004 01 31 古樂器之夜\琵琶\DSC00034.JPG","琵琶","DSC00034",".JPG","14491"
"\\Aaa_nas\iast\18_豆皮藝文咖啡廳第二期\數位檔案_整理\04 打羊秀(2000-2005)\2004 01 31 古樂器之夜\琵琶\DSCF0008.JPG","琵琶","DSCF0008",".JPG","405202"
"\\Aaa_nas\iast\18_豆皮藝文咖啡廳第二期\數位檔案_整理\04 打羊秀(2000-2005)\2004 01 31 古樂器之夜\琵琶\DSCF0009.JPG","琵琶","DSCF0009",".JPG","418901"
"\\Aaa_nas\iast\18_豆皮藝文咖啡廳第二期\數位檔案_整理\04 打羊秀(2000-2005)\2004 01 31 古樂器之夜\琵琶\DSCF0010.JPG","琵琶","DSCF0010",".JPG","425896"
"\\Aaa_nas\iast\18_豆皮藝文咖啡廳第二期\數位檔案_整理\04 打羊秀(2000-2005)\2004 01 31 古樂器之夜\琵琶\DSCF0011.JPG","琵琶","DSCF0011",".JPG","404955"
"\\Aaa_nas\iast\18_豆皮藝文咖啡廳第二期\數位檔案_整理\04 打羊秀(2000-2005)\2004 01 31 古樂器之夜\琵琶\DSCF0012.JPG","琵琶","DSCF0012",".JPG","399404"
"\\Aaa_nas\iast\18_豆皮藝文咖啡廳第二期\數位檔案_整理\04 打羊秀(2000-2005)\2004 01 混咬表演\dj\200401 DSCF0102.JPG","dj","200401 DSCF0102",".JPG","606103"
"\\Aaa_nas\iast\18_豆皮藝文咖啡廳第二期\數位檔案_整理\04 打羊秀(2000-2005)\2004 01 混咬表演\dj\DSCF0093 (2).JPG","dj","DSCF0093 (2)",".JPG","570332"
"\\Aaa_nas\iast\18_豆皮藝文咖啡廳第二期\數位檔案_整理\04 打羊秀(2000-2005)\2004 01 混咬表演\dj\DSCF0094.JPG","dj","DSCF0094",".JPG","565049"
"\\Aaa_nas\iast\18_豆皮藝文咖啡廳第二期\數位檔案_整理\04 打羊秀(2000-2005)\2004 01 混咬表演\dj\DSCF0095.JPG","dj","DSCF0095",".JPG","596734"
"\\Aaa_nas\iast\18_豆皮藝文咖啡廳第二期\數位檔案_整理\04 打羊秀(2000-2005)\2004 01 混咬表演\dj\DSCF0096.JPG","dj","DSCF0096",".JPG","600488"
"\\Aaa_nas\iast\18_豆皮藝文咖啡廳第二期\數位檔案_整理\04 打羊秀(2000-2005)\2004 01 混咬表演\dj\DSCF0097.JPG","dj","DSCF0097",".JPG","599842"
"\\Aaa_nas\iast\18_豆皮藝文咖啡廳第二期\數位檔案_整理\04 打羊秀(2000-2005)\2004 01 混咬表演\dj\DSCF0098.JPG","dj","DSCF0098",".JPG","551934"
"\\Aaa_nas\iast\18_豆皮藝文咖啡廳第二期\數位檔案_整理\04 打羊秀(2000-2005)\2004 01 混咬表演\dj\DSCF0099 (2).JPG","dj","DSCF0099 (2)",".JPG","562474"
"\\Aaa_nas\iast\18_豆皮藝文咖啡廳第二期\數位檔案_整理\04 打羊秀(2000-2005)\2004 01 混咬表演\dj\DSCF0100.JPG","dj","DSCF0100",".JPG","600317"
"\\Aaa_nas\iast\18_豆皮藝文咖啡廳第二期\數位檔案_整理\04 打羊秀(2000-2005)\2004 01 混咬表演\dj\DSCF0101.JPG","dj","DSCF0101",".JPG","610322"
"\\Aaa_nas\iast\18_豆皮藝文咖啡廳第二期\數位檔案_整理\04 打羊秀(2000-2005)\2004 01 混咬表演\dj\DSCF0103 (2).JPG","dj","DSCF0103 (2)",".JPG","598701"
"\\Aaa_nas\iast\18_豆皮藝文咖啡廳第二期\數位檔案_整理\04 打羊秀(2000-2005)\2004 01 混咬表演\dj\DSCF0104.JPG","dj","DSCF0104",".JPG","599474"
"\\Aaa_nas\iast\18_豆皮藝文咖啡廳第二期\數位檔案_整理\04 打羊秀(2000-2005)\2004 01 混咬表演\dj\DSCF0105.JPG","dj","DSCF0105",".JPG","587938"
"\\Aaa_nas\iast\18_豆皮藝文咖啡廳第二期\數位檔案_整理\04 打羊秀(2000-2005)\2004 01 混咬表演\dj\DSCF0106.JPG","dj","DSCF0106",".JPG","590641"
"\\Aaa_nas\iast\18_豆皮藝文咖啡廳第二期\數位檔案_整理\04 打羊秀(2000-2005)\2004 01 混咬表演\dj\DSCF0107.JPG","dj","DSCF0107",".JPG","602429"
"\\Aaa_nas\iast\18_豆皮藝文咖啡廳第二期\數位檔案_整理\04 打羊秀(2000-2005)\2004 01 混咬表演\dj\DSCF0108.JPG","dj","DSCF0108",".JPG","597420"
"\\Aaa_nas\iast\18_豆皮藝文咖啡廳第二期\數位檔案_整理\04 打羊秀(2000-2005)\2004 01 混咬表演\dj\DSCF0109.JPG","dj","DSCF0109",".JPG","604613"
"\\Aaa_nas\iast\18_豆皮藝文咖啡廳第二期\數位檔案_整理\04 打羊秀(2000-2005)\2004 01 混咬表演\dj\DSCF0110.JPG","dj","DSCF0110",".JPG","591393"
"\\Aaa_nas\iast\18_豆皮藝文咖啡廳第二期\數位檔案_整理\04 打羊秀(2000-2005)\2004 01 混咬表演\dj\DSCF0111.JPG","dj","DSCF0111",".JPG","587356"
"\\Aaa_nas\iast\18_豆皮藝文咖啡廳第二期\數位檔案_整理\04 打羊秀(2000-2005)\2004 01 混咬表演\dj\DSCF0112.JPG","dj","DSCF0112",".JPG","581872"
"\\Aaa_nas\iast\18_豆皮藝文咖啡廳第二期\數位檔案_整理\04 打羊秀(2000-2005)\2004 01 混咬表演\dj\DSCF0113 (2).JPG","dj","DSCF0113 (2)",".JPG","591380"
"\\Aaa_nas\iast\18_豆皮藝文咖啡廳第二期\數位檔案_整理\04 打羊秀(2000-2005)\2004 01 混咬表演\dj\DSCF0114.JPG","dj","DSCF0114",".JPG","596670"
"\\Aaa_nas\iast\18_豆皮藝文咖啡廳第二期\數位檔案_整理\04 打羊秀(2000-2005)\2004 01 混咬表演\dj\DSCF0115 (2).JPG","dj","DSCF0115 (2)",".JPG","583915"
"\\Aaa_nas\iast\18_豆皮藝文咖啡廳第二期\數位檔案_整理\04 打羊秀(2000-2005)\2004 01 混咬表演\dj\DSCF0116.JPG","dj","DSCF0116",".JPG","584266"
"\\Aaa_nas\iast\18_豆皮藝文咖啡廳第二期\數位檔案_整理\04 打羊秀(2000-2005)\2004 01 混咬表演\dj\DSCF0117.JPG","dj","DSCF0117",".JPG","579454"
"\\Aaa_nas\iast\18_豆皮藝文咖啡廳第二期\數位檔案_整理\04 打羊秀(2000-2005)\2004 01 混咬表演\dj\DSCF0118.JPG","dj","DSCF0118",".JPG","551015"
"\\Aaa_nas\iast\18_豆皮藝文咖啡廳第二期\數位檔案_整理\04 打羊秀(2000-2005)\2004 01 混咬表演\dj\DSCF0119.JPG","dj","DSCF0119",".JPG","590140"
"\\Aaa_nas\iast\18_豆皮藝文咖啡廳第二期\數位檔案_整理\04 打羊秀(2000-2005)\2004 01 混咬表演\dj\DSCF0120.JPG","dj","DSCF0120",".JPG","587513"
"\\Aaa_nas\iast\18_豆皮藝文咖啡廳第二期\數位檔案_整理\04 打羊秀(2000-2005)\2004 01 混咬表演\dj\DSCF0121.JPG","dj","DSCF0121",".JPG","583393"
"\\Aaa_nas\iast\18_豆皮藝文咖啡廳第二期\數位檔案_整理\04 打羊秀(2000-2005)\2004 01 混咬表演\dj\DSCF0122.JPG","dj","DSCF0122",".JPG","591810"
"\\Aaa_nas\iast\18_豆皮藝文咖啡廳第二期\數位檔案_整理\04 打羊秀(2000-2005)\2004 01 混咬表演\dj\DSCF0123.JPG","dj","DSCF0123",".JPG","605216"
"\\Aaa_nas\iast\18_豆皮藝文咖啡廳第二期\數位檔案_整理\04 打羊秀(2000-2005)\2004 01 混咬表演\dj\DSCF0124.JPG","dj","DSCF0124",".JPG","597560"
"\\Aaa_nas\iast\18_豆皮藝文咖啡廳第二期\數位檔案_整理\04 打羊秀(2000-2005)\2004 01 混咬表演\dj\DSCF0125.JPG","dj","DSCF0125",".JPG","600800"
"\\Aaa_nas\iast\18_豆皮藝文咖啡廳第二期\數位檔案_整理\04 打羊秀(2000-2005)\2004 01 混咬表演\dj\DSCF0126.JPG","dj","DSCF0126",".JPG","588389"
"\\Aaa_nas\iast\18_豆皮藝文咖啡廳第二期\數位檔案_整理\04 打羊秀(2000-2005)\2004 01 混咬表演\dj\DSCF0127.JPG","dj","DSCF0127",".JPG","586607"
"\\Aaa_nas\iast\18_豆皮藝文咖啡廳第二期\數位檔案_整理\04 打羊秀(2000-2005)\2004 01 混咬表演\dj\DSCF0128.JPG","dj","DSCF0128",".JPG","613956"
"\\Aaa_nas\iast\18_豆皮藝文咖啡廳第二期\數位檔案_整理\04 打羊秀(2000-2005)\2004 01 混咬表演\dj\DSCF0129.JPG","dj","DSCF0129",".JPG","584285"
"\\Aaa_nas\iast\18_豆皮藝文咖啡廳第二期\數位檔案_整理\04 打羊秀(2000-2005)\2004 01 混咬表演\dj\DSCF0130.JPG","dj","DSCF0130",".JPG","592692"
"\\Aaa_nas\iast\18_豆皮藝文咖啡廳第二期\數位檔案_整理\04 打羊秀(2000-2005)\2004 01 混咬表演\dj\DSCF0131.JPG","dj","DSCF0131",".JPG","609723"
"\\Aaa_nas\iast\18_豆皮藝文咖啡廳第二期\數位檔案_整理\04 打羊秀(2000-2005)\2004 01 混咬表演\dj\DSCF0132.JPG","dj","DSCF0132",".JPG","612560"
"\\Aaa_nas\iast\18_豆皮藝文咖啡廳第二期\數位檔案_整理\04 打羊秀(2000-2005)\2004 01 混咬表演\drum\DSCF0200.JPG","drum","DSCF0200",".JPG","380595"
"\\Aaa_nas\iast\18_豆皮藝文咖啡廳第二期\數位檔案_整理\04 打羊秀(2000-2005)\2004 01 混咬表演\drum\DSCF0201.JPG","drum","DSCF0201",".JPG","373989"
"\\Aaa_nas\iast\18_豆皮藝文咖啡廳第二期\數位檔案_整理\04 打羊秀(2000-2005)\2004 01 混咬表演\drum\DSCF0202.JPG","drum","DSCF0202",".JPG","413844"
"\\Aaa_nas\iast\18_豆皮藝文咖啡廳第二期\數位檔案_整理\04 打羊秀(2000-2005)\2004 01 混咬表演\drum\DSCF0203.JPG","drum","DSCF0203",".JPG","399632"
"\\Aaa_nas\iast\18_豆皮藝文咖啡廳第二期\數位檔案_整理\04 打羊秀(2000-2005)\2004 01 混咬表演\drum\DSCF0205.JPG","drum","DSCF0205",".JPG","411677"
"\\Aaa_nas\iast\18_豆皮藝文咖啡廳第二期\數位檔案_整理\04 打羊秀(2000-2005)\2004 01 混咬表演\drum\DSCF0207.JPG","drum","DSCF0207",".JPG","409504"
"\\Aaa_nas\iast\18_豆皮藝文咖啡廳第二期\數位檔案_整理\04 打羊秀(2000-2005)\2004 01 混咬表演\drum\DSCF0208.JPG","drum","DSCF0208",".JPG","416361"
"\\Aaa_nas\iast\18_豆皮藝文咖啡廳第二期\數位檔案_整理\04 打羊秀(2000-2005)\2004 01 混咬表演\drum\DSCF0210.JPG","drum","DSCF0210",".JPG","407549"
"\\Aaa_nas\iast\18_豆皮藝文咖啡廳第二期\數位檔案_整理\04 打羊秀(2000-2005)\2004 01 混咬表演\drum\DSCF0215.JPG","drum","DSCF0215",".JPG","409616"
"\\Aaa_nas\iast\18_豆皮藝文咖啡廳第二期\數位檔案_整理\04 打羊秀(2000-2005)\2004 01 混咬表演\drum\DSCF0220.JPG","drum","DSCF0220",".JPG","1215463"
"\\Aaa_nas\iast\18_豆皮藝文咖啡廳第二期\數位檔案_整理\04 打羊秀(2000-2005)\2004 01 混咬表演\drum\DSCF0224.JPG","drum","DSCF0224",".JPG","1258929"
"\\Aaa_nas\iast\18_豆皮藝文咖啡廳第二期\數位檔案_整理\04 打羊秀(2000-2005)\2004 01 混咬表演\drum\DSCF0225.JPG","drum","DSCF0225",".JPG","1200526"
"\\Aaa_nas\iast\18_豆皮藝文咖啡廳第二期\數位檔案_整理\04 打羊秀(2000-2005)\2004 01 混咬表演\drum\DSCF0226.JPG","drum","DSCF0226",".JPG","1281146"
"\\Aaa_nas\iast\18_豆皮藝文咖啡廳第二期\數位檔案_整理\04 打羊秀(2000-2005)\2004 01 混咬表演\drum\DSCF0227.JPG","drum","DSCF0227",".JPG","1179385"
"\\Aaa_nas\iast\18_豆皮藝文咖啡廳第二期\數位檔案_整理\04 打羊秀(2000-2005)\2004 01 混咬表演\drum\DSCF0230.JPG","drum","DSCF0230",".JPG","1172429"
"\\Aaa_nas\iast\18_豆皮藝文咖啡廳第二期\數位檔案_整理\04 打羊秀(2000-2005)\2004 01 混咬表演\drum\DSCF0242.JPG","drum","DSCF0242",".JPG","601181"
"\\Aaa_nas\iast\18_豆皮藝文咖啡廳第二期\數位檔案_整理\04 打羊秀(2000-2005)\2004 01 混咬表演\staff\DSCF0040 (3).JPG","staff","DSCF0040 (3)",".JPG","401443"
"\\Aaa_nas\iast\18_豆皮藝文咖啡廳第二期\數位檔案_整理\04 打羊秀(2000-2005)\2004 01 混咬表演\staff\DSCF0044 (2).JPG","staff","DSCF0044 (2)",".JPG","580202"
"\\Aaa_nas\iast\18_豆皮藝文咖啡廳第二期\數位檔案_整理\04 打羊秀(2000-2005)\2004 01 混咬表演\staff\DSCF0233.JPG","staff","DSCF0233",".JPG","592651"
"\\Aaa_nas\iast\18_豆皮藝文咖啡廳第二期\數位檔案_整理\04 打羊秀(2000-2005)\2004 01 混咬表演\staff\DSCF0238.JPG","staff","DSCF0238",".JPG","584053"
"\\Aaa_nas\iast\18_豆皮藝文咖啡廳第二期\數位檔案_整理\04 打羊秀(2000-2005)\2004 01 混咬表演\staff\DSCF0239.JPG","staff","DSCF0239",".JPG","599800"
"\\Aaa_nas\iast\18_豆皮藝文咖啡廳第二期\數位檔案_整理\04 打羊秀(2000-2005)\2004 01 混咬表演\staff\DSCF0240.JPG","staff","DSCF0240",".JPG","586636"
"\\Aaa_nas\iast\18_豆皮藝文咖啡廳第二期\數位檔案_整理\04 打羊秀(2000-2005)\2004 01 混咬表演\staff\DSCF0241.JPG","staff","DSCF0241",".JPG","556117"
"\\Aaa_nas\iast\18_豆皮藝文咖啡廳第二期\數位檔案_整理\04 打羊秀(2000-2005)\2004 01 混咬表演\樂團\DSCF0038 (2).JPG","樂團","DSCF0038 (2)",".JPG","556971"
"\\Aaa_nas\iast\18_豆皮藝文咖啡廳第二期\數位檔案_整理\04 打羊秀(2000-2005)\2004 01 混咬表演\樂團\DSCF0039 (2).JPG","樂團","DSCF0039 (2)",".JPG","599183"
"\\Aaa_nas\iast\18_豆皮藝文咖啡廳第二期\數位檔案_整理\04 打羊秀(2000-2005)\2004 01 混咬表演\樂團\DSCF0063 (2).JPG","樂團","DSCF0063 (2)",".JPG","605721"
"\\Aaa_nas\iast\18_豆皮藝文咖啡廳第二期\數位檔案_整理\04 打羊秀(2000-2005)\2004 01 混咬表演\樂團\DSCF0064.JPG","樂團","DSCF0064",".JPG","611637"
"\\Aaa_nas\iast\18_豆皮藝文咖啡廳第二期\數位檔案_整理\04 打羊秀(2000-2005)\2004 01 混咬表演\樂團\DSCF0065.JPG","樂團","DSCF0065",".JPG","611812"
"\\Aaa_nas\iast\18_豆皮藝文咖啡廳第二期\數位檔案_整理\04 打羊秀(2000-2005)\2004 01 混咬表演\樂團\DSCF0066 (2).JPG","樂團","DSCF0066 (2)",".JPG","617739"
"\\Aaa_nas\iast\18_豆皮藝文咖啡廳第二期\數位檔案_整理\04 打羊秀(2000-2005)\2004 01 混咬表演\樂團\DSCF0067 (2).JPG","樂團","DSCF0067 (2)",".JPG","653403"
"\\Aaa_nas\iast\18_豆皮藝文咖啡廳第二期\數位檔案_整理\04 打羊秀(2000-2005)\2004 01 混咬表演\樂團\DSCF0068.JPG","樂團","DSCF0068",".JPG","633112"
"\\Aaa_nas\iast\18_豆皮藝文咖啡廳第二期\數位檔案_整理\04 打羊秀(2000-2005)\2004 01 混咬表演\樂團\DSCF0069.JPG","樂團","DSCF0069",".JPG","585509"
"\\Aaa_nas\iast\18_豆皮藝文咖啡廳第二期\數位檔案_整理\04 打羊秀(2000-2005)\2004 01 混咬表演\樂團\DSCF0070.JPG","樂團","DSCF0070",".JPG","562647"
"\\Aaa_nas\iast\18_豆皮藝文咖啡廳第二期\數位檔案_整理\04 打羊秀(2000-2005)\2004 01 混咬表演\樂團\DSCF0071 (2).JPG","樂團","DSCF0071 (2)",".JPG","617573"
"\\Aaa_nas\iast\18_豆皮藝文咖啡廳第二期\數位檔案_整理\04 打羊秀(2000-2005)\2004 01 混咬表演\樂團\DSCF0072.JPG","樂團","DSCF0072",".JPG","595974"
"\\Aaa_nas\iast\18_豆皮藝文咖啡廳第二期\數位檔案_整理\04 打羊秀(2000-2005)\2004 01 混咬表演\樂團\DSCF0073 (2).JPG","樂團","DSCF0073 (2)",".JPG","610959"
"\\Aaa_nas\iast\18_豆皮藝文咖啡廳第二期\數位檔案_整理\04 打羊秀(2000-2005)\2004 01 混咬表演\樂團\DSCF0074.JPG","樂團","DSCF0074",".JPG","634530"
"\\Aaa_nas\iast\18_豆皮藝文咖啡廳第二期\數位檔案_整理\04 打羊秀(2000-2005)\2004 01 混咬表演\樂團\DSCF0075.JPG","樂團","DSCF0075",".JPG","637370"
"\\Aaa_nas\iast\18_豆皮藝文咖啡廳第二期\數位檔案_整理\04 打羊秀(2000-2005)\2004 01 混咬表演\樂團\DSCF0076 (2).JPG","樂團","DSCF0076 (2)",".JPG","593168"
"\\Aaa_nas\iast\18_豆皮藝文咖啡廳第二期\數位檔案_整理\04 打羊秀(2000-2005)\2004 01 混咬表演\樂團\DSCF0077 (2).JPG","樂團","DSCF0077 (2)",".JPG","587457"
"\\Aaa_nas\iast\18_豆皮藝文咖啡廳第二期\數位檔案_整理\04 打羊秀(2000-2005)\2004 01 混咬表演\樂團\DSCF0078.JPG","樂團","DSCF0078",".JPG","596427"
"\\Aaa_nas\iast\18_豆皮藝文咖啡廳第二期\數位檔案_整理\04 打羊秀(2000-2005)\2004 01 混咬表演\樂團\DSCF0080.JPG","樂團","DSCF0080",".JPG","594204"
"\\Aaa_nas\iast\18_豆皮藝文咖啡廳第二期\數位檔案_整理\04 打羊秀(2000-2005)\2004 01 混咬表演\樂團\DSCF0081.JPG","樂團","DSCF0081",".JPG","585491"
"\\Aaa_nas\iast\18_豆皮藝文咖啡廳第二期\數位檔案_整理\04 打羊秀(2000-2005)\2004 01 混咬表演\樂團\DSCF0084.JPG","樂團","DSCF0084",".JPG","606303"
"\\Aaa_nas\iast\18_豆皮藝文咖啡廳第二期\數位檔案_整理\04 打羊秀(2000-2005)\2004 01 混咬表演\樂團\DSCF0085.JPG","樂團","DSCF0085",".JPG","577022"
"\\Aaa_nas\iast\18_豆皮藝文咖啡廳第二期\數位檔案_整理\04 打羊秀(2000-2005)\2004 01 混咬表演\樂團\DSCF0086.JPG","樂團","DSCF0086",".JPG","596454"
"\\Aaa_nas\iast\18_豆皮藝文咖啡廳第二期\數位檔案_整理\04 打羊秀(2000-2005)\2004 01 混咬表演\樂團\DSCF0089.JPG","樂團","DSCF0089",".JPG","600136"
"\\Aaa_nas\iast\18_豆皮藝文咖啡廳第二期\數位檔案_整理\04 打羊秀(2000-2005)\2004 01 混咬表演\樂團\DSCF0090 (2).JPG","樂團","DSCF0090 (2)",".JPG","565022"
"\\Aaa_nas\iast\18_豆皮藝文咖啡廳第二期\數位檔案_整理\04 打羊秀(2000-2005)\2004 01 混咬表演\樂團b\DSCF0017 (3).JPG","樂團b","DSCF0017 (3)",".JPG","389169"
"\\Aaa_nas\iast\18_豆皮藝文咖啡廳第二期\數位檔案_整理\04 打羊秀(2000-2005)\2004 01 混咬表演\樂團b\DSCF0021 (3).JPG","樂團b","DSCF0021 (3)",".JPG","362794"
"\\Aaa_nas\iast\18_豆皮藝文咖啡廳第二期\數位檔案_整理\04 打羊秀(2000-2005)\2004 01 混咬表演\樂團b\DSCF0023 (3).JPG","樂團b","DSCF0023 (3)",".JPG","396487"
"\\Aaa_nas\iast\18_豆皮藝文咖啡廳第二期\數位檔案_整理\04 打羊秀(2000-2005)\2004 01 混咬表演\樂團b\DSCF0025 (3).JPG","樂團b","DSCF0025 (3)",".JPG","362880"
"\\Aaa_nas\iast\18_豆皮藝文咖啡廳第二期\數位檔案_整理\04 打羊秀(2000-2005)\2004 01 混咬表演\樂團b\DSCF0026 (3).JPG","樂團b","DSCF0026 (3)",".JPG","386396"
"\\Aaa_nas\iast\18_豆皮藝文咖啡廳第二期\數位檔案_整理\04 打羊秀(2000-2005)\2004 01 混咬表演\樂團b\DSCF0027 (3).JPG","樂團b","DSCF0027 (3)",".JPG","385712"
"\\Aaa_nas\iast\18_豆皮藝文咖啡廳第二期\數位檔案_整理\04 打羊秀(2000-2005)\2004 01 混咬表演\樂團b\DSCF0029 (3).JPG","樂團b","DSCF0029 (3)",".JPG","388335"
"\\Aaa_nas\iast\18_豆皮藝文咖啡廳第二期\數位檔案_整理\04 打羊秀(2000-2005)\2004 01 混咬表演\樂團b\DSCF0030 (3).JPG","樂團b","DSCF0030 (3)",".JPG","396541"
"\\Aaa_nas\iast\18_豆皮藝文咖啡廳第二期\數位檔案_整理\04 打羊秀(2000-2005)\2004 01 混咬表演\樂團b\DSCF0033 (4).JPG","樂團b","DSCF0033 (4)",".JPG","390802"
"\\Aaa_nas\iast\18_豆皮藝文咖啡廳第二期\數位檔案_整理\04 打羊秀(2000-2005)\2004 01 混咬表演\樂團b\DSCF0034 (4).JPG","樂團b","DSCF0034 (4)",".JPG","393160"
"\\Aaa_nas\iast\18_豆皮藝文咖啡廳第二期\數位檔案_整理\04 打羊秀(2000-2005)\2004 01 混咬表演\樂團b\DSCF0035 (3).JPG","樂團b","DSCF0035 (3)",".JPG","384367"
"\\Aaa_nas\iast\18_豆皮藝文咖啡廳第二期\數位檔案_整理\04 打羊秀(2000-2005)\2004 01 混咬表演\脫口秀\DSCF0143.JPG","脫口秀","DSCF0143",".JPG","394178"
"\\Aaa_nas\iast\18_豆皮藝文咖啡廳第二期\數位檔案_整理\04 打羊秀(2000-2005)\2004 01 混咬表演\脫口秀\DSCF0144.JPG","脫口秀","DSCF0144",".JPG","392261"
"\\Aaa_nas\iast\18_豆皮藝文咖啡廳第二期\數位檔案_整理\04 打羊秀(2000-2005)\2004 01 混咬表演\脫口秀\DSCF0145.JPG","脫口秀","DSCF0145",".JPG","403674"
"\\Aaa_nas\iast\18_豆皮藝文咖啡廳第二期\數位檔案_整理\04 打羊秀(2000-2005)\2004 01 混咬表演\脫口秀\DSCF0146.JPG","脫口秀","DSCF0146",".JPG","401350"
"\\Aaa_nas\iast\18_豆皮藝文咖啡廳第二期\數位檔案_整理\04 打羊秀(2000-2005)\2004 01 混咬表演\脫口秀\DSCF0147.JPG","脫口秀","DSCF0147",".JPG","383158"
"\\Aaa_nas\iast\18_豆皮藝文咖啡廳第二期\數位檔案_整理\04 打羊秀(2000-2005)\2004 01 混咬表演\脫口秀\DSCF0148.JPG","脫口秀","DSCF0148",".JPG","393583"
"\\Aaa_nas\iast\18_豆皮藝文咖啡廳第二期\數位檔案_整理\04 打羊秀(2000-2005)\2004 01 混咬表演\脫口秀\DSCF0149.JPG","脫口秀","DSCF0149",".JPG","384186"
"\\Aaa_nas\iast\18_豆皮藝文咖啡廳第二期\數位檔案_整理\04 打羊秀(2000-2005)\2004 01 混咬表演\脫口秀\DSCF0150.JPG","脫口秀","DSCF0150",".JPG","390410"
"\\Aaa_nas\iast\18_豆皮藝文咖啡廳第二期\數位檔案_整理\04 打羊秀(2000-2005)\2004 01 混咬表演\脫口秀\DSCF0151.JPG","脫口秀","DSCF0151",".JPG","381991"
"\\Aaa_nas\iast\18_豆皮藝文咖啡廳第二期\數位檔案_整理\04 打羊秀(2000-2005)\2004 01 混咬表演\脫口秀\DSCF0152.JPG","脫口秀","DSCF0152",".JPG","375497"
"\\Aaa_nas\iast\18_豆皮藝文咖啡廳第二期\數位檔案_整理\04 打羊秀(2000-2005)\2004 01 混咬表演\脫口秀\DSCF0153.JPG","脫口秀","DSCF0153",".JPG","404310"
"\\Aaa_nas\iast\18_豆皮藝文咖啡廳第二期\數位檔案_整理\04 打羊秀(2000-2005)\2004 01 混咬表演\脫口秀\DSCF0154.JPG","脫口秀","DSCF0154",".JPG","398686"
"\\Aaa_nas\iast\18_豆皮藝文咖啡廳第二期\數位檔案_整理\04 打羊秀(2000-2005)\2004 01 混咬表演\脫口秀\DSCF0155.JPG","脫口秀","DSCF0155",".JPG","381556"
"\\Aaa_nas\iast\18_豆皮藝文咖啡廳第二期\數位檔案_整理\04 打羊秀(2000-2005)\2004 01 混咬表演\脫口秀\DSCF0156.JPG","脫口秀","DSCF0156",".JPG","374265"
"\\Aaa_nas\iast\18_豆皮藝文咖啡廳第二期\數位檔案_整理\04 打羊秀(2000-2005)\2004 01 混咬表演\脫口秀\DSCF0157.JPG","脫口秀","DSCF0157",".JPG","373521"
"\\Aaa_nas\iast\18_豆皮藝文咖啡廳第二期\數位檔案_整理\04 打羊秀(2000-2005)\2004 01 混咬表演\脫口秀\DSCF0158.JPG","脫口秀","DSCF0158",".JPG","376348"
"\\Aaa_nas\iast\18_豆皮藝文咖啡廳第二期\數位檔案_整理\04 打羊秀(2000-2005)\2004 01 混咬表演\脫口秀\DSCF0159.JPG","脫口秀","DSCF0159",".JPG","392803"
"\\Aaa_nas\iast\18_豆皮藝文咖啡廳第二期\數位檔案_整理\04 打羊秀(2000-2005)\2004 01 混咬表演\脫口秀\DSCF0160.JPG","脫口秀","DSCF0160",".JPG","386147"
"\\Aaa_nas\iast\18_豆皮藝文咖啡廳第二期\數位檔案_整理\04 打羊秀(2000-2005)\2004 01 混咬表演\脫口秀\DSCF0161.JPG","脫口秀","DSCF0161",".JPG","391444"
"\\Aaa_nas\iast\18_豆皮藝文咖啡廳第二期\數位檔案_整理\04 打羊秀(2000-2005)\2004 01 混咬表演\脫口秀\DSCF0162.JPG","脫口秀","DSCF0162",".JPG","389756"
"\\Aaa_nas\iast\18_豆皮藝文咖啡廳第二期\數位檔案_整理\04 打羊秀(2000-2005)\2004 01 混咬表演\脫口秀\DSCF0163.JPG","脫口秀","DSCF0163",".JPG","373592"
"\\Aaa_nas\iast\18_豆皮藝文咖啡廳第二期\數位檔案_整理\04 打羊秀(2000-2005)\2004 01 混咬表演\脫口秀\DSCF0164.JPG","脫口秀","DSCF0164",".JPG","414713"
"\\Aaa_nas\iast\18_豆皮藝文咖啡廳第二期\數位檔案_整理\04 打羊秀(2000-2005)\2004 01 混咬表演\脫口秀\DSCF0165.JPG","脫口秀","DSCF0165",".JPG","412249"
"\\Aaa_nas\iast\18_豆皮藝文咖啡廳第二期\數位檔案_整理\04 打羊秀(2000-2005)\2004 01 混咬表演\脫口秀\DSCF0166.JPG","脫口秀","DSCF0166",".JPG","384030"
"\\Aaa_nas\iast\18_豆皮藝文咖啡廳第二期\數位檔案_整理\04 打羊秀(2000-2005)\2004 01 混咬表演\脫口秀\DSCF0167.JPG","脫口秀","DSCF0167",".JPG","397409"
"\\Aaa_nas\iast\18_豆皮藝文咖啡廳第二期\數位檔案_整理\04 打羊秀(2000-2005)\2004 01 混咬表演\脫口秀\DSCF0168.JPG","脫口秀","DSCF0168",".JPG","389338"
"\\Aaa_nas\iast\18_豆皮藝文咖啡廳第二期\數位檔案_整理\04 打羊秀(2000-2005)\2004 01 混咬表演\脫口秀\DSCF0169.JPG","脫口秀","DSCF0169",".JPG","391617"
"\\Aaa_nas\iast\18_豆皮藝文咖啡廳第二期\數位檔案_整理\04 打羊秀(2000-2005)\2004 01 混咬表演\脫口秀\DSCF0170.JPG","脫口秀","DSCF0170",".JPG","374872"
"\\Aaa_nas\iast\18_豆皮藝文咖啡廳第二期\數位檔案_整理\04 打羊秀(2000-2005)\2004 01 混咬表演\脫口秀\DSCF0171.JPG","脫口秀","DSCF0171",".JPG","365343"
"\\Aaa_nas\iast\18_豆皮藝文咖啡廳第二期\數位檔案_整理\04 打羊秀(2000-2005)\2004 01 混咬表演\脫口秀\DSCF0172.JPG","脫口秀","DSCF0172",".JPG","414322"
"\\Aaa_nas\iast\18_豆皮藝文咖啡廳第二期\數位檔案_整理\04 打羊秀(2000-2005)\2004 01 混咬表演\脫口秀\DSCF0173.JPG","脫口秀","DSCF0173",".JPG","384806"
"\\Aaa_nas\iast\18_豆皮藝文咖啡廳第二期\數位檔案_整理\04 打羊秀(2000-2005)\2004 01 混咬表演\脫口秀\DSCF0174.JPG","脫口秀","DSCF0174",".JPG","377058"
"\\Aaa_nas\iast\18_豆皮藝文咖啡廳第二期\數位檔案_整理\04 打羊秀(2000-2005)\2004 01 混咬表演\脫口秀\DSCF0175.JPG","脫口秀","DSCF0175",".JPG","364813"
"\\Aaa_nas\iast\18_豆皮藝文咖啡廳第二期\數位檔案_整理\04 打羊秀(2000-2005)\2004 01 混咬表演\脫口秀\DSCF0176.JPG","脫口秀","DSCF0176",".JPG","381249"
"\\Aaa_nas\iast\18_豆皮藝文咖啡廳第二期\數位檔案_整理\04 打羊秀(2000-2005)\2004 01 混咬表演\脫口秀\DSCF0181.JPG","脫口秀","DSCF0181",".JPG","367551"
"\\Aaa_nas\iast\18_豆皮藝文咖啡廳第二期\數位檔案_整理\04 打羊秀(2000-2005)\2004 01 混咬表演\脫口秀\DSCF0182.JPG","脫口秀","DSCF0182",".JPG","356656"
"\\Aaa_nas\iast\18_豆皮藝文咖啡廳第二期\數位檔案_整理\04 打羊秀(2000-2005)\2004 01 混咬表演\脫口秀\DSCF0183.JPG","脫口秀","DSCF0183",".JPG","392507"
"\\Aaa_nas\iast\18_豆皮藝文咖啡廳第二期\數位檔案_整理\04 打羊秀(2000-2005)\2004 01 混咬表演\脫口秀\DSCF0185.JPG","脫口秀","DSCF0185",".JPG","378351"
"\\Aaa_nas\iast\18_豆皮藝文咖啡廳第二期\數位檔案_整理\04 打羊秀(2000-2005)\2004 01 混咬表演\脫口秀\DSCF0186.JPG","脫口秀","DSCF0186",".JPG","378548"
"\\Aaa_nas\iast\18_豆皮藝文咖啡廳第二期\數位檔案_整理\04 打羊秀(2000-2005)\2004 01 混咬表演\脫口秀\DSCF0187.JPG","脫口秀","DSCF0187",".JPG","385524"
"\\Aaa_nas\iast\18_豆皮藝文咖啡廳第二期\數位檔案_整理\04 打羊秀(2000-2005)\2004 01 混咬表演\脫口秀\DSCF0188.JPG","脫口秀","DSCF0188",".JPG","399584"
"\\Aaa_nas\iast\18_豆皮藝文咖啡廳第二期\數位檔案_整理\04 打羊秀(2000-2005)\2004 01 混咬表演\脫口秀\DSCF0189.JPG","脫口秀","DSCF0189",".JPG","387969"
"\\Aaa_nas\iast\18_豆皮藝文咖啡廳第二期\數位檔案_整理\04 打羊秀(2000-2005)\2004 01 混咬表演\脫口秀\DSCF0190.JPG","脫口秀","DSCF0190",".JPG","370254"
"\\Aaa_nas\iast\18_豆皮藝文咖啡廳第二期\數位檔案_整理\04 打羊秀(2000-2005)\2004 01 混咬表演\脫口秀\DSCF0191.JPG","脫口秀","DSCF0191",".JPG","394498"
"\\Aaa_nas\iast\18_豆皮藝文咖啡廳第二期\數位檔案_整理\04 打羊秀(2000-2005)\2004 01 混咬表演\脫口秀\DSCF0192.JPG","脫口秀","DSCF0192",".JPG","403069"
"\\Aaa_nas\iast\18_豆皮藝文咖啡廳第二期\數位檔案_整理\04 打羊秀(2000-2005)\2004 01 混咬表演\脫口秀\DSCF0193.JPG","脫口秀","DSCF0193",".JPG","397220"
"\\Aaa_nas\iast\18_豆皮藝文咖啡廳第二期\數位檔案_整理\04 打羊秀(2000-2005)\2004 01 混咬表演\脫口秀\DSCF0194.JPG","脫口秀","DSCF0194",".JPG","401225"
"\\Aaa_nas\iast\18_豆皮藝文咖啡廳第二期\數位檔案_整理\04 打羊秀(2000-2005)\2004 01 混咬表演\脫口秀\DSCF0195.JPG","脫口秀","DSCF0195",".JPG","381485"
"\\Aaa_nas\iast\18_豆皮藝文咖啡廳第二期\數位檔案_整理\04 打羊秀(2000-2005)\2004 01 混咬表演\脫口秀\DSCF0196.JPG","脫口秀","DSCF0196",".JPG","386291"
"\\Aaa_nas\iast\18_豆皮藝文咖啡廳第二期\數位檔案_整理\04 打羊秀(2000-2005)\2004 01 混咬表演\脫口秀\DSCF0234.JPG","脫口秀","DSCF0234",".JPG","589632"
"\\Aaa_nas\iast\18_豆皮藝文咖啡廳第二期\數位檔案_整理\04 打羊秀(2000-2005)\2004 01 混咬表演\脫口秀\DSCF0235.JPG","脫口秀","DSCF0235",".JPG","597725"
"\\Aaa_nas\iast\18_豆皮藝文咖啡廳第二期\數位檔案_整理\04 打羊秀(2000-2005)\2004 01 混咬表演\脫口秀\DSCF0236.JPG","脫口秀","DSCF0236",".JPG","595729"
"\\Aaa_nas\iast\18_豆皮藝文咖啡廳第二期\數位檔案_整理\04 打羊秀(2000-2005)\2004 01 混咬表演\脫口秀\DSCF0237.JPG","脫口秀","DSCF0237",".JPG","592571"
"\\Aaa_nas\iast\18_豆皮藝文咖啡廳第二期\數位檔案_整理\04 打羊秀(2000-2005)\2004 01 混咬表演\脫口秀b\DSCF0243.JPG","脫口秀b","DSCF0243",".JPG","598583"
"\\Aaa_nas\iast\18_豆皮藝文咖啡廳第二期\數位檔案_整理\04 打羊秀(2000-2005)\2004 01 混咬表演\脫口秀b\DSCF0244.JPG","脫口秀b","DSCF0244",".JPG","600229"
"\\Aaa_nas\iast\18_豆皮藝文咖啡廳第二期\數位檔案_整理\04 打羊秀(2000-2005)\2004 01 混咬表演\脫口秀b\DSCF0245.JPG","脫口秀b","DSCF0245",".JPG","597438"
"\\Aaa_nas\iast\18_豆皮藝文咖啡廳第二期\數位檔案_整理\04 打羊秀(2000-2005)\2004 01 混咬表演\脫口秀b\DSCF0246.JPG","脫口秀b","DSCF0246",".JPG","588343"
"\\Aaa_nas\iast\18_豆皮藝文咖啡廳第二期\數位檔案_整理\04 打羊秀(2000-2005)\2004 01 混咬表演\脫口秀b\DSCF0247.JPG","脫口秀b","DSCF0247",".JPG","548111"
"\\Aaa_nas\iast\18_豆皮藝文咖啡廳第二期\數位檔案_整理\04 打羊秀(2000-2005)\2004 01 混咬表演\脫口秀b\DSCF0248.JPG","脫口秀b","DSCF0248",".JPG","599593"
"\\Aaa_nas\iast\18_豆皮藝文咖啡廳第二期\數位檔案_整理\04 打羊秀(2000-2005)\2004 01 混咬表演\脫口秀彩排？\DSCF0001 (2).JPG","脫口秀彩排？","DSCF0001 (2)",".JPG","1191701"
"\\Aaa_nas\iast\18_豆皮藝文咖啡廳第二期\數位檔案_整理\04 打羊秀(2000-2005)\2004 01 混咬表演\脫口秀彩排？\DSCF0002 (2).JPG","脫口秀彩排？","DSCF0002 (2)",".JPG","1175963"
"\\Aaa_nas\iast\18_豆皮藝文咖啡廳第二期\數位檔案_整理\04 打羊秀(2000-2005)\2004 01 混咬表演\脫口秀彩排？\DSCF0003 (2).JPG","脫口秀彩排？","DSCF0003 (2)",".JPG","1174630"
"\\Aaa_nas\iast\18_豆皮藝文咖啡廳第二期\數位檔案_整理\04 打羊秀(2000-2005)\2004 01 混咬表演\脫口秀彩排？\DSCF0004 (2).JPG","脫口秀彩排？","DSCF0004 (2)",".JPG","1263936"
"\\Aaa_nas\iast\18_豆皮藝文咖啡廳第二期\數位檔案_整理\04 打羊秀(2000-2005)\2004 01 混咬表演\脫口秀彩排？\DSCF0005 (2).JPG","脫口秀彩排？","DSCF0005 (2)",".JPG","1262297"
"\\Aaa_nas\iast\18_豆皮藝文咖啡廳第二期\數位檔案_整理\04 打羊秀(2000-2005)\2004 01 混咬表演\脫口秀彩排？\DSCF0040 (2).JPG","脫口秀彩排？","DSCF0040 (2)",".JPG","604940"
"\\Aaa_nas\iast\18_豆皮藝文咖啡廳第二期\數位檔案_整理\04 打羊秀(2000-2005)\2004 01 混咬表演\行為＋大提琴\DSCF0046 (2).JPG","行為＋大提琴","DSCF0046 (2)",".JPG","584523"
"\\Aaa_nas\iast\18_豆皮藝文咖啡廳第二期\數位檔案_整理\04 打羊秀(2000-2005)\2004 01 混咬表演\行為＋大提琴\DSCF0048 (3).JPG","行為＋大提琴","DSCF0048 (3)",".JPG","587068"
"\\Aaa_nas\iast\18_豆皮藝文咖啡廳第二期\數位檔案_整理\04 打羊秀(2000-2005)\2004 01 混咬表演\行為＋大提琴\DSCF0049 (2).JPG","行為＋大提琴","DSCF0049 (2)",".JPG","569138"
"\\Aaa_nas\iast\18_豆皮藝文咖啡廳第二期\數位檔案_整理\04 打羊秀(2000-2005)\2004 01 混咬表演\行為＋大提琴\DSCF0050 (2).JPG","行為＋大提琴","DSCF0050 (2)",".JPG","550164"
"\\Aaa_nas\iast\18_豆皮藝文咖啡廳第二期\數位檔案_整理\04 打羊秀(2000-2005)\2004 01 混咬表演\行為＋大提琴\DSCF0052 (3).JPG","行為＋大提琴","DSCF0052 (3)",".JPG","586742"
"\\Aaa_nas\iast\18_豆皮藝文咖啡廳第二期\數位檔案_整理\04 打羊秀(2000-2005)\2004 01 混咬表演\行為＋大提琴\DSCF0053 (2).JPG","行為＋大提琴","DSCF0053 (2)",".JPG","586145"
"\\Aaa_nas\iast\18_豆皮藝文咖啡廳第二期\數位檔案_整理\04 打羊秀(2000-2005)\2004 01 混咬表演\行為＋大提琴\DSCF0054 (3).JPG","行為＋大提琴","DSCF0054 (3)",".JPG","548870"
"\\Aaa_nas\iast\18_豆皮藝文咖啡廳第二期\數位檔案_整理\04 打羊秀(2000-2005)\2004 01 混咬表演\行為＋大提琴\DSCF0055 (2).JPG","行為＋大提琴","DSCF0055 (2)",".JPG","552148"
"\\Aaa_nas\iast\18_豆皮藝文咖啡廳第二期\數位檔案_整理\04 打羊秀(2000-2005)\2004 01 混咬表演\行為＋大提琴\DSCF0057.JPG","行為＋大提琴","DSCF0057",".JPG","569773"
"\\Aaa_nas\iast\18_豆皮藝文咖啡廳第二期\數位檔案_整理\04 打羊秀(2000-2005)\2004 01 混咬表演\行為＋大提琴\DSCF0059.JPG","行為＋大提琴","DSCF0059",".JPG","567844"
"\\Aaa_nas\iast\18_豆皮藝文咖啡廳第二期\數位檔案_整理\04 打羊秀(2000-2005)\2004 01 混咬表演\行為＋大提琴\DSCF0062 (2).JPG","行為＋大提琴","DSCF0062 (2)",".JPG","557878"
"\\Aaa_nas\iast\18_豆皮藝文咖啡廳第二期\數位檔案_整理\04 打羊秀(2000-2005)\2004 01 混咬表演\行為＋大提琴\DSCF0092.JPG","行為＋大提琴","DSCF0092",".JPG","617531"
"\\Aaa_nas\iast\18_豆皮藝文咖啡廳第二期\數位檔案_整理\04 打羊秀(2000-2005)\2004 01 混咬表演\行為？\DSCF0013.JPG","行為？","DSCF0013",".JPG","331833"
"\\Aaa_nas\iast\18_豆皮藝文咖啡廳第二期\數位檔案_整理\04 打羊秀(2000-2005)\2004 01 混咬表演\行為？\DSCF0014 (2).JPG","行為？","DSCF0014 (2)",".JPG","311818"
"\\Aaa_nas\iast\18_豆皮藝文咖啡廳第二期\數位檔案_整理\04 打羊秀(2000-2005)\2004 01 混咬表演\行為？\DSCF0015 (2).JPG","行為？","DSCF0015 (2)",".JPG","327707"
"\\Aaa_nas\iast\18_豆皮藝文咖啡廳第二期\數位檔案_整理\04 打羊秀(2000-2005)\2004 01 混咬表演\行為？\DSCF0016.JPG","行為？","DSCF0016",".JPG","322020"
"\\Aaa_nas\iast\18_豆皮藝文咖啡廳第二期\數位檔案_整理\04 打羊秀(2000-2005)\2004 01 混咬表演\行為？\DSCF0017.JPG","行為？","DSCF0017",".JPG","335852"
"\\Aaa_nas\iast\18_豆皮藝文咖啡廳第二期\數位檔案_整理\04 打羊秀(2000-2005)\2004 01 混咬表演\行為？\DSCF0018.JPG","行為？","DSCF0018",".JPG","324614"
"\\Aaa_nas\iast\18_豆皮藝文咖啡廳第二期\數位檔案_整理\04 打羊秀(2000-2005)\2004 01 混咬表演\行為？\DSCF0019.JPG","行為？","DSCF0019",".JPG","315895"
"\\Aaa_nas\iast\18_豆皮藝文咖啡廳第二期\數位檔案_整理\04 打羊秀(2000-2005)\2004 01 混咬表演\行為？\DSCF0021.JPG","行為？","DSCF0021",".JPG","604462"
"\\Aaa_nas\iast\18_豆皮藝文咖啡廳第二期\數位檔案_整理\04 打羊秀(2000-2005)\2004 01 混咬表演\行為？\DSCF0022.JPG","行為？","DSCF0022",".JPG","607634"
"\\Aaa_nas\iast\18_豆皮藝文咖啡廳第二期\數位檔案_整理\04 打羊秀(2000-2005)\2004 01 混咬表演\行為？\DSCF0023.JPG","行為？","DSCF0023",".JPG","589847"
"\\Aaa_nas\iast\18_豆皮藝文咖啡廳第二期\數位檔案_整理\04 打羊秀(2000-2005)\2004 01 混咬表演\行為？\DSCF0024.JPG","行為？","DSCF0024",".JPG","597985"
"\\Aaa_nas\iast\18_豆皮藝文咖啡廳第二期\數位檔案_整理\04 打羊秀(2000-2005)\2004 01 混咬表演\行為？\DSCF0025.JPG","行為？","DSCF0025",".JPG","603266"
"\\Aaa_nas\iast\18_豆皮藝文咖啡廳第二期\數位檔案_整理\04 打羊秀(2000-2005)\2004 01 混咬表演\行為？\DSCF0026.JPG","行為？","DSCF0026",".JPG","566489"
"\\Aaa_nas\iast\18_豆皮藝文咖啡廳第二期\數位檔案_整理\04 打羊秀(2000-2005)\2004 01 混咬表演\行為？\DSCF0027.JPG","行為？","DSCF0027",".JPG","614234"
"\\Aaa_nas\iast\18_豆皮藝文咖啡廳第二期\數位檔案_整理\04 打羊秀(2000-2005)\2004 01 混咬表演\行為？\DSCF0029.JPG","行為？","DSCF0029",".JPG","598590"
"\\Aaa_nas\iast\18_豆皮藝文咖啡廳第二期\數位檔案_整理\04 打羊秀(2000-2005)\2004 01 混咬表演\行為？\DSCF0030.JPG","行為？","DSCF0030",".JPG","605267"
"\\Aaa_nas\iast\18_豆皮藝文咖啡廳第二期\數位檔案_整理\04 打羊秀(2000-2005)\2004 01 混咬表演\行為？\DSCF0031.JPG","行為？","DSCF0031",".JPG","572770"
"\\Aaa_nas\iast\18_豆皮藝文咖啡廳第二期\數位檔案_整理\04 打羊秀(2000-2005)\2004 01 混咬表演\行為？\DSCF0032 (2).JPG","行為？","DSCF0032 (2)",".JPG","561008"
"\\Aaa_nas\iast\18_豆皮藝文咖啡廳第二期\數位檔案_整理\04 打羊秀(2000-2005)\2004 01 混咬表演\行為？\DSCF0033 (2).JPG","行為？","DSCF0033 (2)",".JPG","592795"
"\\Aaa_nas\iast\18_豆皮藝文咖啡廳第二期\數位檔案_整理\04 打羊秀(2000-2005)\2004 01 混咬表演\行為？\DSCF0034 (2).JPG","行為？","DSCF0034 (2)",".JPG","591494"
"\\Aaa_nas\iast\18_豆皮藝文咖啡廳第二期\數位檔案_整理\04 打羊秀(2000-2005)\2004 01 混咬表演\行為？\DSCF0037 (2).JPG","行為？","DSCF0037 (2)",".JPG","545594"
"\\Aaa_nas\iast\18_豆皮藝文咖啡廳第二期\數位檔案_整理\04 打羊秀(2000-2005)\2004 01 混咬表演\行為？\DSCF0041 (2).JPG","行為？","DSCF0041 (2)",".JPG","587527"
"\\Aaa_nas\iast\18_豆皮藝文咖啡廳第二期\數位檔案_整理\04 打羊秀(2000-2005)\2004 01 混咬表演\行為？\DSCF0043 (2).JPG","行為？","DSCF0043 (2)",".JPG","572277"
"\\Aaa_nas\iast\18_豆皮藝文咖啡廳第二期\數位檔案_整理\04 打羊秀(2000-2005)\2004 01 混咬表演\行為？\DSCF0045 (2).JPG","行為？","DSCF0045 (2)",".JPG","566227"
"\\Aaa_nas\iast\18_豆皮藝文咖啡廳第二期\數位檔案_整理\04 打羊秀(2000-2005)\2004 01 混咬表演\雙吉他\DSCF0032.JPG","雙吉他","DSCF0032",".JPG","123047"
"\\Aaa_nas\iast\18_豆皮藝文咖啡廳第二期\數位檔案_整理\04 打羊秀(2000-2005)\2004 01 混咬表演\雙吉他\DSCF0033.JPG","雙吉他","DSCF0033",".JPG","128677"
"\\Aaa_nas\iast\18_豆皮藝文咖啡廳第二期\數位檔案_整理\04 打羊秀(2000-2005)\2004 01 混咬表演\雙吉他\DSCF0034.JPG","雙吉他","DSCF0034",".JPG","120358"
"\\Aaa_nas\iast\18_豆皮藝文咖啡廳第二期\數位檔案_整理\04 打羊秀(2000-2005)\2004 01 混咬表演\雙吉他\DSCF0035.JPG","雙吉他","DSCF0035",".JPG","123056"
"\\Aaa_nas\iast\18_豆皮藝文咖啡廳第二期\數位檔案_整理\04 打羊秀(2000-2005)\2004 01 混咬表演\雙吉他\DSCF0036.JPG","雙吉他","DSCF0036",".JPG","125468"
"\\Aaa_nas\iast\18_豆皮藝文咖啡廳第二期\數位檔案_整理\04 打羊秀(2000-2005)\2004 01 混咬表演\雙吉他\DSCF0037.JPG","雙吉他","DSCF0037",".JPG","121839"
"\\Aaa_nas\iast\18_豆皮藝文咖啡廳第二期\數位檔案_整理\04 打羊秀(2000-2005)\2004 01 混咬表演\雙吉他\DSCF0038.JPG","雙吉他","DSCF0038",".JPG","124341"
"\\Aaa_nas\iast\18_豆皮藝文咖啡廳第二期\數位檔案_整理\04 打羊秀(2000-2005)\2004 01 混咬表演\雙吉他\DSCF0039.JPG","雙吉他","DSCF0039",".JPG","123042"
"\\Aaa_nas\iast\18_豆皮藝文咖啡廳第二期\數位檔案_整理\04 打羊秀(2000-2005)\2004 01 混咬表演\雙吉他\DSCF0040.JPG","雙吉他","DSCF0040",".JPG","128953"
"\\Aaa_nas\iast\18_豆皮藝文咖啡廳第二期\數位檔案_整理\04 打羊秀(2000-2005)\2004 01 混咬表演\雙吉他\DSCF0041.JPG","雙吉他","DSCF0041",".JPG","123021"
"\\Aaa_nas\iast\18_豆皮藝文咖啡廳第二期\數位檔案_整理\04 打羊秀(2000-2005)\2004 01 混咬表演\雙吉他\DSCF0042.JPG","雙吉他","DSCF0042",".JPG","121317"
"\\Aaa_nas\iast\18_豆皮藝文咖啡廳第二期\數位檔案_整理\04 打羊秀(2000-2005)\2004 01 混咬表演\雙吉他\DSCF0043.JPG","雙吉他","DSCF0043",".JPG","122863"
"\\Aaa_nas\iast\18_豆皮藝文咖啡廳第二期\數位檔案_整理\04 打羊秀(2000-2005)\2004 01 混咬表演\雙吉他\DSCF0044.JPG","雙吉他","DSCF0044",".JPG","122254"
"\\Aaa_nas\iast\18_豆皮藝文咖啡廳第二期\數位檔案_整理\04 打羊秀(2000-2005)\2004 01 混咬表演\雙吉他\DSCF0045.JPG","雙吉他","DSCF0045",".JPG","119902"
"\\Aaa_nas\iast\18_豆皮藝文咖啡廳第二期\數位檔案_整理\04 打羊秀(2000-2005)\2004 01 混咬表演\雙吉他\DSCF0046.JPG","雙吉他","DSCF0046",".JPG","124847"
"\\Aaa_nas\iast\18_豆皮藝文咖啡廳第二期\數位檔案_整理\04 打羊秀(2000-2005)\2004 01 混咬表演\雙吉他\DSCF0047.JPG","雙吉他","DSCF0047",".JPG","126740"
"\\Aaa_nas\iast\18_豆皮藝文咖啡廳第二期\數位檔案_整理\04 打羊秀(2000-2005)\2004 01 混咬表演\雙吉他\DSCF0048 (2).JPG","雙吉他","DSCF0048 (2)",".JPG","124171"
"\\Aaa_nas\iast\18_豆皮藝文咖啡廳第二期\數位檔案_整理\04 打羊秀(2000-2005)\2004 01 混咬表演\雙吉他\DSCF0049.JPG","雙吉他","DSCF0049",".JPG","130858"
"\\Aaa_nas\iast\18_豆皮藝文咖啡廳第二期\數位檔案_整理\04 打羊秀(2000-2005)\2004 01 混咬表演\雙吉他\DSCF0050.JPG","雙吉他","DSCF0050",".JPG","117493"
"\\Aaa_nas\iast\18_豆皮藝文咖啡廳第二期\數位檔案_整理\04 打羊秀(2000-2005)\2004 01 混咬表演\雙吉他\DSCF0051.JPG","雙吉他","DSCF0051",".JPG","127867"
"\\Aaa_nas\iast\18_豆皮藝文咖啡廳第二期\數位檔案_整理\04 打羊秀(2000-2005)\2004 01 混咬表演\雙吉他\DSCF0052 (2).JPG","雙吉他","DSCF0052 (2)",".JPG","128387"
"\\Aaa_nas\iast\18_豆皮藝文咖啡廳第二期\數位檔案_整理\04 打羊秀(2000-2005)\2004 01 混咬表演\雙吉他\DSCF0053.JPG","雙吉他","DSCF0053",".JPG","128488"
"\\Aaa_nas\iast\18_豆皮藝文咖啡廳第二期\數位檔案_整理\04 打羊秀(2000-2005)\2004 01 混咬表演\雙吉他\DSCF0054 (2).JPG","雙吉他","DSCF0054 (2)",".JPG","124066"
"\\Aaa_nas\iast\18_豆皮藝文咖啡廳第二期\數位檔案_整理\04 打羊秀(2000-2005)\2004 01 混咬表演\雙吉他\DSCF0055.JPG","雙吉他","DSCF0055",".JPG","118604"
"\\Aaa_nas\iast\18_豆皮藝文咖啡廳第二期\數位檔案_整理\04 打羊秀(2000-2005)\2004 02 07 小莫 & Eric\DSC00041.JPG","2004 02 07 小莫 & Eric","DSC00041",".JPG","23824"
"\\Aaa_nas\iast\18_豆皮藝文咖啡廳第二期\數位檔案_整理\04 打羊秀(2000-2005)\2004 02 07 小莫 & Eric\DSC00042.JPG","2004 02 07 小莫 & Eric","DSC00042",".JPG","20952"
"\\Aaa_nas\iast\18_豆皮藝文咖啡廳第二期\數位檔案_整理\04 打羊秀(2000-2005)\2004 02 07 小莫 & Eric\DSC00043.JPG","2004 02 07 小莫 & Eric","DSC00043",".JPG","20614"
"\\Aaa_nas\iast\18_豆皮藝文咖啡廳第二期\數位檔案_整理\04 打羊秀(2000-2005)\2004 02 07 小莫 & Eric\DSCF0001.JPG","2004 02 07 小莫 & Eric","DSCF0001",".JPG","958624"
"\\Aaa_nas\iast\18_豆皮藝文咖啡廳第二期\數位檔案_整理\04 打羊秀(2000-2005)\2004 02 07 小莫 & Eric\DSCF0002.JPG","2004 02 07 小莫 & Eric","DSCF0002",".JPG","991075"
"\\Aaa_nas\iast\18_豆皮藝文咖啡廳第二期\數位檔案_整理\04 打羊秀(2000-2005)\2004 02 07 小莫 & Eric\DSCF0003.JPG","2004 02 07 小莫 & Eric","DSCF0003",".JPG","1060525"
"\\Aaa_nas\iast\18_豆皮藝文咖啡廳第二期\數位檔案_整理\04 打羊秀(2000-2005)\2004 02 07 小莫 & Eric\DSCF0004.JPG","2004 02 07 小莫 & Eric","DSCF0004",".JPG","953592"
"\\Aaa_nas\iast\18_豆皮藝文咖啡廳第二期\數位檔案_整理\04 打羊秀(2000-2005)\2004 02 07 小莫 & Eric\DSCF0006.JPG","2004 02 07 小莫 & Eric","DSCF0006",".JPG","951212"
"\\Aaa_nas\iast\18_豆皮藝文咖啡廳第二期\數位檔案_整理\04 打羊秀(2000-2005)\2004 02 07 小莫 & Eric\DSCF0007.JPG","2004 02 07 小莫 & Eric","DSCF0007",".JPG","1037686"
"\\Aaa_nas\iast\18_豆皮藝文咖啡廳第二期\數位檔案_整理\04 打羊秀(2000-2005)\2004 02 07 小莫 & Eric\DSCF0008.JPG","2004 02 07 小莫 & Eric","DSCF0008",".JPG","918034"
"\\Aaa_nas\iast\18_豆皮藝文咖啡廳第二期\數位檔案_整理\04 打羊秀(2000-2005)\2004 02 07 小莫 & Eric\DSCF0010.JPG","2004 02 07 小莫 & Eric","DSCF0010",".JPG","980357"
"\\Aaa_nas\iast\18_豆皮藝文咖啡廳第二期\數位檔案_整理\04 打羊秀(2000-2005)\2004 02 07 小莫 & Eric\小莫 DSCF0009.JPG","2004 02 07 小莫 & Eric","小莫 DSCF0009",".JPG","971774"
"\\Aaa_nas\iast\18_豆皮藝文咖啡廳第二期\數位檔案_整理\04 打羊秀(2000-2005)\2004 02 08 蘇怡真&陳博偉\2001 1112 蘇怡真.jpg","2004 02 08 蘇怡真&陳博偉","2001 1112 蘇怡真",".jpg","213424"
"\\Aaa_nas\iast\18_豆皮藝文咖啡廳第二期\數位檔案_整理\04 打羊秀(2000-2005)\2004 02 08 蘇怡真&陳博偉\200402蘇怡真&陳博偉 DSCF0139.JPG","2004 02 08 蘇怡真&陳博偉","200402蘇怡真&陳博偉 DSCF0139",".JPG","338371"
"\\Aaa_nas\iast\18_豆皮藝文咖啡廳第二期\數位檔案_整理\04 打羊秀(2000-2005)\2004 02 08 蘇怡真&陳博偉\DSC00055.JPG","2004 02 08 蘇怡真&陳博偉","DSC00055",".JPG","31903"
"\\Aaa_nas\iast\18_豆皮藝文咖啡廳第二期\數位檔案_整理\04 打羊秀(2000-2005)\2004 02 08 蘇怡真&陳博偉\DSC00056.JPG","2004 02 08 蘇怡真&陳博偉","DSC00056",".JPG","29139"
"\\Aaa_nas\iast\18_豆皮藝文咖啡廳第二期\數位檔案_整理\04 打羊秀(2000-2005)\2004 02 08 蘇怡真&陳博偉\DSC00057.JPG","2004 02 08 蘇怡真&陳博偉","DSC00057",".JPG","22919"
"\\Aaa_nas\iast\18_豆皮藝文咖啡廳第二期\數位檔案_整理\04 打羊秀(2000-2005)\2004 02 08 蘇怡真&陳博偉\DSCF0126.JPG","2004 02 08 蘇怡真&陳博偉","DSCF0126",".JPG","334529"
"\\Aaa_nas\iast\18_豆皮藝文咖啡廳第二期\數位檔案_整理\04 打羊秀(2000-2005)\2004 02 08 蘇怡真&陳博偉\DSCF0127.JPG","2004 02 08 蘇怡真&陳博偉","DSCF0127",".JPG","337185"
"\\Aaa_nas\iast\18_豆皮藝文咖啡廳第二期\數位檔案_整理\04 打羊秀(2000-2005)\2004 02 08 蘇怡真&陳博偉\DSCF0128.JPG","2004 02 08 蘇怡真&陳博偉","DSCF0128",".JPG","347398"
"\\Aaa_nas\iast\18_豆皮藝文咖啡廳第二期\數位檔案_整理\04 打羊秀(2000-2005)\2004 02 08 蘇怡真&陳博偉\DSCF0129.JPG","2004 02 08 蘇怡真&陳博偉","DSCF0129",".JPG","344281"
"\\Aaa_nas\iast\18_豆皮藝文咖啡廳第二期\數位檔案_整理\04 打羊秀(2000-2005)\2004 02 08 蘇怡真&陳博偉\DSCF0130.JPG","2004 02 08 蘇怡真&陳博偉","DSCF0130",".JPG","348407"
"\\Aaa_nas\iast\18_豆皮藝文咖啡廳第二期\數位檔案_整理\04 打羊秀(2000-2005)\2004 02 08 蘇怡真&陳博偉\DSCF0131.JPG","2004 02 08 蘇怡真&陳博偉","DSCF0131",".JPG","340872"
"\\Aaa_nas\iast\18_豆皮藝文咖啡廳第二期\數位檔案_整理\04 打羊秀(2000-2005)\2004 02 08 蘇怡真&陳博偉\DSCF0132.JPG","2004 02 08 蘇怡真&陳博偉","DSCF0132",".JPG","337688"
"\\Aaa_nas\iast\18_豆皮藝文咖啡廳第二期\數位檔案_整理\04 打羊秀(2000-2005)\2004 02 08 蘇怡真&陳博偉\DSCF0133.JPG","2004 02 08 蘇怡真&陳博偉","DSCF0133",".JPG","346021"
"\\Aaa_nas\iast\18_豆皮藝文咖啡廳第二期\數位檔案_整理\04 打羊秀(2000-2005)\2004 02 08 蘇怡真&陳博偉\DSCF0134.JPG","2004 02 08 蘇怡真&陳博偉","DSCF0134",".JPG","341423"
"\\Aaa_nas\iast\18_豆皮藝文咖啡廳第二期\數位檔案_整理\04 打羊秀(2000-2005)\2004 02 08 蘇怡真&陳博偉\DSCF0135.JPG","2004 02 08 蘇怡真&陳博偉","DSCF0135",".JPG","339809"
"\\Aaa_nas\iast\18_豆皮藝文咖啡廳第二期\數位檔案_整理\04 打羊秀(2000-2005)\2004 02 08 蘇怡真&陳博偉\DSCF0136.JPG","2004 02 08 蘇怡真&陳博偉","DSCF0136",".JPG","340272"
"\\Aaa_nas\iast\18_豆皮藝文咖啡廳第二期\數位檔案_整理\04 打羊秀(2000-2005)\2004 02 08 蘇怡真&陳博偉\DSCF0137.JPG","2004 02 08 蘇怡真&陳博偉","DSCF0137",".JPG","344767"
"\\Aaa_nas\iast\18_豆皮藝文咖啡廳第二期\數位檔案_整理\04 打羊秀(2000-2005)\2004 02 08 蘇怡真&陳博偉\DSCF0138.JPG","2004 02 08 蘇怡真&陳博偉","DSCF0138",".JPG","344152"
"\\Aaa_nas\iast\18_豆皮藝文咖啡廳第二期\數位檔案_整理\04 打羊秀(2000-2005)\2004 02 08 蘇怡真&陳博偉\DSCF0140.JPG","2004 02 08 蘇怡真&陳博偉","DSCF0140",".JPG","340303"
"\\Aaa_nas\iast\18_豆皮藝文咖啡廳第二期\數位檔案_整理\04 打羊秀(2000-2005)\2004 02 08 蘇怡真&陳博偉\DSCF0141.JPG","2004 02 08 蘇怡真&陳博偉","DSCF0141",".JPG","343286"
"\\Aaa_nas\iast\18_豆皮藝文咖啡廳第二期\數位檔案_整理\04 打羊秀(2000-2005)\2004 02 08 蘇怡真&陳博偉\DSCF0142.JPG","2004 02 08 蘇怡真&陳博偉","DSCF0142",".JPG","339383"
"\\Aaa_nas\iast\18_豆皮藝文咖啡廳第二期\數位檔案_整理\04 打羊秀(2000-2005)\2004 02 08 蘇怡真&陳博偉\DSCF0143.JPG","2004 02 08 蘇怡真&陳博偉","DSCF0143",".JPG","339114"
"\\Aaa_nas\iast\18_豆皮藝文咖啡廳第二期\數位檔案_整理\04 打羊秀(2000-2005)\2004 02 08 蘇怡真&陳博偉\DSCF0144.JPG","2004 02 08 蘇怡真&陳博偉","DSCF0144",".JPG","326123"
"\\Aaa_nas\iast\18_豆皮藝文咖啡廳第二期\數位檔案_整理\04 打羊秀(2000-2005)\2004 02 08 蘇怡真&陳博偉\DSCF0145.JPG","2004 02 08 蘇怡真&陳博偉","DSCF0145",".JPG","328502"
"\\Aaa_nas\iast\18_豆皮藝文咖啡廳第二期\數位檔案_整理\04 打羊秀(2000-2005)\2004 02 08 蘇怡真&陳博偉\DSCF0146.JPG","2004 02 08 蘇怡真&陳博偉","DSCF0146",".JPG","328580"
"\\Aaa_nas\iast\18_豆皮藝文咖啡廳第二期\數位檔案_整理\04 打羊秀(2000-2005)\2004 02 08 蘇怡真&陳博偉\DSCF0147.JPG","2004 02 08 蘇怡真&陳博偉","DSCF0147",".JPG","326060"
"\\Aaa_nas\iast\18_豆皮藝文咖啡廳第二期\數位檔案_整理\04 打羊秀(2000-2005)\2004 02 08 蘇怡真&陳博偉\DSCF0148.JPG","2004 02 08 蘇怡真&陳博偉","DSCF0148",".JPG","338324"
"\\Aaa_nas\iast\18_豆皮藝文咖啡廳第二期\數位檔案_整理\04 打羊秀(2000-2005)\2004 02 08 蘇怡真&陳博偉\DSCF0149.JPG","2004 02 08 蘇怡真&陳博偉","DSCF0149",".JPG","341589"
"\\Aaa_nas\iast\18_豆皮藝文咖啡廳第二期\數位檔案_整理\04 打羊秀(2000-2005)\2004 02 08 蘇怡真&陳博偉\DSCF0150.JPG","2004 02 08 蘇怡真&陳博偉","DSCF0150",".JPG","339591"
"\\Aaa_nas\iast\18_豆皮藝文咖啡廳第二期\數位檔案_整理\04 打羊秀(2000-2005)\2004 02 08 蘇怡真&陳博偉\我是怡真.eml","2004 02 08 蘇怡真&陳博偉","我是怡真",".eml","934"
"\\Aaa_nas\iast\18_豆皮藝文咖啡廳第二期\數位檔案_整理\04 打羊秀(2000-2005)\2004 02 15 閃亮二人組之阿峰\2002阿峰.JPG","2004 02 15 閃亮二人組之阿峰","2002阿峰",".JPG","1202238"
"\\Aaa_nas\iast\18_豆皮藝文咖啡廳第二期\數位檔案_整理\04 打羊秀(2000-2005)\2004 02 15 閃亮二人組之阿峰\200402阿峰(閃亮二人組)DSC01605.JPG","2004 02 15 閃亮二人組之阿峰","200402阿峰(閃亮二人組)DSC01605",".JPG","854414"
"\\Aaa_nas\iast\18_豆皮藝文咖啡廳第二期\數位檔案_整理\04 打羊秀(2000-2005)\2004 02 15 閃亮二人組之阿峰\200402阿峰(閃亮二人組)DSC01611.JPG","2004 02 15 閃亮二人組之阿峰","200402阿峰(閃亮二人組)DSC01611",".JPG","836547"
"\\Aaa_nas\iast\18_豆皮藝文咖啡廳第二期\數位檔案_整理\04 打羊秀(2000-2005)\2004 02 15 閃亮二人組之阿峰\DSC01589.JPG","2004 02 15 閃亮二人組之阿峰","DSC01589",".JPG","870682"
"\\Aaa_nas\iast\18_豆皮藝文咖啡廳第二期\數位檔案_整理\04 打羊秀(2000-2005)\2004 02 15 閃亮二人組之阿峰\DSC01590.JPG","2004 02 15 閃亮二人組之阿峰","DSC01590",".JPG","886423"
"\\Aaa_nas\iast\18_豆皮藝文咖啡廳第二期\數位檔案_整理\04 打羊秀(2000-2005)\2004 02 15 閃亮二人組之阿峰\DSC01591.JPG","2004 02 15 閃亮二人組之阿峰","DSC01591",".JPG","859422"
"\\Aaa_nas\iast\18_豆皮藝文咖啡廳第二期\數位檔案_整理\04 打羊秀(2000-2005)\2004 02 15 閃亮二人組之阿峰\DSC01592.JPG","2004 02 15 閃亮二人組之阿峰","DSC01592",".JPG","857249"
"\\Aaa_nas\iast\18_豆皮藝文咖啡廳第二期\數位檔案_整理\04 打羊秀(2000-2005)\2004 02 15 閃亮二人組之阿峰\DSC01594.JPG","2004 02 15 閃亮二人組之阿峰","DSC01594",".JPG","860533"
"\\Aaa_nas\iast\18_豆皮藝文咖啡廳第二期\數位檔案_整理\04 打羊秀(2000-2005)\2004 02 15 閃亮二人組之阿峰\DSC01597.JPG","2004 02 15 閃亮二人組之阿峰","DSC01597",".JPG","918081"
"\\Aaa_nas\iast\18_豆皮藝文咖啡廳第二期\數位檔案_整理\04 打羊秀(2000-2005)\2004 02 15 閃亮二人組之阿峰\DSC01598.JPG","2004 02 15 閃亮二人組之阿峰","DSC01598",".JPG","806574"
"\\Aaa_nas\iast\18_豆皮藝文咖啡廳第二期\數位檔案_整理\04 打羊秀(2000-2005)\2004 02 15 閃亮二人組之阿峰\DSC01599.JPG","2004 02 15 閃亮二人組之阿峰","DSC01599",".JPG","862017"
"\\Aaa_nas\iast\18_豆皮藝文咖啡廳第二期\數位檔案_整理\04 打羊秀(2000-2005)\2004 02 15 閃亮二人組之阿峰\DSC01601.JPG","2004 02 15 閃亮二人組之阿峰","DSC01601",".JPG","895087"
"\\Aaa_nas\iast\18_豆皮藝文咖啡廳第二期\數位檔案_整理\04 打羊秀(2000-2005)\2004 02 15 閃亮二人組之阿峰\DSC01602.JPG","2004 02 15 閃亮二人組之阿峰","DSC01602",".JPG","794393"
"\\Aaa_nas\iast\18_豆皮藝文咖啡廳第二期\數位檔案_整理\04 打羊秀(2000-2005)\2004 02 15 閃亮二人組之阿峰\DSC01603.JPG","2004 02 15 閃亮二人組之阿峰","DSC01603",".JPG","738453"
"\\Aaa_nas\iast\18_豆皮藝文咖啡廳第二期\數位檔案_整理\04 打羊秀(2000-2005)\2004 02 15 閃亮二人組之阿峰\DSC01604.JPG","2004 02 15 閃亮二人組之阿峰","DSC01604",".JPG","883732"
"\\Aaa_nas\iast\18_豆皮藝文咖啡廳第二期\數位檔案_整理\04 打羊秀(2000-2005)\2004 02 15 閃亮二人組之阿峰\DSC01606.JPG","2004 02 15 閃亮二人組之阿峰","DSC01606",".JPG","891741"
"\\Aaa_nas\iast\18_豆皮藝文咖啡廳第二期\數位檔案_整理\04 打羊秀(2000-2005)\2004 02 15 閃亮二人組之阿峰\DSC01607.JPG","2004 02 15 閃亮二人組之阿峰","DSC01607",".JPG","877613"
"\\Aaa_nas\iast\18_豆皮藝文咖啡廳第二期\數位檔案_整理\04 打羊秀(2000-2005)\2004 02 15 閃亮二人組之阿峰\DSC01608.JPG","2004 02 15 閃亮二人組之阿峰","DSC01608",".JPG","861013"
"\\Aaa_nas\iast\18_豆皮藝文咖啡廳第二期\數位檔案_整理\04 打羊秀(2000-2005)\2004 02 15 閃亮二人組之阿峰\DSC01610.JPG","2004 02 15 閃亮二人組之阿峰","DSC01610",".JPG","842503"
"\\Aaa_nas\iast\18_豆皮藝文咖啡廳第二期\數位檔案_整理\04 打羊秀(2000-2005)\2004 02 15 閃亮二人組之阿峰\DSC01612.JPG","2004 02 15 閃亮二人組之阿峰","DSC01612",".JPG","910144"
"\\Aaa_nas\iast\18_豆皮藝文咖啡廳第二期\數位檔案_整理\04 打羊秀(2000-2005)\2004 02 15 閃亮二人組之阿峰\DSC01613.JPG","2004 02 15 閃亮二人組之阿峰","DSC01613",".JPG","908631"
"\\Aaa_nas\iast\18_豆皮藝文咖啡廳第二期\數位檔案_整理\04 打羊秀(2000-2005)\2004 02 15 閃亮二人組之阿峰\混咬 DSC01593.JPG","2004 02 15 閃亮二人組之阿峰","混咬 DSC01593",".JPG","886601"
"\\Aaa_nas\iast\18_豆皮藝文咖啡廳第二期\數位檔案_整理\04 打羊秀(2000-2005)\2004 02 27 DJ Fancy (26D Production 炚炚) 第3場 Psy Trance文化展覽會\DSCF0191.JPG","2004 02 27 DJ Fancy (26D Production 炚炚) 第3場 Psy Trance文化展覽會","DSCF0191",".JPG","341042"
"\\Aaa_nas\iast\18_豆皮藝文咖啡廳第二期\數位檔案_整理\04 打羊秀(2000-2005)\2004 02 27 DJ Fancy (26D Production 炚炚) 第3場 Psy Trance文化展覽會\DSCF0192.JPG","2004 02 27 DJ Fancy (26D Production 炚炚) 第3場 Psy Trance文化展覽會","DSCF0192",".JPG","354084"
"\\Aaa_nas\iast\18_豆皮藝文咖啡廳第二期\數位檔案_整理\04 打羊秀(2000-2005)\2004 02 27 DJ Fancy (26D Production 炚炚) 第3場 Psy Trance文化展覽會\DSCF0198.JPG","2004 02 27 DJ Fancy (26D Production 炚炚) 第3場 Psy Trance文化展覽會","DSCF0198",".JPG","328678"
"\\Aaa_nas\iast\18_豆皮藝文咖啡廳第二期\數位檔案_整理\04 打羊秀(2000-2005)\2004 02 27 DJ Fancy (26D Production 炚炚) 第3場 Psy Trance文化展覽會\DSCF0200.JPG","2004 02 27 DJ Fancy (26D Production 炚炚) 第3場 Psy Trance文化展覽會","DSCF0200",".JPG","331719"
"\\Aaa_nas\iast\18_豆皮藝文咖啡廳第二期\數位檔案_整理\04 打羊秀(2000-2005)\2004 02 27 DJ Fancy (26D Production 炚炚) 第3場 Psy Trance文化展覽會\DSCF0201.JPG","2004 02 27 DJ Fancy (26D Production 炚炚) 第3場 Psy Trance文化展覽會","DSCF0201",".JPG","325779"
"\\Aaa_nas\iast\18_豆皮藝文咖啡廳第二期\數位檔案_整理\04 打羊秀(2000-2005)\2004 02 27 DJ Fancy (26D Production 炚炚) 第3場 Psy Trance文化展覽會\DSCF0203.JPG","2004 02 27 DJ Fancy (26D Production 炚炚) 第3場 Psy Trance文化展覽會","DSCF0203",".JPG","350024"
"\\Aaa_nas\iast\18_豆皮藝文咖啡廳第二期\數位檔案_整理\04 打羊秀(2000-2005)\2004 02 27 DJ Fancy (26D Production 炚炚) 第3場 Psy Trance文化展覽會\DSCF0204.JPG","2004 02 27 DJ Fancy (26D Production 炚炚) 第3場 Psy Trance文化展覽會","DSCF0204",".JPG","327507"
"\\Aaa_nas\iast\18_豆皮藝文咖啡廳第二期\數位檔案_整理\04 打羊秀(2000-2005)\2004 02 27 DJ Fancy (26D Production 炚炚) 第3場 Psy Trance文化展覽會\DSCF0205.JPG","2004 02 27 DJ Fancy (26D Production 炚炚) 第3場 Psy Trance文化展覽會","DSCF0205",".JPG","328555"
"\\Aaa_nas\iast\18_豆皮藝文咖啡廳第二期\數位檔案_整理\04 打羊秀(2000-2005)\2004 02 27 DJ Fancy (26D Production 炚炚) 第3場 Psy Trance文化展覽會\DSCF0206.JPG","2004 02 27 DJ Fancy (26D Production 炚炚) 第3場 Psy Trance文化展覽會","DSCF0206",".JPG","326848"
"\\Aaa_nas\iast\18_豆皮藝文咖啡廳第二期\數位檔案_整理\04 打羊秀(2000-2005)\2004 02 27 DJ Fancy (26D Production 炚炚) 第3場 Psy Trance文化展覽會\DSCF0207.JPG","2004 02 27 DJ Fancy (26D Production 炚炚) 第3場 Psy Trance文化展覽會","DSCF0207",".JPG","324493"
"\\Aaa_nas\iast\18_豆皮藝文咖啡廳第二期\數位檔案_整理\04 打羊秀(2000-2005)\2004 02 27 DJ Fancy (26D Production 炚炚) 第3場 Psy Trance文化展覽會\DSCF0208.JPG","2004 02 27 DJ Fancy (26D Production 炚炚) 第3場 Psy Trance文化展覽會","DSCF0208",".JPG","326473"
"\\Aaa_nas\iast\18_豆皮藝文咖啡廳第二期\數位檔案_整理\04 打羊秀(2000-2005)\2004 02 Joe 獨奏\200402JOE獨奏DSC02407.JPG","2004 02 Joe 獨奏","200402JOE獨奏DSC02407",".JPG","839753"
"\\Aaa_nas\iast\18_豆皮藝文咖啡廳第二期\數位檔案_整理\04 打羊秀(2000-2005)\2004 02 Joe 獨奏\DSC02406.JPG","2004 02 Joe 獨奏","DSC02406",".JPG","821376"
"\\Aaa_nas\iast\18_豆皮藝文咖啡廳第二期\數位檔案_整理\04 打羊秀(2000-2005)\2004 02 Joe 獨奏\DSC02408.JPG","2004 02 Joe 獨奏","DSC02408",".JPG","861317"
"\\Aaa_nas\iast\18_豆皮藝文咖啡廳第二期\數位檔案_整理\04 打羊秀(2000-2005)\2004 02 Joe 獨奏\DSC02409.JPG","2004 02 Joe 獨奏","DSC02409",".JPG","771080"
"\\Aaa_nas\iast\18_豆皮藝文咖啡廳第二期\數位檔案_整理\04 打羊秀(2000-2005)\2004 02 Joe 獨奏\DSC02410.JPG","2004 02 Joe 獨奏","DSC02410",".JPG","819610"
"\\Aaa_nas\iast\18_豆皮藝文咖啡廳第二期\數位檔案_整理\04 打羊秀(2000-2005)\2004 02 Joe 獨奏\DSC02411.JPG","2004 02 Joe 獨奏","DSC02411",".JPG","827637"
"\\Aaa_nas\iast\18_豆皮藝文咖啡廳第二期\數位檔案_整理\04 打羊秀(2000-2005)\2004 02 Joe 獨奏\DSC02412.JPG","2004 02 Joe 獨奏","DSC02412",".JPG","778207"
"\\Aaa_nas\iast\18_豆皮藝文咖啡廳第二期\數位檔案_整理\04 打羊秀(2000-2005)\2004 02 Joe 獨奏\DSC02413.JPG","2004 02 Joe 獨奏","DSC02413",".JPG","800468"
"\\Aaa_nas\iast\18_豆皮藝文咖啡廳第二期\數位檔案_整理\04 打羊秀(2000-2005)\2004 02 Joe 獨奏\DSC02414.JPG","2004 02 Joe 獨奏","DSC02414",".JPG","732753"
"\\Aaa_nas\iast\18_豆皮藝文咖啡廳第二期\數位檔案_整理\04 打羊秀(2000-2005)\2004 02 Joe 獨奏\DSC02415.JPG","2004 02 Joe 獨奏","DSC02415",".JPG","804141"
"\\Aaa_nas\iast\18_豆皮藝文咖啡廳第二期\數位檔案_整理\04 打羊秀(2000-2005)\2004 02 吳東晏\DSC01616.JPG","2004 02 吳東晏","DSC01616",".JPG","919607"
"\\Aaa_nas\iast\18_豆皮藝文咖啡廳第二期\數位檔案_整理\04 打羊秀(2000-2005)\2004 02 吳東晏\DSC01617.JPG","2004 02 吳東晏","DSC01617",".JPG","909616"
"\\Aaa_nas\iast\18_豆皮藝文咖啡廳第二期\數位檔案_整理\04 打羊秀(2000-2005)\2004 02 吳東晏\DSC01618.JPG","2004 02 吳東晏","DSC01618",".JPG","908413"
"\\Aaa_nas\iast\18_豆皮藝文咖啡廳第二期\數位檔案_整理\04 打羊秀(2000-2005)\2004 02 吳東晏\DSC01619.JPG","2004 02 吳東晏","DSC01619",".JPG","845530"
"\\Aaa_nas\iast\18_豆皮藝文咖啡廳第二期\數位檔案_整理\04 打羊秀(2000-2005)\2004 02 吳東晏\DSC01620.JPG","2004 02 吳東晏","DSC01620",".JPG","901369"
"\\Aaa_nas\iast\18_豆皮藝文咖啡廳第二期\數位檔案_整理\04 打羊秀(2000-2005)\2004 02 吳東晏\DSC01621.JPG","2004 02 吳東晏","DSC01621",".JPG","879134"
"\\Aaa_nas\iast\18_豆皮藝文咖啡廳第二期\數位檔案_整理\04 打羊秀(2000-2005)\2004 02 吳東晏\DSC01638.JPG","2004 02 吳東晏","DSC01638",".JPG","886417"
"\\Aaa_nas\iast\18_豆皮藝文咖啡廳第二期\數位檔案_整理\04 打羊秀(2000-2005)\2004 02 吳東晏\DSC01639.JPG","2004 02 吳東晏","DSC01639",".JPG","858695"
"\\Aaa_nas\iast\18_豆皮藝文咖啡廳第二期\數位檔案_整理\04 打羊秀(2000-2005)\2004 02 吳東晏\DSC01640.JPG","2004 02 吳東晏","DSC01640",".JPG","841914"
"\\Aaa_nas\iast\18_豆皮藝文咖啡廳第二期\數位檔案_整理\04 打羊秀(2000-2005)\2004 02 吳東晏\DSC01649.JPG","2004 02 吳東晏","DSC01649",".JPG","856388"
"\\Aaa_nas\iast\18_豆皮藝文咖啡廳第二期\數位檔案_整理\04 打羊秀(2000-2005)\2004 02 吳東晏\DSC01650.JPG","2004 02 吳東晏","DSC01650",".JPG","841740"
"\\Aaa_nas\iast\18_豆皮藝文咖啡廳第二期\數位檔案_整理\04 打羊秀(2000-2005)\2004 02 吳東晏\DSC01651.JPG","2004 02 吳東晏","DSC01651",".JPG","896511"
"\\Aaa_nas\iast\18_豆皮藝文咖啡廳第二期\數位檔案_整理\04 打羊秀(2000-2005)\2004 02 吳東晏\DSC01652.JPG","2004 02 吳東晏","DSC01652",".JPG","826332"
"\\Aaa_nas\iast\18_豆皮藝文咖啡廳第二期\數位檔案_整理\04 打羊秀(2000-2005)\2004 02 吳東晏\from 東晏.eml","2004 02 吳東晏","from 東晏",".eml","9448"
"\\Aaa_nas\iast\18_豆皮藝文咖啡廳第二期\數位檔案_整理\04 打羊秀(2000-2005)\2004 02 打羊秀email\我是中山大學的致瑋.eml","2004 02 打羊秀email","我是中山大學的致瑋",".eml","1656"
"\\Aaa_nas\iast\18_豆皮藝文咖啡廳第二期\數位檔案_整理\04 打羊秀(2000-2005)\2004 02 打羊秀email\林姿吟.eml","2004 02 打羊秀email","林姿吟",".eml","1281"
"\\Aaa_nas\iast\18_豆皮藝文咖啡廳第二期\數位檔案_整理\04 打羊秀(2000-2005)\2004 03 14 UPUP樂團之莊文勳 純潔白色之夜\04-25 uup.JPG","2004 03 14 UPUP樂團之莊文勳 純潔白色之夜","04-25 uup",".JPG","62694"
"\\Aaa_nas\iast\18_豆皮藝文咖啡廳第二期\數位檔案_整理\04 打羊秀(2000-2005)\2004 03 14 UPUP樂團之莊文勳 純潔白色之夜\20040314UPUP樂團DSC00124.JPG","2004 03 14 UPUP樂團之莊文勳 純潔白色之夜","20040314UPUP樂團DSC00124",".JPG","228790"
"\\Aaa_nas\iast\18_豆皮藝文咖啡廳第二期\數位檔案_整理\04 打羊秀(2000-2005)\2004 03 14 UPUP樂團之莊文勳 純潔白色之夜\DSC00123.JPG","2004 03 14 UPUP樂團之莊文勳 純潔白色之夜","DSC00123",".JPG","173649"
"\\Aaa_nas\iast\18_豆皮藝文咖啡廳第二期\數位檔案_整理\04 打羊秀(2000-2005)\2004 03 14 UPUP樂團之莊文勳 純潔白色之夜\DSC02531.JPG","2004 03 14 UPUP樂團之莊文勳 純潔白色之夜","DSC02531",".JPG","841263"
"\\Aaa_nas\iast\18_豆皮藝文咖啡廳第二期\數位檔案_整理\04 打羊秀(2000-2005)\2004 03 14 UPUP樂團之莊文勳 純潔白色之夜\DSC02532.JPG","2004 03 14 UPUP樂團之莊文勳 純潔白色之夜","DSC02532",".JPG","833701"
"\\Aaa_nas\iast\18_豆皮藝文咖啡廳第二期\數位檔案_整理\04 打羊秀(2000-2005)\2004 03 14 UPUP樂團之莊文勳 純潔白色之夜\DSC02533.JPG","2004 03 14 UPUP樂團之莊文勳 純潔白色之夜","DSC02533",".JPG","147757"
"\\Aaa_nas\iast\18_豆皮藝文咖啡廳第二期\數位檔案_整理\04 打羊秀(2000-2005)\2004 03 14 UPUP樂團之莊文勳 純潔白色之夜\DSC02534.JPG","2004 03 14 UPUP樂團之莊文勳 純潔白色之夜","DSC02534",".JPG","852108"
"\\Aaa_nas\iast\18_豆皮藝文咖啡廳第二期\數位檔案_整理\04 打羊秀(2000-2005)\2004 03 14 UPUP樂團之莊文勳 純潔白色之夜\DSC02535.JPG","2004 03 14 UPUP樂團之莊文勳 純潔白色之夜","DSC02535",".JPG","171039"
"\\Aaa_nas\iast\18_豆皮藝文咖啡廳第二期\數位檔案_整理\04 打羊秀(2000-2005)\2004 03 14 UPUP樂團之莊文勳 純潔白色之夜\DSC02536.JPG","2004 03 14 UPUP樂團之莊文勳 純潔白色之夜","DSC02536",".JPG","156844"
"\\Aaa_nas\iast\18_豆皮藝文咖啡廳第二期\數位檔案_整理\04 打羊秀(2000-2005)\2004 03 14 UPUP樂團之莊文勳 純潔白色之夜\DSC02538.JPG","2004 03 14 UPUP樂團之莊文勳 純潔白色之夜","DSC02538",".JPG","866380"
"\\Aaa_nas\iast\18_豆皮藝文咖啡廳第二期\數位檔案_整理\04 打羊秀(2000-2005)\2004 03 14 UPUP樂團之莊文勳 純潔白色之夜\DSC02539.JPG","2004 03 14 UPUP樂團之莊文勳 純潔白色之夜","DSC02539",".JPG","833761"
"\\Aaa_nas\iast\18_豆皮藝文咖啡廳第二期\數位檔案_整理\04 打羊秀(2000-2005)\2004 03 14 UPUP樂團之莊文勳 純潔白色之夜\DSC02540.JPG","2004 03 14 UPUP樂團之莊文勳 純潔白色之夜","DSC02540",".JPG","774849"
"\\Aaa_nas\iast\18_豆皮藝文咖啡廳第二期\數位檔案_整理\04 打羊秀(2000-2005)\2004 03 14 UPUP樂團之莊文勳 純潔白色之夜\DSC02541.JPG","2004 03 14 UPUP樂團之莊文勳 純潔白色之夜","DSC02541",".JPG","871582"
"\\Aaa_nas\iast\18_豆皮藝文咖啡廳第二期\數位檔案_整理\04 打羊秀(2000-2005)\2004 03 14 UPUP樂團之莊文勳 純潔白色之夜\DSC02542.JPG","2004 03 14 UPUP樂團之莊文勳 純潔白色之夜","DSC02542",".JPG","827422"
"\\Aaa_nas\iast\18_豆皮藝文咖啡廳第二期\數位檔案_整理\04 打羊秀(2000-2005)\2004 03 14 UPUP樂團之莊文勳 純潔白色之夜\DSC02543.JPG","2004 03 14 UPUP樂團之莊文勳 純潔白色之夜","DSC02543",".JPG","867992"
"\\Aaa_nas\iast\18_豆皮藝文咖啡廳第二期\數位檔案_整理\04 打羊秀(2000-2005)\2004 03 14 UPUP樂團之莊文勳 純潔白色之夜\UPUP樂團 ^_^.eml","2004 03 14 UPUP樂團之莊文勳 純潔白色之夜","UPUP樂團 ^_^",".eml","295987"
"\\Aaa_nas\iast\18_豆皮藝文咖啡廳第二期\數位檔案_整理\04 打羊秀(2000-2005)\2004 03 26 DJ Fancy (26D Production 炚炚) 第4場\20040326  炚炚第四場DSC02021.JPG","2004 03 26 DJ Fancy (26D Production 炚炚) 第4場","20040326  炚炚第四場DSC02021",".JPG","480568"
"\\Aaa_nas\iast\18_豆皮藝文咖啡廳第二期\數位檔案_整理\04 打羊秀(2000-2005)\2004 03 26 DJ Fancy (26D Production 炚炚) 第4場\DSC02005.JPG","2004 03 26 DJ Fancy (26D Production 炚炚) 第4場","DSC02005",".JPG","728284"
"\\Aaa_nas\iast\18_豆皮藝文咖啡廳第二期\數位檔案_整理\04 打羊秀(2000-2005)\2004 03 26 DJ Fancy (26D Production 炚炚) 第4場\DSC02006.JPG","2004 03 26 DJ Fancy (26D Production 炚炚) 第4場","DSC02006",".JPG","801904"
"\\Aaa_nas\iast\18_豆皮藝文咖啡廳第二期\數位檔案_整理\04 打羊秀(2000-2005)\2004 03 26 DJ Fancy (26D Production 炚炚) 第4場\DSC02007.JPG","2004 03 26 DJ Fancy (26D Production 炚炚) 第4場","DSC02007",".JPG","858226"
"\\Aaa_nas\iast\18_豆皮藝文咖啡廳第二期\數位檔案_整理\04 打羊秀(2000-2005)\2004 03 26 DJ Fancy (26D Production 炚炚) 第4場\DSC02008.JPG","2004 03 26 DJ Fancy (26D Production 炚炚) 第4場","DSC02008",".JPG","832851"
"\\Aaa_nas\iast\18_豆皮藝文咖啡廳第二期\數位檔案_整理\04 打羊秀(2000-2005)\2004 03 26 DJ Fancy (26D Production 炚炚) 第4場\DSC02009.JPG","2004 03 26 DJ Fancy (26D Production 炚炚) 第4場","DSC02009",".JPG","879837"
"\\Aaa_nas\iast\18_豆皮藝文咖啡廳第二期\數位檔案_整理\04 打羊秀(2000-2005)\2004 03 26 DJ Fancy (26D Production 炚炚) 第4場\DSC02010.JPG","2004 03 26 DJ Fancy (26D Production 炚炚) 第4場","DSC02010",".JPG","864338"
"\\Aaa_nas\iast\18_豆皮藝文咖啡廳第二期\數位檔案_整理\04 打羊秀(2000-2005)\2004 03 26 DJ Fancy (26D Production 炚炚) 第4場\DSC02011.JPG","2004 03 26 DJ Fancy (26D Production 炚炚) 第4場","DSC02011",".JPG","828928"
"\\Aaa_nas\iast\18_豆皮藝文咖啡廳第二期\數位檔案_整理\04 打羊秀(2000-2005)\2004 03 26 DJ Fancy (26D Production 炚炚) 第4場\DSC02012.JPG","2004 03 26 DJ Fancy (26D Production 炚炚) 第4場","DSC02012",".JPG","798383"
"\\Aaa_nas\iast\18_豆皮藝文咖啡廳第二期\數位檔案_整理\04 打羊秀(2000-2005)\2004 03 26 DJ Fancy (26D Production 炚炚) 第4場\DSC02013.JPG","2004 03 26 DJ Fancy (26D Production 炚炚) 第4場","DSC02013",".JPG","846231"
"\\Aaa_nas\iast\18_豆皮藝文咖啡廳第二期\數位檔案_整理\04 打羊秀(2000-2005)\2004 03 26 DJ Fancy (26D Production 炚炚) 第4場\DSC02014.JPG","2004 03 26 DJ Fancy (26D Production 炚炚) 第4場","DSC02014",".JPG","888712"
"\\Aaa_nas\iast\18_豆皮藝文咖啡廳第二期\數位檔案_整理\04 打羊秀(2000-2005)\2004 03 26 DJ Fancy (26D Production 炚炚) 第4場\DSC02016.JPG","2004 03 26 DJ Fancy (26D Production 炚炚) 第4場","DSC02016",".JPG","785798"
"\\Aaa_nas\iast\18_豆皮藝文咖啡廳第二期\數位檔案_整理\04 打羊秀(2000-2005)\2004 03 26 DJ Fancy (26D Production 炚炚) 第4場\DSC02017.JPG","2004 03 26 DJ Fancy (26D Production 炚炚) 第4場","DSC02017",".JPG","625578"
"\\Aaa_nas\iast\18_豆皮藝文咖啡廳第二期\數位檔案_整理\04 打羊秀(2000-2005)\2004 03 26 DJ Fancy (26D Production 炚炚) 第4場\DSC02018.JPG","2004 03 26 DJ Fancy (26D Production 炚炚) 第4場","DSC02018",".JPG","884998"
"\\Aaa_nas\iast\18_豆皮藝文咖啡廳第二期\數位檔案_整理\04 打羊秀(2000-2005)\2004 03 26 DJ Fancy (26D Production 炚炚) 第4場\DSC02019.JPG","2004 03 26 DJ Fancy (26D Production 炚炚) 第4場","DSC02019",".JPG","826392"
"\\Aaa_nas\iast\18_豆皮藝文咖啡廳第二期\數位檔案_整理\04 打羊秀(2000-2005)\2004 03 26 DJ Fancy (26D Production 炚炚) 第4場\DSC02020.JPG","2004 03 26 DJ Fancy (26D Production 炚炚) 第4場","DSC02020",".JPG","912746"
"\\Aaa_nas\iast\18_豆皮藝文咖啡廳第二期\數位檔案_整理\04 打羊秀(2000-2005)\2004 03 26 DJ Fancy (26D Production 炚炚) 第4場\DSC02022.JPG","2004 03 26 DJ Fancy (26D Production 炚炚) 第4場","DSC02022",".JPG","740940"
"\\Aaa_nas\iast\18_豆皮藝文咖啡廳第二期\數位檔案_整理\04 打羊秀(2000-2005)\2004 03 26 DJ Fancy (26D Production 炚炚) 第4場\DSC02023.JPG","2004 03 26 DJ Fancy (26D Production 炚炚) 第4場","DSC02023",".JPG","800209"
"\\Aaa_nas\iast\18_豆皮藝文咖啡廳第二期\數位檔案_整理\04 打羊秀(2000-2005)\2004 03 28 台南三合院樂團\200403三合院.JPG","2004 03 28 台南三合院樂團","200403三合院",".JPG","252030"
"\\Aaa_nas\iast\18_豆皮藝文咖啡廳第二期\數位檔案_整理\04 打羊秀(2000-2005)\2004 03 28 台南三合院樂團\200403三合院樂團DSC02150.JPG","2004 03 28 台南三合院樂團","200403三合院樂團DSC02150",".JPG","800907"
"\\Aaa_nas\iast\18_豆皮藝文咖啡廳第二期\數位檔案_整理\04 打羊秀(2000-2005)\2004 03 28 台南三合院樂團\DSC02142.JPG","2004 03 28 台南三合院樂團","DSC02142",".JPG","778257"
"\\Aaa_nas\iast\18_豆皮藝文咖啡廳第二期\數位檔案_整理\04 打羊秀(2000-2005)\2004 03 28 台南三合院樂團\DSC02143.JPG","2004 03 28 台南三合院樂團","DSC02143",".JPG","814284"
"\\Aaa_nas\iast\18_豆皮藝文咖啡廳第二期\數位檔案_整理\04 打羊秀(2000-2005)\2004 03 28 台南三合院樂團\DSC02144.JPG","2004 03 28 台南三合院樂團","DSC02144",".JPG","813315"
"\\Aaa_nas\iast\18_豆皮藝文咖啡廳第二期\數位檔案_整理\04 打羊秀(2000-2005)\2004 03 28 台南三合院樂團\DSC02145.JPG","2004 03 28 台南三合院樂團","DSC02145",".JPG","706881"
"\\Aaa_nas\iast\18_豆皮藝文咖啡廳第二期\數位檔案_整理\04 打羊秀(2000-2005)\2004 03 28 台南三合院樂團\DSC02146.JPG","2004 03 28 台南三合院樂團","DSC02146",".JPG","802509"
"\\Aaa_nas\iast\18_豆皮藝文咖啡廳第二期\數位檔案_整理\04 打羊秀(2000-2005)\2004 03 28 台南三合院樂團\DSC02147.JPG","2004 03 28 台南三合院樂團","DSC02147",".JPG","839140"
"\\Aaa_nas\iast\18_豆皮藝文咖啡廳第二期\數位檔案_整理\04 打羊秀(2000-2005)\2004 03 28 台南三合院樂團\DSC02148.JPG","2004 03 28 台南三合院樂團","DSC02148",".JPG","908268"
"\\Aaa_nas\iast\18_豆皮藝文咖啡廳第二期\數位檔案_整理\04 打羊秀(2000-2005)\2004 03 28 台南三合院樂團\DSC02149.JPG","2004 03 28 台南三合院樂團","DSC02149",".JPG","862770"
"\\Aaa_nas\iast\18_豆皮藝文咖啡廳第二期\數位檔案_整理\04 打羊秀(2000-2005)\2004 03 28 台南三合院樂團\DSC02151.JPG","2004 03 28 台南三合院樂團","DSC02151",".JPG","818874"
"\\Aaa_nas\iast\18_豆皮藝文咖啡廳第二期\數位檔案_整理\04 打羊秀(2000-2005)\2004 03 28 台南三合院樂團\DSC02152.JPG","2004 03 28 台南三合院樂團","DSC02152",".JPG","847755"
"\\Aaa_nas\iast\18_豆皮藝文咖啡廳第二期\數位檔案_整理\04 打羊秀(2000-2005)\2004 03 史嘉梁 (史胖子)\20040328豬頭劇第六齣史胖子.JPG","2004 03 史嘉梁 (史胖子)","20040328豬頭劇第六齣史胖子",".JPG","232635"
"\\Aaa_nas\iast\18_豆皮藝文咖啡廳第二期\數位檔案_整理\04 打羊秀(2000-2005)\2004 03 史嘉梁 (史胖子)\200403史嘉梁DSC00198.JPG","2004 03 史嘉梁 (史胖子)","200403史嘉梁DSC00198",".JPG","165201"
"\\Aaa_nas\iast\18_豆皮藝文咖啡廳第二期\數位檔案_整理\04 打羊秀(2000-2005)\2004 03 史嘉梁 (史胖子)\DSC00185.JPG","2004 03 史嘉梁 (史胖子)","DSC00185",".JPG","552660"
"\\Aaa_nas\iast\18_豆皮藝文咖啡廳第二期\數位檔案_整理\04 打羊秀(2000-2005)\2004 03 史嘉梁 (史胖子)\DSC00186.JPG","2004 03 史嘉梁 (史胖子)","DSC00186",".JPG","177210"
"\\Aaa_nas\iast\18_豆皮藝文咖啡廳第二期\數位檔案_整理\04 打羊秀(2000-2005)\2004 03 史嘉梁 (史胖子)\DSC00187.JPG","2004 03 史嘉梁 (史胖子)","DSC00187",".JPG","166847"
"\\Aaa_nas\iast\18_豆皮藝文咖啡廳第二期\數位檔案_整理\04 打羊秀(2000-2005)\2004 03 史嘉梁 (史胖子)\DSC00188.JPG","2004 03 史嘉梁 (史胖子)","DSC00188",".JPG","180394"
"\\Aaa_nas\iast\18_豆皮藝文咖啡廳第二期\數位檔案_整理\04 打羊秀(2000-2005)\2004 03 史嘉梁 (史胖子)\DSC00189.JPG","2004 03 史嘉梁 (史胖子)","DSC00189",".JPG","172734"
"\\Aaa_nas\iast\18_豆皮藝文咖啡廳第二期\數位檔案_整理\04 打羊秀(2000-2005)\2004 03 史嘉梁 (史胖子)\DSC00190.JPG","2004 03 史嘉梁 (史胖子)","DSC00190",".JPG","174770"
"\\Aaa_nas\iast\18_豆皮藝文咖啡廳第二期\數位檔案_整理\04 打羊秀(2000-2005)\2004 03 史嘉梁 (史胖子)\DSC00191.JPG","2004 03 史嘉梁 (史胖子)","DSC00191",".JPG","171645"
"\\Aaa_nas\iast\18_豆皮藝文咖啡廳第二期\數位檔案_整理\04 打羊秀(2000-2005)\2004 03 史嘉梁 (史胖子)\DSC00192.JPG","2004 03 史嘉梁 (史胖子)","DSC00192",".JPG","130884"
"\\Aaa_nas\iast\18_豆皮藝文咖啡廳第二期\數位檔案_整理\04 打羊秀(2000-2005)\2004 03 史嘉梁 (史胖子)\DSC00193.JPG","2004 03 史嘉梁 (史胖子)","DSC00193",".JPG","162719"
"\\Aaa_nas\iast\18_豆皮藝文咖啡廳第二期\數位檔案_整理\04 打羊秀(2000-2005)\2004 03 史嘉梁 (史胖子)\DSC00194.JPG","2004 03 史嘉梁 (史胖子)","DSC00194",".JPG","169144"
"\\Aaa_nas\iast\18_豆皮藝文咖啡廳第二期\數位檔案_整理\04 打羊秀(2000-2005)\2004 03 史嘉梁 (史胖子)\DSC00197.JPG","2004 03 史嘉梁 (史胖子)","DSC00197",".JPG","175791"
"\\Aaa_nas\iast\18_豆皮藝文咖啡廳第二期\數位檔案_整理\04 打羊秀(2000-2005)\2004 03 史嘉梁 (史胖子)\DSC02154.JPG","2004 03 史嘉梁 (史胖子)","DSC02154",".JPG","826028"
"\\Aaa_nas\iast\18_豆皮藝文咖啡廳第二期\數位檔案_整理\04 打羊秀(2000-2005)\2004 03 史嘉梁 (史胖子)\DSC02155.JPG","2004 03 史嘉梁 (史胖子)","DSC02155",".JPG","829691"
"\\Aaa_nas\iast\18_豆皮藝文咖啡廳第二期\數位檔案_整理\04 打羊秀(2000-2005)\2004 03 史嘉梁 (史胖子)\DSC02156.JPG","2004 03 史嘉梁 (史胖子)","DSC02156",".JPG","747866"
"\\Aaa_nas\iast\18_豆皮藝文咖啡廳第二期\數位檔案_整理\04 打羊秀(2000-2005)\2004 03 史嘉梁 (史胖子)\DSC02157.JPG","2004 03 史嘉梁 (史胖子)","DSC02157",".JPG","816760"
"\\Aaa_nas\iast\18_豆皮藝文咖啡廳第二期\數位檔案_整理\04 打羊秀(2000-2005)\2004 03 史嘉梁 (史胖子)\DSC02158.JPG","2004 03 史嘉梁 (史胖子)","DSC02158",".JPG","866262"
"\\Aaa_nas\iast\18_豆皮藝文咖啡廳第二期\數位檔案_整理\04 打羊秀(2000-2005)\2004 03 史嘉梁 (史胖子)\DSC02159.JPG","2004 03 史嘉梁 (史胖子)","DSC02159",".JPG","875024"
"\\Aaa_nas\iast\18_豆皮藝文咖啡廳第二期\數位檔案_整理\04 打羊秀(2000-2005)\2004 03 史嘉梁 (史胖子)\DSC02160.JPG","2004 03 史嘉梁 (史胖子)","DSC02160",".JPG","820125"
"\\Aaa_nas\iast\18_豆皮藝文咖啡廳第二期\數位檔案_整理\04 打羊秀(2000-2005)\2004 03 史嘉梁 (史胖子)\DSC02161.JPG","2004 03 史嘉梁 (史胖子)","DSC02161",".JPG","846139"
"\\Aaa_nas\iast\18_豆皮藝文咖啡廳第二期\數位檔案_整理\04 打羊秀(2000-2005)\2004 03 史嘉梁 (史胖子)\DSC02162.JPG","2004 03 史嘉梁 (史胖子)","DSC02162",".JPG","868480"
"\\Aaa_nas\iast\18_豆皮藝文咖啡廳第二期\數位檔案_整理\04 打羊秀(2000-2005)\2004 03 史嘉梁 (史胖子)\DSC02163.JPG","2004 03 史嘉梁 (史胖子)","DSC02163",".JPG","813498"
"\\Aaa_nas\iast\18_豆皮藝文咖啡廳第二期\數位檔案_整理\04 打羊秀(2000-2005)\2004 03 史嘉梁 (史胖子)\DSC02163s.JPG","2004 03 史嘉梁 (史胖子)","DSC02163s",".JPG","811346"
"\\Aaa_nas\iast\18_豆皮藝文咖啡廳第二期\數位檔案_整理\04 打羊秀(2000-2005)\2004 03 史嘉梁 (史胖子)\DSC02164.JPG","2004 03 史嘉梁 (史胖子)","DSC02164",".JPG","854096"
"\\Aaa_nas\iast\18_豆皮藝文咖啡廳第二期\數位檔案_整理\04 打羊秀(2000-2005)\2004 03 史嘉梁 (史胖子)\DSC02165.JPG","2004 03 史嘉梁 (史胖子)","DSC02165",".JPG","829603"
"\\Aaa_nas\iast\18_豆皮藝文咖啡廳第二期\數位檔案_整理\04 打羊秀(2000-2005)\2004 03 史嘉梁 (史胖子)\DSC02167.JPG","2004 03 史嘉梁 (史胖子)","DSC02167",".JPG","847704"
"\\Aaa_nas\iast\18_豆皮藝文咖啡廳第二期\數位檔案_整理\04 打羊秀(2000-2005)\2004 03 史嘉梁 (史胖子)\DSC02168.JPG","2004 03 史嘉梁 (史胖子)","DSC02168",".JPG","845810"
"\\Aaa_nas\iast\18_豆皮藝文咖啡廳第二期\數位檔案_整理\04 打羊秀(2000-2005)\2004 03 史嘉梁 (史胖子)\DSC02169.JPG","2004 03 史嘉梁 (史胖子)","DSC02169",".JPG","823410"
"\\Aaa_nas\iast\18_豆皮藝文咖啡廳第二期\數位檔案_整理\04 打羊秀(2000-2005)\2004 03 史嘉梁 (史胖子)\DSC02170.JPG","2004 03 史嘉梁 (史胖子)","DSC02170",".JPG","854439"
"\\Aaa_nas\iast\18_豆皮藝文咖啡廳第二期\數位檔案_整理\04 打羊秀(2000-2005)\2004 03 史嘉梁 (史胖子)\DSC02171.JPG","2004 03 史嘉梁 (史胖子)","DSC02171",".JPG","828430"
"\\Aaa_nas\iast\18_豆皮藝文咖啡廳第二期\數位檔案_整理\04 打羊秀(2000-2005)\2004 03 史嘉梁 (史胖子)\DSC02172.JPG","2004 03 史嘉梁 (史胖子)","DSC02172",".JPG","892150"
"\\Aaa_nas\iast\18_豆皮藝文咖啡廳第二期\數位檔案_整理\04 打羊秀(2000-2005)\2004 03 史嘉梁 (史胖子)\DSC02173.JPG","2004 03 史嘉梁 (史胖子)","DSC02173",".JPG","897968"
"\\Aaa_nas\iast\18_豆皮藝文咖啡廳第二期\數位檔案_整理\04 打羊秀(2000-2005)\2004 03 史嘉梁 (史胖子)\DSC02174.JPG","2004 03 史嘉梁 (史胖子)","DSC02174",".JPG","801067"
"\\Aaa_nas\iast\18_豆皮藝文咖啡廳第二期\數位檔案_整理\04 打羊秀(2000-2005)\2004 03 史嘉梁 (史胖子)\DSC02175.JPG","2004 03 史嘉梁 (史胖子)","DSC02175",".JPG","820795"
"\\Aaa_nas\iast\18_豆皮藝文咖啡廳第二期\數位檔案_整理\04 打羊秀(2000-2005)\2004 03 史嘉梁 (史胖子)\DSC02176.JPG","2004 03 史嘉梁 (史胖子)","DSC02176",".JPG","870611"
"\\Aaa_nas\iast\18_豆皮藝文咖啡廳第二期\數位檔案_整理\04 打羊秀(2000-2005)\2004 03 史嘉梁 (史胖子)\DSC02177.JPG","2004 03 史嘉梁 (史胖子)","DSC02177",".JPG","764708"
"\\Aaa_nas\iast\18_豆皮藝文咖啡廳第二期\數位檔案_整理\04 打羊秀(2000-2005)\2004 03 史嘉梁 (史胖子)\DSC02178.JPG","2004 03 史嘉梁 (史胖子)","DSC02178",".JPG","788230"
"\\Aaa_nas\iast\18_豆皮藝文咖啡廳第二期\數位檔案_整理\04 打羊秀(2000-2005)\2004 03 史嘉梁 (史胖子)\DSC02179.JPG","2004 03 史嘉梁 (史胖子)","DSC02179",".JPG","757275"
"\\Aaa_nas\iast\18_豆皮藝文咖啡廳第二期\數位檔案_整理\04 打羊秀(2000-2005)\2004 03 史嘉梁 (史胖子)\豬頭劇第十三齣 史胖子 DSC00195.JPG","2004 03 史嘉梁 (史胖子)","豬頭劇第十三齣 史胖子 DSC00195",".JPG","163506"
"\\Aaa_nas\iast\18_豆皮藝文咖啡廳第二期\數位檔案_整理\04 打羊秀(2000-2005)\2004 04 11 Sunday樂團\200404sunnday樂團DSC02322.JPG","2004 04 11 Sunday樂團","200404sunnday樂團DSC02322",".JPG","1491572"
"\\Aaa_nas\iast\18_豆皮藝文咖啡廳第二期\數位檔案_整理\04 打羊秀(2000-2005)\2004 04 11 Sunday樂團\2004sunnday樂團.JPG","2004 04 11 Sunday樂團","2004sunnday樂團",".JPG","231346"
"\\Aaa_nas\iast\18_豆皮藝文咖啡廳第二期\數位檔案_整理\04 打羊秀(2000-2005)\2004 04 11 Sunday樂團\DSC00280.JPG","2004 04 11 Sunday樂團","DSC00280",".JPG","149519"
"\\Aaa_nas\iast\18_豆皮藝文咖啡廳第二期\數位檔案_整理\04 打羊秀(2000-2005)\2004 04 11 Sunday樂團\DSC00281.JPG","2004 04 11 Sunday樂團","DSC00281",".JPG","149924"
"\\Aaa_nas\iast\18_豆皮藝文咖啡廳第二期\數位檔案_整理\04 打羊秀(2000-2005)\2004 04 11 Sunday樂團\DSC00282.JPG","2004 04 11 Sunday樂團","DSC00282",".JPG","170122"
"\\Aaa_nas\iast\18_豆皮藝文咖啡廳第二期\數位檔案_整理\04 打羊秀(2000-2005)\2004 04 11 Sunday樂團\DSC00283.JPG","2004 04 11 Sunday樂團","DSC00283",".JPG","479579"
"\\Aaa_nas\iast\18_豆皮藝文咖啡廳第二期\數位檔案_整理\04 打羊秀(2000-2005)\2004 04 11 Sunday樂團\DSC00284.JPG","2004 04 11 Sunday樂團","DSC00284",".JPG","617485"
"\\Aaa_nas\iast\18_豆皮藝文咖啡廳第二期\數位檔案_整理\04 打羊秀(2000-2005)\2004 04 11 Sunday樂團\DSC02318.JPG","2004 04 11 Sunday樂團","DSC02318",".JPG","868663"
"\\Aaa_nas\iast\18_豆皮藝文咖啡廳第二期\數位檔案_整理\04 打羊秀(2000-2005)\2004 04 11 Sunday樂團\DSC02319.JPG","2004 04 11 Sunday樂團","DSC02319",".JPG","818371"
"\\Aaa_nas\iast\18_豆皮藝文咖啡廳第二期\數位檔案_整理\04 打羊秀(2000-2005)\2004 04 11 Sunday樂團\DSC02320.JPG","2004 04 11 Sunday樂團","DSC02320",".JPG","805902"
"\\Aaa_nas\iast\18_豆皮藝文咖啡廳第二期\數位檔案_整理\04 打羊秀(2000-2005)\2004 04 11 Sunday樂團\DSC02321.JPG","2004 04 11 Sunday樂團","DSC02321",".JPG","817960"
"\\Aaa_nas\iast\18_豆皮藝文咖啡廳第二期\數位檔案_整理\04 打羊秀(2000-2005)\2004 04 11 Sunday樂團\DSC02323.JPG","2004 04 11 Sunday樂團","DSC02323",".JPG","1589772"
"\\Aaa_nas\iast\18_豆皮藝文咖啡廳第二期\數位檔案_整理\04 打羊秀(2000-2005)\2004 04 11 Sunday樂團\DSC02324.JPG","2004 04 11 Sunday樂團","DSC02324",".JPG","1660989"
"\\Aaa_nas\iast\18_豆皮藝文咖啡廳第二期\數位檔案_整理\04 打羊秀(2000-2005)\2004 04 11 Sunday樂團\DSC02325.JPG","2004 04 11 Sunday樂團","DSC02325",".JPG","1680954"
"\\Aaa_nas\iast\18_豆皮藝文咖啡廳第二期\數位檔案_整理\04 打羊秀(2000-2005)\2004 04 11 Sunday樂團\DSC02326.JPG","2004 04 11 Sunday樂團","DSC02326",".JPG","1753230"
"\\Aaa_nas\iast\18_豆皮藝文咖啡廳第二期\數位檔案_整理\04 打羊秀(2000-2005)\2004 04 11 Sunday樂團\DSC02327.JPG","2004 04 11 Sunday樂團","DSC02327",".JPG","874392"
"\\Aaa_nas\iast\18_豆皮藝文咖啡廳第二期\數位檔案_整理\04 打羊秀(2000-2005)\2004 04 11 Sunday樂團\Sunday.doc","2004 04 11 Sunday樂團","Sunday",".doc","24064"
"\\Aaa_nas\iast\18_豆皮藝文咖啡廳第二期\數位檔案_整理\04 打羊秀(2000-2005)\2004 04 11 仆街浣熊樂團\200404仆街浣熊樂團DSC02302.JPG","2004 04 11 仆街浣熊樂團","200404仆街浣熊樂團DSC02302",".JPG","831571"
"\\Aaa_nas\iast\18_豆皮藝文咖啡廳第二期\數位檔案_整理\04 打羊秀(2000-2005)\2004 04 11 仆街浣熊樂團\DSC00266.JPG","2004 04 11 仆街浣熊樂團","DSC00266",".JPG","180422"
"\\Aaa_nas\iast\18_豆皮藝文咖啡廳第二期\數位檔案_整理\04 打羊秀(2000-2005)\2004 04 11 仆街浣熊樂團\DSC00267.JPG","2004 04 11 仆街浣熊樂團","DSC00267",".JPG","178166"
"\\Aaa_nas\iast\18_豆皮藝文咖啡廳第二期\數位檔案_整理\04 打羊秀(2000-2005)\2004 04 11 仆街浣熊樂團\DSC00268.JPG","2004 04 11 仆街浣熊樂團","DSC00268",".JPG","169953"
"\\Aaa_nas\iast\18_豆皮藝文咖啡廳第二期\數位檔案_整理\04 打羊秀(2000-2005)\2004 04 11 仆街浣熊樂團\DSC00269.JPG","2004 04 11 仆街浣熊樂團","DSC00269",".JPG","180329"
"\\Aaa_nas\iast\18_豆皮藝文咖啡廳第二期\數位檔案_整理\04 打羊秀(2000-2005)\2004 04 11 仆街浣熊樂團\DSC00270.JPG","2004 04 11 仆街浣熊樂團","DSC00270",".JPG","181095"
"\\Aaa_nas\iast\18_豆皮藝文咖啡廳第二期\數位檔案_整理\04 打羊秀(2000-2005)\2004 04 11 仆街浣熊樂團\DSC00271.JPG","2004 04 11 仆街浣熊樂團","DSC00271",".JPG","445405"
"\\Aaa_nas\iast\18_豆皮藝文咖啡廳第二期\數位檔案_整理\04 打羊秀(2000-2005)\2004 04 11 仆街浣熊樂團\DSC00272.JPG","2004 04 11 仆街浣熊樂團","DSC00272",".JPG","611893"
"\\Aaa_nas\iast\18_豆皮藝文咖啡廳第二期\數位檔案_整理\04 打羊秀(2000-2005)\2004 04 11 仆街浣熊樂團\DSC00273.JPG","2004 04 11 仆街浣熊樂團","DSC00273",".JPG","176149"
"\\Aaa_nas\iast\18_豆皮藝文咖啡廳第二期\數位檔案_整理\04 打羊秀(2000-2005)\2004 04 11 仆街浣熊樂團\DSC00274.JPG","2004 04 11 仆街浣熊樂團","DSC00274",".JPG","174050"
"\\Aaa_nas\iast\18_豆皮藝文咖啡廳第二期\數位檔案_整理\04 打羊秀(2000-2005)\2004 04 11 仆街浣熊樂團\DSC00275.JPG","2004 04 11 仆街浣熊樂團","DSC00275",".JPG","165827"
"\\Aaa_nas\iast\18_豆皮藝文咖啡廳第二期\數位檔案_整理\04 打羊秀(2000-2005)\2004 04 11 仆街浣熊樂團\DSC00276.JPG","2004 04 11 仆街浣熊樂團","DSC00276",".JPG","169916"
"\\Aaa_nas\iast\18_豆皮藝文咖啡廳第二期\數位檔案_整理\04 打羊秀(2000-2005)\2004 04 11 仆街浣熊樂團\DSC00277.JPG","2004 04 11 仆街浣熊樂團","DSC00277",".JPG","163255"
"\\Aaa_nas\iast\18_豆皮藝文咖啡廳第二期\數位檔案_整理\04 打羊秀(2000-2005)\2004 04 11 仆街浣熊樂團\DSC00278.JPG","2004 04 11 仆街浣熊樂團","DSC00278",".JPG","161472"
"\\Aaa_nas\iast\18_豆皮藝文咖啡廳第二期\數位檔案_整理\04 打羊秀(2000-2005)\2004 04 11 仆街浣熊樂團\DSC02263.JPG","2004 04 11 仆街浣熊樂團","DSC02263",".JPG","799298"
"\\Aaa_nas\iast\18_豆皮藝文咖啡廳第二期\數位檔案_整理\04 打羊秀(2000-2005)\2004 04 11 仆街浣熊樂團\DSC02264.JPG","2004 04 11 仆街浣熊樂團","DSC02264",".JPG","853763"
"\\Aaa_nas\iast\18_豆皮藝文咖啡廳第二期\數位檔案_整理\04 打羊秀(2000-2005)\2004 04 11 仆街浣熊樂團\DSC02279.JPG","2004 04 11 仆街浣熊樂團","DSC02279",".JPG","825413"
"\\Aaa_nas\iast\18_豆皮藝文咖啡廳第二期\數位檔案_整理\04 打羊秀(2000-2005)\2004 04 11 仆街浣熊樂團\DSC02280.JPG","2004 04 11 仆街浣熊樂團","DSC02280",".JPG","809488"
"\\Aaa_nas\iast\18_豆皮藝文咖啡廳第二期\數位檔案_整理\04 打羊秀(2000-2005)\2004 04 11 仆街浣熊樂團\DSC02281.JPG","2004 04 11 仆街浣熊樂團","DSC02281",".JPG","808133"
"\\Aaa_nas\iast\18_豆皮藝文咖啡廳第二期\數位檔案_整理\04 打羊秀(2000-2005)\2004 04 11 仆街浣熊樂團\DSC02282.JPG","2004 04 11 仆街浣熊樂團","DSC02282",".JPG","774355"
"\\Aaa_nas\iast\18_豆皮藝文咖啡廳第二期\數位檔案_整理\04 打羊秀(2000-2005)\2004 04 11 仆街浣熊樂團\DSC02283.JPG","2004 04 11 仆街浣熊樂團","DSC02283",".JPG","1501010"
"\\Aaa_nas\iast\18_豆皮藝文咖啡廳第二期\數位檔案_整理\04 打羊秀(2000-2005)\2004 04 11 仆街浣熊樂團\DSC02285.JPG","2004 04 11 仆街浣熊樂團","DSC02285",".JPG","836005"
"\\Aaa_nas\iast\18_豆皮藝文咖啡廳第二期\數位檔案_整理\04 打羊秀(2000-2005)\2004 04 11 仆街浣熊樂團\DSC02286.JPG","2004 04 11 仆街浣熊樂團","DSC02286",".JPG","834043"
"\\Aaa_nas\iast\18_豆皮藝文咖啡廳第二期\數位檔案_整理\04 打羊秀(2000-2005)\2004 04 11 仆街浣熊樂團\DSC02287.JPG","2004 04 11 仆街浣熊樂團","DSC02287",".JPG","827047"
"\\Aaa_nas\iast\18_豆皮藝文咖啡廳第二期\數位檔案_整理\04 打羊秀(2000-2005)\2004 04 11 仆街浣熊樂團\DSC02288.JPG","2004 04 11 仆街浣熊樂團","DSC02288",".JPG","796836"
"\\Aaa_nas\iast\18_豆皮藝文咖啡廳第二期\數位檔案_整理\04 打羊秀(2000-2005)\2004 04 11 仆街浣熊樂團\DSC02289.JPG","2004 04 11 仆街浣熊樂團","DSC02289",".JPG","805984"
"\\Aaa_nas\iast\18_豆皮藝文咖啡廳第二期\數位檔案_整理\04 打羊秀(2000-2005)\2004 04 11 仆街浣熊樂團\DSC02290.JPG","2004 04 11 仆街浣熊樂團","DSC02290",".JPG","774997"
"\\Aaa_nas\iast\18_豆皮藝文咖啡廳第二期\數位檔案_整理\04 打羊秀(2000-2005)\2004 04 11 仆街浣熊樂團\DSC02293.JPG","2004 04 11 仆街浣熊樂團","DSC02293",".JPG","771693"
"\\Aaa_nas\iast\18_豆皮藝文咖啡廳第二期\數位檔案_整理\04 打羊秀(2000-2005)\2004 04 11 仆街浣熊樂團\DSC02296.JPG","2004 04 11 仆街浣熊樂團","DSC02296",".JPG","803406"
"\\Aaa_nas\iast\18_豆皮藝文咖啡廳第二期\數位檔案_整理\04 打羊秀(2000-2005)\2004 04 11 仆街浣熊樂團\DSC02297.JPG","2004 04 11 仆街浣熊樂團","DSC02297",".JPG","840467"
"\\Aaa_nas\iast\18_豆皮藝文咖啡廳第二期\數位檔案_整理\04 打羊秀(2000-2005)\2004 04 11 仆街浣熊樂團\DSC02298.JPG","2004 04 11 仆街浣熊樂團","DSC02298",".JPG","816267"
"\\Aaa_nas\iast\18_豆皮藝文咖啡廳第二期\數位檔案_整理\04 打羊秀(2000-2005)\2004 04 11 仆街浣熊樂團\DSC02299.JPG","2004 04 11 仆街浣熊樂團","DSC02299",".JPG","792908"
"\\Aaa_nas\iast\18_豆皮藝文咖啡廳第二期\數位檔案_整理\04 打羊秀(2000-2005)\2004 04 11 仆街浣熊樂團\DSC02300.JPG","2004 04 11 仆街浣熊樂團","DSC02300",".JPG","1648932"
"\\Aaa_nas\iast\18_豆皮藝文咖啡廳第二期\數位檔案_整理\04 打羊秀(2000-2005)\2004 04 11 仆街浣熊樂團\DSC02301.JPG","2004 04 11 仆街浣熊樂團","DSC02301",".JPG","1627661"
"\\Aaa_nas\iast\18_豆皮藝文咖啡廳第二期\數位檔案_整理\04 打羊秀(2000-2005)\2004 04 11 仆街浣熊樂團\DSC02303.JPG","2004 04 11 仆街浣熊樂團","DSC02303",".JPG","846541"
"\\Aaa_nas\iast\18_豆皮藝文咖啡廳第二期\數位檔案_整理\04 打羊秀(2000-2005)\2004 04 11 仆街浣熊樂團\DSC02304.JPG","2004 04 11 仆街浣熊樂團","DSC02304",".JPG","800577"
"\\Aaa_nas\iast\18_豆皮藝文咖啡廳第二期\數位檔案_整理\04 打羊秀(2000-2005)\2004 04 11 仆街浣熊樂團\DSC02305.JPG","2004 04 11 仆街浣熊樂團","DSC02305",".JPG","880867"
"\\Aaa_nas\iast\18_豆皮藝文咖啡廳第二期\數位檔案_整理\04 打羊秀(2000-2005)\2004 04 11 仆街浣熊樂團\DSC02306.JPG","2004 04 11 仆街浣熊樂團","DSC02306",".JPG","867525"
"\\Aaa_nas\iast\18_豆皮藝文咖啡廳第二期\數位檔案_整理\04 打羊秀(2000-2005)\2004 04 11 仆街浣熊樂團\DSC02307.JPG","2004 04 11 仆街浣熊樂團","DSC02307",".JPG","867031"
"\\Aaa_nas\iast\18_豆皮藝文咖啡廳第二期\數位檔案_整理\04 打羊秀(2000-2005)\2004 04 11 仆街浣熊樂團\DSC02308.JPG","2004 04 11 仆街浣熊樂團","DSC02308",".JPG","806716"
"\\Aaa_nas\iast\18_豆皮藝文咖啡廳第二期\數位檔案_整理\04 打羊秀(2000-2005)\2004 04 11 仆街浣熊樂團\DSC02309.JPG","2004 04 11 仆街浣熊樂團","DSC02309",".JPG","802501"
"\\Aaa_nas\iast\18_豆皮藝文咖啡廳第二期\數位檔案_整理\04 打羊秀(2000-2005)\2004 04 11 仆街浣熊樂團\DSC02310.JPG","2004 04 11 仆街浣熊樂團","DSC02310",".JPG","768001"
"\\Aaa_nas\iast\18_豆皮藝文咖啡廳第二期\數位檔案_整理\04 打羊秀(2000-2005)\2004 04 11 仆街浣熊樂團\DSC02311.JPG","2004 04 11 仆街浣熊樂團","DSC02311",".JPG","868338"
"\\Aaa_nas\iast\18_豆皮藝文咖啡廳第二期\數位檔案_整理\04 打羊秀(2000-2005)\2004 04 11 仆街浣熊樂團\DSC02312.JPG","2004 04 11 仆街浣熊樂團","DSC02312",".JPG","828284"
"\\Aaa_nas\iast\18_豆皮藝文咖啡廳第二期\數位檔案_整理\04 打羊秀(2000-2005)\2004 04 11 仆街浣熊樂團\DSC02313.JPG","2004 04 11 仆街浣熊樂團","DSC02313",".JPG","1657466"
"\\Aaa_nas\iast\18_豆皮藝文咖啡廳第二期\數位檔案_整理\04 打羊秀(2000-2005)\2004 04 11 仆街浣熊樂團\DSC02314.JPG","2004 04 11 仆街浣熊樂團","DSC02314",".JPG","1665155"
"\\Aaa_nas\iast\18_豆皮藝文咖啡廳第二期\數位檔案_整理\04 打羊秀(2000-2005)\2004 04 11 仆街浣熊樂團\DSC02315.JPG","2004 04 11 仆街浣熊樂團","DSC02315",".JPG","806549"
"\\Aaa_nas\iast\18_豆皮藝文咖啡廳第二期\數位檔案_整理\04 打羊秀(2000-2005)\2004 04 11 仆街浣熊樂團\DSC02316.JPG","2004 04 11 仆街浣熊樂團","DSC02316",".JPG","780730"
"\\Aaa_nas\iast\18_豆皮藝文咖啡廳第二期\數位檔案_整理\04 打羊秀(2000-2005)\2004 04 11 仆街浣熊樂團\DSC02317.JPG","2004 04 11 仆街浣熊樂團","DSC02317",".JPG","801959"
"\\Aaa_nas\iast\18_豆皮藝文咖啡廳第二期\數位檔案_整理\04 打羊秀(2000-2005)\2004 04 11 仆街浣熊樂團\IMAG0005.JPG","2004 04 11 仆街浣熊樂團","IMAG0005",".JPG","336326"
"\\Aaa_nas\iast\18_豆皮藝文咖啡廳第二期\數位檔案_整理\04 打羊秀(2000-2005)\2004 04 11 仆街浣熊樂團\IMAG0008.JPG","2004 04 11 仆街浣熊樂團","IMAG0008",".JPG","360379"
"\\Aaa_nas\iast\18_豆皮藝文咖啡廳第二期\數位檔案_整理\04 打羊秀(2000-2005)\2004 04 11 仆街浣熊樂團\IMAG0009.JPG","2004 04 11 仆街浣熊樂團","IMAG0009",".JPG","333068"
"\\Aaa_nas\iast\18_豆皮藝文咖啡廳第二期\數位檔案_整理\04 打羊秀(2000-2005)\2004 04 11 仆街浣熊樂團\IMAG0010.JPG","2004 04 11 仆街浣熊樂團","IMAG0010",".JPG","345011"
"\\Aaa_nas\iast\18_豆皮藝文咖啡廳第二期\數位檔案_整理\04 打羊秀(2000-2005)\2004 04 11 仆街浣熊樂團\MOV00265.MPG","2004 04 11 仆街浣熊樂團","MOV00265",".MPG","194713"
"\\Aaa_nas\iast\18_豆皮藝文咖啡廳第二期\數位檔案_整理\04 打羊秀(2000-2005)\2004 04 11 卡五盎\200404卡五盎.JPG","2004 04 11 卡五盎","200404卡五盎",".JPG","939129"
"\\Aaa_nas\iast\18_豆皮藝文咖啡廳第二期\數位檔案_整理\04 打羊秀(2000-2005)\2004 04 11 卡五盎\20040620-卡五盎&巒那.01.jpg","2004 04 11 卡五盎","20040620-卡五盎&巒那.01",".jpg","47543"
"\\Aaa_nas\iast\18_豆皮藝文咖啡廳第二期\數位檔案_整理\04 打羊秀(2000-2005)\2004 04 11 卡五盎\20040620-卡五盎&巒那.02.jpg","2004 04 11 卡五盎","20040620-卡五盎&巒那.02",".jpg","59106"
"\\Aaa_nas\iast\18_豆皮藝文咖啡廳第二期\數位檔案_整理\04 打羊秀(2000-2005)\2004 04 11 卡五盎\20040620-卡五盎&巒那.03.jpg","2004 04 11 卡五盎","20040620-卡五盎&巒那.03",".jpg","53849"
"\\Aaa_nas\iast\18_豆皮藝文咖啡廳第二期\數位檔案_整理\04 打羊秀(2000-2005)\2004 04 11 卡五盎\20040620-卡五盎&巒那.04.jpg","2004 04 11 卡五盎","20040620-卡五盎&巒那.04",".jpg","65908"
"\\Aaa_nas\iast\18_豆皮藝文咖啡廳第二期\數位檔案_整理\04 打羊秀(2000-2005)\2004 04 11 卡五盎\20040620-卡五盎&巒那.05.jpg","2004 04 11 卡五盎","20040620-卡五盎&巒那.05",".jpg","66237"
"\\Aaa_nas\iast\18_豆皮藝文咖啡廳第二期\數位檔案_整理\04 打羊秀(2000-2005)\2004 04 11 卡五盎\DSC00264.JPG","2004 04 11 卡五盎","DSC00264",".JPG","176050"
"\\Aaa_nas\iast\18_豆皮藝文咖啡廳第二期\數位檔案_整理\04 打羊秀(2000-2005)\2004 04 11 卡五盎\DSC02265.JPG","2004 04 11 卡五盎","DSC02265",".JPG","853040"
"\\Aaa_nas\iast\18_豆皮藝文咖啡廳第二期\數位檔案_整理\04 打羊秀(2000-2005)\2004 04 11 卡五盎\DSC02266.JPG","2004 04 11 卡五盎","DSC02266",".JPG","845127"
"\\Aaa_nas\iast\18_豆皮藝文咖啡廳第二期\數位檔案_整理\04 打羊秀(2000-2005)\2004 04 11 卡五盎\DSC02267.JPG","2004 04 11 卡五盎","DSC02267",".JPG","808104"
"\\Aaa_nas\iast\18_豆皮藝文咖啡廳第二期\數位檔案_整理\04 打羊秀(2000-2005)\2004 04 11 卡五盎\DSC02268.JPG","2004 04 11 卡五盎","DSC02268",".JPG","822774"
"\\Aaa_nas\iast\18_豆皮藝文咖啡廳第二期\數位檔案_整理\04 打羊秀(2000-2005)\2004 04 11 卡五盎\DSC02269.JPG","2004 04 11 卡五盎","DSC02269",".JPG","831520"
"\\Aaa_nas\iast\18_豆皮藝文咖啡廳第二期\數位檔案_整理\04 打羊秀(2000-2005)\2004 04 11 卡五盎\DSC02270.JPG","2004 04 11 卡五盎","DSC02270",".JPG","790103"
"\\Aaa_nas\iast\18_豆皮藝文咖啡廳第二期\數位檔案_整理\04 打羊秀(2000-2005)\2004 04 11 卡五盎\DSC02271.JPG","2004 04 11 卡五盎","DSC02271",".JPG","844450"
"\\Aaa_nas\iast\18_豆皮藝文咖啡廳第二期\數位檔案_整理\04 打羊秀(2000-2005)\2004 04 11 卡五盎\DSC02272.JPG","2004 04 11 卡五盎","DSC02272",".JPG","822513"
"\\Aaa_nas\iast\18_豆皮藝文咖啡廳第二期\數位檔案_整理\04 打羊秀(2000-2005)\2004 04 11 卡五盎\DSC02273.JPG","2004 04 11 卡五盎","DSC02273",".JPG","858921"
"\\Aaa_nas\iast\18_豆皮藝文咖啡廳第二期\數位檔案_整理\04 打羊秀(2000-2005)\2004 04 11 卡五盎\DSC02274.JPG","2004 04 11 卡五盎","DSC02274",".JPG","821537"
"\\Aaa_nas\iast\18_豆皮藝文咖啡廳第二期\數位檔案_整理\04 打羊秀(2000-2005)\2004 04 11 卡五盎\DSC02275.JPG","2004 04 11 卡五盎","DSC02275",".JPG","849990"
"\\Aaa_nas\iast\18_豆皮藝文咖啡廳第二期\數位檔案_整理\04 打羊秀(2000-2005)\2004 04 11 卡五盎\DSC02278.JPG","2004 04 11 卡五盎","DSC02278",".JPG","831276"
"\\Aaa_nas\iast\18_豆皮藝文咖啡廳第二期\數位檔案_整理\04 打羊秀(2000-2005)\2004 04 11 卡五盎\IMAG0001.AVI","2004 04 11 卡五盎","IMAG0001",".AVI","2761104"
"\\Aaa_nas\iast\18_豆皮藝文咖啡廳第二期\數位檔案_整理\04 打羊秀(2000-2005)\2004 04 11 卡五盎\IMAG0003.AVI","2004 04 11 卡五盎","IMAG0003",".AVI","5514236"
"\\Aaa_nas\iast\18_豆皮藝文咖啡廳第二期\數位檔案_整理\04 打羊秀(2000-2005)\2004 04 11 卡五盎\IMAG0004.AVI","2004 04 11 卡五盎","IMAG0004",".AVI","10107272"
"\\Aaa_nas\iast\18_豆皮藝文咖啡廳第二期\數位檔案_整理\04 打羊秀(2000-2005)\2004 04 11 卡五盎\MOV00263.MPG","2004 04 11 卡五盎","MOV00263",".MPG","326302"
"\\Aaa_nas\iast\18_豆皮藝文咖啡廳第二期\數位檔案_整理\04 打羊秀(2000-2005)\2004 04 11 卡五盎\未命名006.jpg","2004 04 11 卡五盎","未命名006",".jpg","53643"
"\\Aaa_nas\iast\18_豆皮藝文咖啡廳第二期\數位檔案_整理\04 打羊秀(2000-2005)\2004 04 11 卡五盎\未命名b008.jpg","2004 04 11 卡五盎","未命名b008",".jpg","53579"
"\\Aaa_nas\iast\18_豆皮藝文咖啡廳第二期\數位檔案_整理\04 打羊秀(2000-2005)\2004 04 11 卡五盎\未命名b011.jpg","2004 04 11 卡五盎","未命名b011",".jpg","47684"
"\\Aaa_nas\iast\18_豆皮藝文咖啡廳第二期\數位檔案_整理\04 打羊秀(2000-2005)\2004 04 11 卡五盎\未命名b012.jpg","2004 04 11 卡五盎","未命名b012",".jpg","46069"
"\\Aaa_nas\iast\18_豆皮藝文咖啡廳第二期\數位檔案_整理\04 打羊秀(2000-2005)\2004 04 17 Allice 鋼琴獨奏\200404allice鋼琴獨奏DSC02418.JPG","2004 04 17 Allice 鋼琴獨奏","200404allice鋼琴獨奏DSC02418",".JPG","712089"
"\\Aaa_nas\iast\18_豆皮藝文咖啡廳第二期\數位檔案_整理\04 打羊秀(2000-2005)\2004 04 17 Allice 鋼琴獨奏\DSC02416.JPG","2004 04 17 Allice 鋼琴獨奏","DSC02416",".JPG","831139"
"\\Aaa_nas\iast\18_豆皮藝文咖啡廳第二期\數位檔案_整理\04 打羊秀(2000-2005)\2004 04 17 Allice 鋼琴獨奏\DSC02417.JPG","2004 04 17 Allice 鋼琴獨奏","DSC02417",".JPG","778475"
"\\Aaa_nas\iast\18_豆皮藝文咖啡廳第二期\數位檔案_整理\04 打羊秀(2000-2005)\2004 04 17 Allice 鋼琴獨奏\DSC02419.JPG","2004 04 17 Allice 鋼琴獨奏","DSC02419",".JPG","738122"
"\\Aaa_nas\iast\18_豆皮藝文咖啡廳第二期\數位檔案_整理\04 打羊秀(2000-2005)\2004 04 17 Allice 鋼琴獨奏\DSC02420.JPG","2004 04 17 Allice 鋼琴獨奏","DSC02420",".JPG","809345"
"\\Aaa_nas\iast\18_豆皮藝文咖啡廳第二期\數位檔案_整理\04 打羊秀(2000-2005)\2004 04 17 Allice 鋼琴獨奏\DSC02421.JPG","2004 04 17 Allice 鋼琴獨奏","DSC02421",".JPG","719753"
"\\Aaa_nas\iast\18_豆皮藝文咖啡廳第二期\數位檔案_整理\04 打羊秀(2000-2005)\2004 04 17 冷蕊樂團\2004 04混咬0417 冷蕊.JPG","2004 04 17 冷蕊樂團","2004 04混咬0417 冷蕊",".JPG","827383"
"\\Aaa_nas\iast\18_豆皮藝文咖啡廳第二期\數位檔案_整理\04 打羊秀(2000-2005)\2004 04 17 冷蕊樂團\200404冷蕊樂團DSC02432.JPG","2004 04 17 冷蕊樂團","200404冷蕊樂團DSC02432",".JPG","863528"
"\\Aaa_nas\iast\18_豆皮藝文咖啡廳第二期\數位檔案_整理\04 打羊秀(2000-2005)\2004 04 17 冷蕊樂團\DSC01798.JPG","2004 04 17 冷蕊樂團","DSC01798",".JPG","781838"
"\\Aaa_nas\iast\18_豆皮藝文咖啡廳第二期\數位檔案_整理\04 打羊秀(2000-2005)\2004 04 17 冷蕊樂團\DSC01800.JPG","2004 04 17 冷蕊樂團","DSC01800",".JPG","838612"
"\\Aaa_nas\iast\18_豆皮藝文咖啡廳第二期\數位檔案_整理\04 打羊秀(2000-2005)\2004 04 17 冷蕊樂團\DSC02422.JPG","2004 04 17 冷蕊樂團","DSC02422",".JPG","817728"
"\\Aaa_nas\iast\18_豆皮藝文咖啡廳第二期\數位檔案_整理\04 打羊秀(2000-2005)\2004 04 17 冷蕊樂團\DSC02423.JPG","2004 04 17 冷蕊樂團","DSC02423",".JPG","787946"
"\\Aaa_nas\iast\18_豆皮藝文咖啡廳第二期\數位檔案_整理\04 打羊秀(2000-2005)\2004 04 17 冷蕊樂團\DSC02424.JPG","2004 04 17 冷蕊樂團","DSC02424",".JPG","906710"
"\\Aaa_nas\iast\18_豆皮藝文咖啡廳第二期\數位檔案_整理\04 打羊秀(2000-2005)\2004 04 17 冷蕊樂團\DSC02425.JPG","2004 04 17 冷蕊樂團","DSC02425",".JPG","766756"
"\\Aaa_nas\iast\18_豆皮藝文咖啡廳第二期\數位檔案_整理\04 打羊秀(2000-2005)\2004 04 17 冷蕊樂團\DSC02426.JPG","2004 04 17 冷蕊樂團","DSC02426",".JPG","797634"
"\\Aaa_nas\iast\18_豆皮藝文咖啡廳第二期\數位檔案_整理\04 打羊秀(2000-2005)\2004 04 17 冷蕊樂團\DSC02427.JPG","2004 04 17 冷蕊樂團","DSC02427",".JPG","743141"
"\\Aaa_nas\iast\18_豆皮藝文咖啡廳第二期\數位檔案_整理\04 打羊秀(2000-2005)\2004 04 17 冷蕊樂團\DSC02428.JPG","2004 04 17 冷蕊樂團","DSC02428",".JPG","797578"
"\\Aaa_nas\iast\18_豆皮藝文咖啡廳第二期\數位檔案_整理\04 打羊秀(2000-2005)\2004 04 17 冷蕊樂團\DSC02429.JPG","2004 04 17 冷蕊樂團","DSC02429",".JPG","813553"
"\\Aaa_nas\iast\18_豆皮藝文咖啡廳第二期\數位檔案_整理\04 打羊秀(2000-2005)\2004 04 17 冷蕊樂團\DSC02430.JPG","2004 04 17 冷蕊樂團","DSC02430",".JPG","824841"
"\\Aaa_nas\iast\18_豆皮藝文咖啡廳第二期\數位檔案_整理\04 打羊秀(2000-2005)\2004 04 17 冷蕊樂團\DSC02433.JPG","2004 04 17 冷蕊樂團","DSC02433",".JPG","796003"
"\\Aaa_nas\iast\18_豆皮藝文咖啡廳第二期\數位檔案_整理\04 打羊秀(2000-2005)\2004 04 17 冷蕊樂團\DSC02434.JPG","2004 04 17 冷蕊樂團","DSC02434",".JPG","810992"
"\\Aaa_nas\iast\18_豆皮藝文咖啡廳第二期\數位檔案_整理\04 打羊秀(2000-2005)\2004 04 17 冷蕊樂團\DSC02435.JPG","2004 04 17 冷蕊樂團","DSC02435",".JPG","817248"
"\\Aaa_nas\iast\18_豆皮藝文咖啡廳第二期\數位檔案_整理\04 打羊秀(2000-2005)\2004 04 17 小志 放樂\200404小志放樂.JPG","2004 04 17 小志 放樂","200404小志放樂",".JPG","243286"
"\\Aaa_nas\iast\18_豆皮藝文咖啡廳第二期\數位檔案_整理\04 打羊秀(2000-2005)\2004 04 17 小志 放樂\200405 小志.JPG","2004 04 17 小志 放樂","200405 小志",".JPG","769562"
"\\Aaa_nas\iast\18_豆皮藝文咖啡廳第二期\數位檔案_整理\04 打羊秀(2000-2005)\2004 04 17 小志 放樂\DSC00183.JPG","2004 04 17 小志 放樂","DSC00183",".JPG","177365"
"\\Aaa_nas\iast\18_豆皮藝文咖啡廳第二期\數位檔案_整理\04 打羊秀(2000-2005)\2004 04 17 小志 放樂\DSC02129.JPG","2004 04 17 小志 放樂","DSC02129",".JPG","803703"
"\\Aaa_nas\iast\18_豆皮藝文咖啡廳第二期\數位檔案_整理\04 打羊秀(2000-2005)\2004 04 17 小志 放樂\DSC02130.JPG","2004 04 17 小志 放樂","DSC02130",".JPG","831236"
"\\Aaa_nas\iast\18_豆皮藝文咖啡廳第二期\數位檔案_整理\04 打羊秀(2000-2005)\2004 04 17 小志 放樂\DSC02131.JPG","2004 04 17 小志 放樂","DSC02131",".JPG","777099"
"\\Aaa_nas\iast\18_豆皮藝文咖啡廳第二期\數位檔案_整理\04 打羊秀(2000-2005)\2004 04 17 小志 放樂\DSC02132.JPG","2004 04 17 小志 放樂","DSC02132",".JPG","806465"
"\\Aaa_nas\iast\18_豆皮藝文咖啡廳第二期\數位檔案_整理\04 打羊秀(2000-2005)\2004 04 17 小志 放樂\DSC02134.JPG","2004 04 17 小志 放樂","DSC02134",".JPG","864419"
"\\Aaa_nas\iast\18_豆皮藝文咖啡廳第二期\數位檔案_整理\04 打羊秀(2000-2005)\2004 04 17 小志 放樂\DSC02135.JPG","2004 04 17 小志 放樂","DSC02135",".JPG","799677"
"\\Aaa_nas\iast\18_豆皮藝文咖啡廳第二期\數位檔案_整理\04 打羊秀(2000-2005)\2004 04 17 小志 放樂\DSC02136.JPG","2004 04 17 小志 放樂","DSC02136",".JPG","823151"
"\\Aaa_nas\iast\18_豆皮藝文咖啡廳第二期\數位檔案_整理\04 打羊秀(2000-2005)\2004 04 17 小志 放樂\DSC02137.JPG","2004 04 17 小志 放樂","DSC02137",".JPG","822715"
"\\Aaa_nas\iast\18_豆皮藝文咖啡廳第二期\數位檔案_整理\04 打羊秀(2000-2005)\2004 04 17 小志 放樂\DSC02138.JPG","2004 04 17 小志 放樂","DSC02138",".JPG","730674"
"\\Aaa_nas\iast\18_豆皮藝文咖啡廳第二期\數位檔案_整理\04 打羊秀(2000-2005)\2004 04 17 小志 放樂\DSC02139.JPG","2004 04 17 小志 放樂","DSC02139",".JPG","745314"
"\\Aaa_nas\iast\18_豆皮藝文咖啡廳第二期\數位檔案_整理\04 打羊秀(2000-2005)\2004 04 17 小志 放樂\DSC02140.JPG","2004 04 17 小志 放樂","DSC02140",".JPG","687478"
"\\Aaa_nas\iast\18_豆皮藝文咖啡廳第二期\數位檔案_整理\04 打羊秀(2000-2005)\2004 04 17 小志 放樂\DSC02141.JPG","2004 04 17 小志 放樂","DSC02141",".JPG","721005"
"\\Aaa_nas\iast\18_豆皮藝文咖啡廳第二期\數位檔案_整理\04 打羊秀(2000-2005)\2004 04 17 小志 放樂\DSC02399.JPG","2004 04 17 小志 放樂","DSC02399",".JPG","154159"
"\\Aaa_nas\iast\18_豆皮藝文咖啡廳第二期\數位檔案_整理\04 打羊秀(2000-2005)\2004 04 17 小志 放樂\DSC02400.JPG","2004 04 17 小志 放樂","DSC02400",".JPG","752045"
"\\Aaa_nas\iast\18_豆皮藝文咖啡廳第二期\數位檔案_整理\04 打羊秀(2000-2005)\2004 04 17 小志 放樂\DSC02402.JPG","2004 04 17 小志 放樂","DSC02402",".JPG","149787"
"\\Aaa_nas\iast\18_豆皮藝文咖啡廳第二期\數位檔案_整理\04 打羊秀(2000-2005)\2004 04 17 小志 放樂\DSC02403.JPG","2004 04 17 小志 放樂","DSC02403",".JPG","115623"
"\\Aaa_nas\iast\18_豆皮藝文咖啡廳第二期\數位檔案_整理\04 打羊秀(2000-2005)\2004 04 17 小志 放樂\DSC02404.JPG","2004 04 17 小志 放樂","DSC02404",".JPG","137298"
"\\Aaa_nas\iast\18_豆皮藝文咖啡廳第二期\數位檔案_整理\04 打羊秀(2000-2005)\2004 04 17 小志 放樂\DSC02405.JPG","2004 04 17 小志 放樂","DSC02405",".JPG","777154"
"\\Aaa_nas\iast\18_豆皮藝文咖啡廳第二期\數位檔案_整理\04 打羊秀(2000-2005)\2004 04 17 小志 放樂\小志照.JPG","2004 04 17 小志 放樂","小志照",".JPG","3961"
"\\Aaa_nas\iast\18_豆皮藝文咖啡廳第二期\數位檔案_整理\04 打羊秀(2000-2005)\2004 04 17 小志 放樂\混咬04-17小志.JPG","2004 04 17 小志 放樂","混咬04-17小志",".JPG","767298"
"\\Aaa_nas\iast\18_豆皮藝文咖啡廳第二期\數位檔案_整理\04 打羊秀(2000-2005)\2004 04 18 Band Q樂團\200404band Q樂團 DSC00285.JPG","2004 04 18 Band Q樂團","200404band Q樂團 DSC00285",".JPG","179989"
"\\Aaa_nas\iast\18_豆皮藝文咖啡廳第二期\數位檔案_整理\04 打羊秀(2000-2005)\2004 04 18 Band Q樂團\DSC02442.JPG","2004 04 18 Band Q樂團","DSC02442",".JPG","815542"
"\\Aaa_nas\iast\18_豆皮藝文咖啡廳第二期\數位檔案_整理\04 打羊秀(2000-2005)\2004 04 18 Band Q樂團\DSC02443.JPG","2004 04 18 Band Q樂團","DSC02443",".JPG","795827"
"\\Aaa_nas\iast\18_豆皮藝文咖啡廳第二期\數位檔案_整理\04 打羊秀(2000-2005)\2004 04 18 Band Q樂團\DSC02444.JPG","2004 04 18 Band Q樂團","DSC02444",".JPG","868254"
"\\Aaa_nas\iast\18_豆皮藝文咖啡廳第二期\數位檔案_整理\04 打羊秀(2000-2005)\2004 04 18 Band Q樂團\DSC02445.JPG","2004 04 18 Band Q樂團","DSC02445",".JPG","834418"
"\\Aaa_nas\iast\18_豆皮藝文咖啡廳第二期\數位檔案_整理\04 打羊秀(2000-2005)\2004 04 18 Band Q樂團\DSC02446.JPG","2004 04 18 Band Q樂團","DSC02446",".JPG","774135"
"\\Aaa_nas\iast\18_豆皮藝文咖啡廳第二期\數位檔案_整理\04 打羊秀(2000-2005)\2004 04 18 Band Q樂團\DSC02447.JPG","2004 04 18 Band Q樂團","DSC02447",".JPG","900266"
"\\Aaa_nas\iast\18_豆皮藝文咖啡廳第二期\數位檔案_整理\04 打羊秀(2000-2005)\2004 04 18 Band Q樂團\DSC02448.JPG","2004 04 18 Band Q樂團","DSC02448",".JPG","777624"
"\\Aaa_nas\iast\18_豆皮藝文咖啡廳第二期\數位檔案_整理\04 打羊秀(2000-2005)\2004 04 18 Band Q樂團\DSC02449.JPG","2004 04 18 Band Q樂團","DSC02449",".JPG","856415"
"\\Aaa_nas\iast\18_豆皮藝文咖啡廳第二期\數位檔案_整理\04 打羊秀(2000-2005)\2004 04 18 Band Q樂團\DSC02450.JPG","2004 04 18 Band Q樂團","DSC02450",".JPG","895426"
"\\Aaa_nas\iast\18_豆皮藝文咖啡廳第二期\數位檔案_整理\04 打羊秀(2000-2005)\2004 04 18 Band Q樂團\DSC02451.JPG","2004 04 18 Band Q樂團","DSC02451",".JPG","906835"
"\\Aaa_nas\iast\18_豆皮藝文咖啡廳第二期\數位檔案_整理\04 打羊秀(2000-2005)\2004 04 18 Band Q樂團\DSC02453.JPG","2004 04 18 Band Q樂團","DSC02453",".JPG","817755"
"\\Aaa_nas\iast\18_豆皮藝文咖啡廳第二期\數位檔案_整理\04 打羊秀(2000-2005)\2004 04 18 Band Q樂團\DSC02454.JPG","2004 04 18 Band Q樂團","DSC02454",".JPG","801492"
"\\Aaa_nas\iast\18_豆皮藝文咖啡廳第二期\數位檔案_整理\04 打羊秀(2000-2005)\2004 04 18 Band Q樂團\DSC02455.JPG","2004 04 18 Band Q樂團","DSC02455",".JPG","798029"
"\\Aaa_nas\iast\18_豆皮藝文咖啡廳第二期\數位檔案_整理\04 打羊秀(2000-2005)\2004 04 18 Band Q樂團\DSC02456.JPG","2004 04 18 Band Q樂團","DSC02456",".JPG","819193"
"\\Aaa_nas\iast\18_豆皮藝文咖啡廳第二期\數位檔案_整理\04 打羊秀(2000-2005)\2004 04 18 Band Q樂團\DSC02457.JPG","2004 04 18 Band Q樂團","DSC02457",".JPG","799729"
"\\Aaa_nas\iast\18_豆皮藝文咖啡廳第二期\數位檔案_整理\04 打羊秀(2000-2005)\2004 04 18 Band Q樂團\DSC02458.JPG","2004 04 18 Band Q樂團","DSC02458",".JPG","835438"
"\\Aaa_nas\iast\18_豆皮藝文咖啡廳第二期\數位檔案_整理\04 打羊秀(2000-2005)\2004 04 18 Band Q樂團\MOV02452.MPG","2004 04 18 Band Q樂團","MOV02452",".MPG","1794531"
"\\Aaa_nas\iast\18_豆皮藝文咖啡廳第二期\數位檔案_整理\04 打羊秀(2000-2005)\2004 04 18 No Parking 樂團\200404no parking 樂團DSC02470.JPG","2004 04 18 No Parking 樂團","200404no parking 樂團DSC02470",".JPG","772880"
"\\Aaa_nas\iast\18_豆皮藝文咖啡廳第二期\數位檔案_整理\04 打羊秀(2000-2005)\2004 04 18 No Parking 樂團\DSC02467.JPG","2004 04 18 No Parking 樂團","DSC02467",".JPG","819560"
"\\Aaa_nas\iast\18_豆皮藝文咖啡廳第二期\數位檔案_整理\04 打羊秀(2000-2005)\2004 04 18 No Parking 樂團\DSC02468.JPG","2004 04 18 No Parking 樂團","DSC02468",".JPG","838114"
"\\Aaa_nas\iast\18_豆皮藝文咖啡廳第二期\數位檔案_整理\04 打羊秀(2000-2005)\2004 04 18 No Parking 樂團\DSC02469.JPG","2004 04 18 No Parking 樂團","DSC02469",".JPG","787406"
"\\Aaa_nas\iast\18_豆皮藝文咖啡廳第二期\數位檔案_整理\04 打羊秀(2000-2005)\2004 04 18 No Parking 樂團\DSC02471.JPG","2004 04 18 No Parking 樂團","DSC02471",".JPG","873334"
"\\Aaa_nas\iast\18_豆皮藝文咖啡廳第二期\數位檔案_整理\04 打羊秀(2000-2005)\2004 04 18 No Parking 樂團\DSC02472.JPG","2004 04 18 No Parking 樂團","DSC02472",".JPG","831908"
"\\Aaa_nas\iast\18_豆皮藝文咖啡廳第二期\數位檔案_整理\04 打羊秀(2000-2005)\2004 04 18 No Parking 樂團\DSC02473.JPG","2004 04 18 No Parking 樂團","DSC02473",".JPG","803573"
"\\Aaa_nas\iast\18_豆皮藝文咖啡廳第二期\數位檔案_整理\04 打羊秀(2000-2005)\2004 04 18 No Parking 樂團\DSC02474.JPG","2004 04 18 No Parking 樂團","DSC02474",".JPG","848875"
"\\Aaa_nas\iast\18_豆皮藝文咖啡廳第二期\數位檔案_整理\04 打羊秀(2000-2005)\2004 04 18 No Parking 樂團\DSC02476.JPG","2004 04 18 No Parking 樂團","DSC02476",".JPG","768083"
"\\Aaa_nas\iast\18_豆皮藝文咖啡廳第二期\數位檔案_整理\04 打羊秀(2000-2005)\2004 04 18 No Parking 樂團\DSC02477.JPG","2004 04 18 No Parking 樂團","DSC02477",".JPG","823379"
"\\Aaa_nas\iast\18_豆皮藝文咖啡廳第二期\數位檔案_整理\04 打羊秀(2000-2005)\2004 04 18 No Parking 樂團\DSC02479.JPG","2004 04 18 No Parking 樂團","DSC02479",".JPG","800830"
"\\Aaa_nas\iast\18_豆皮藝文咖啡廳第二期\數位檔案_整理\04 打羊秀(2000-2005)\2004 04 18 No Parking 樂團\DSC02480.JPG","2004 04 18 No Parking 樂團","DSC02480",".JPG","891542"
"\\Aaa_nas\iast\18_豆皮藝文咖啡廳第二期\數位檔案_整理\04 打羊秀(2000-2005)\2004 04 18 No Parking 樂團\DSC02481.JPG","2004 04 18 No Parking 樂團","DSC02481",".JPG","863812"
"\\Aaa_nas\iast\18_豆皮藝文咖啡廳第二期\數位檔案_整理\04 打羊秀(2000-2005)\2004 04 18 No Parking 樂團\MOV00289.MPG","2004 04 18 No Parking 樂團","MOV00289",".MPG","7173682"
"\\Aaa_nas\iast\18_豆皮藝文咖啡廳第二期\數位檔案_整理\04 打羊秀(2000-2005)\2004 04 18 Silent Diamond 樂團\200404silent diamond 樂團 DSC02497.JPG","2004 04 18 Silent Diamond 樂團","200404silent diamond 樂團 DSC02497",".JPG","849003"
"\\Aaa_nas\iast\18_豆皮藝文咖啡廳第二期\數位檔案_整理\04 打羊秀(2000-2005)\2004 04 18 Silent Diamond 樂團\200404silent diamond 樂團DSC02498.JPG","2004 04 18 Silent Diamond 樂團","200404silent diamond 樂團DSC02498",".JPG","878235"
"\\Aaa_nas\iast\18_豆皮藝文咖啡廳第二期\數位檔案_整理\04 打羊秀(2000-2005)\2004 04 18 Silent Diamond 樂團\DSC02482.JPG","2004 04 18 Silent Diamond 樂團","DSC02482",".JPG","766787"
"\\Aaa_nas\iast\18_豆皮藝文咖啡廳第二期\數位檔案_整理\04 打羊秀(2000-2005)\2004 04 18 Silent Diamond 樂團\DSC02483.JPG","2004 04 18 Silent Diamond 樂團","DSC02483",".JPG","837379"
"\\Aaa_nas\iast\18_豆皮藝文咖啡廳第二期\數位檔案_整理\04 打羊秀(2000-2005)\2004 04 18 Silent Diamond 樂團\DSC02484.JPG","2004 04 18 Silent Diamond 樂團","DSC02484",".JPG","902130"
"\\Aaa_nas\iast\18_豆皮藝文咖啡廳第二期\數位檔案_整理\04 打羊秀(2000-2005)\2004 04 18 Silent Diamond 樂團\DSC02485.JPG","2004 04 18 Silent Diamond 樂團","DSC02485",".JPG","838940"
"\\Aaa_nas\iast\18_豆皮藝文咖啡廳第二期\數位檔案_整理\04 打羊秀(2000-2005)\2004 04 18 Silent Diamond 樂團\DSC02486.JPG","2004 04 18 Silent Diamond 樂團","DSC02486",".JPG","842739"
"\\Aaa_nas\iast\18_豆皮藝文咖啡廳第二期\數位檔案_整理\04 打羊秀(2000-2005)\2004 04 18 Silent Diamond 樂團\DSC02487.JPG","2004 04 18 Silent Diamond 樂團","DSC02487",".JPG","903857"
"\\Aaa_nas\iast\18_豆皮藝文咖啡廳第二期\數位檔案_整理\04 打羊秀(2000-2005)\2004 04 18 Silent Diamond 樂團\DSC02488.JPG","2004 04 18 Silent Diamond 樂團","DSC02488",".JPG","830154"
"\\Aaa_nas\iast\18_豆皮藝文咖啡廳第二期\數位檔案_整理\04 打羊秀(2000-2005)\2004 04 18 Silent Diamond 樂團\DSC02490.JPG","2004 04 18 Silent Diamond 樂團","DSC02490",".JPG","851139"
"\\Aaa_nas\iast\18_豆皮藝文咖啡廳第二期\數位檔案_整理\04 打羊秀(2000-2005)\2004 04 18 Silent Diamond 樂團\DSC02491.JPG","2004 04 18 Silent Diamond 樂團","DSC02491",".JPG","804340"
"\\Aaa_nas\iast\18_豆皮藝文咖啡廳第二期\數位檔案_整理\04 打羊秀(2000-2005)\2004 04 18 Silent Diamond 樂團\DSC02492.JPG","2004 04 18 Silent Diamond 樂團","DSC02492",".JPG","804396"
"\\Aaa_nas\iast\18_豆皮藝文咖啡廳第二期\數位檔案_整理\04 打羊秀(2000-2005)\2004 04 18 Silent Diamond 樂團\DSC02493.JPG","2004 04 18 Silent Diamond 樂團","DSC02493",".JPG","712633"
"\\Aaa_nas\iast\18_豆皮藝文咖啡廳第二期\數位檔案_整理\04 打羊秀(2000-2005)\2004 04 18 Silent Diamond 樂團\DSC02494.JPG","2004 04 18 Silent Diamond 樂團","DSC02494",".JPG","899186"
"\\Aaa_nas\iast\18_豆皮藝文咖啡廳第二期\數位檔案_整理\04 打羊秀(2000-2005)\2004 04 18 Silent Diamond 樂團\DSC02495.JPG","2004 04 18 Silent Diamond 樂團","DSC02495",".JPG","848824"
"\\Aaa_nas\iast\18_豆皮藝文咖啡廳第二期\數位檔案_整理\04 打羊秀(2000-2005)\2004 04 18 Silent Diamond 樂團\DSC02496.JPG","2004 04 18 Silent Diamond 樂團","DSC02496",".JPG","856467"
"\\Aaa_nas\iast\18_豆皮藝文咖啡廳第二期\數位檔案_整理\04 打羊秀(2000-2005)\2004 04 18 Silent Diamond 樂團\DSC02499.JPG","2004 04 18 Silent Diamond 樂團","DSC02499",".JPG","873060"
"\\Aaa_nas\iast\18_豆皮藝文咖啡廳第二期\數位檔案_整理\04 打羊秀(2000-2005)\2004 04 18 Silent Diamond 樂團\DSC02500.JPG","2004 04 18 Silent Diamond 樂團","DSC02500",".JPG","896316"
"\\Aaa_nas\iast\18_豆皮藝文咖啡廳第二期\數位檔案_整理\04 打羊秀(2000-2005)\2004 04 18 Silent Diamond 樂團\MOV02489.MPG","2004 04 18 Silent Diamond 樂團","MOV02489",".MPG","7236477"
"\\Aaa_nas\iast\18_豆皮藝文咖啡廳第二期\數位檔案_整理\04 打羊秀(2000-2005)\2004 04 18 鄭睿信\229表演的鄭睿信的介紹辭___.eml","2004 04 18 鄭睿信","229表演的鄭睿信的介紹辭___",".eml","1286"
"\\Aaa_nas\iast\18_豆皮藝文咖啡廳第二期\數位檔案_整理\04 打羊秀(2000-2005)\2004 04 18 鄭睿信\DSC00286.JPG","2004 04 18 鄭睿信","DSC00286",".JPG","177696"
"\\Aaa_nas\iast\18_豆皮藝文咖啡廳第二期\數位檔案_整理\04 打羊秀(2000-2005)\2004 04 18 鄭睿信\DSC00287.JPG","2004 04 18 鄭睿信","DSC00287",".JPG","176480"
"\\Aaa_nas\iast\18_豆皮藝文咖啡廳第二期\數位檔案_整理\04 打羊秀(2000-2005)\2004 04 18 鄭睿信\DSC00288.JPG","2004 04 18 鄭睿信","DSC00288",".JPG","177685"
"\\Aaa_nas\iast\18_豆皮藝文咖啡廳第二期\數位檔案_整理\04 打羊秀(2000-2005)\2004 04 18 鄭睿信\DSC02459.JPG","2004 04 18 鄭睿信","DSC02459",".JPG","809886"
"\\Aaa_nas\iast\18_豆皮藝文咖啡廳第二期\數位檔案_整理\04 打羊秀(2000-2005)\2004 04 18 鄭睿信\DSC02460.JPG","2004 04 18 鄭睿信","DSC02460",".JPG","809371"
"\\Aaa_nas\iast\18_豆皮藝文咖啡廳第二期\數位檔案_整理\04 打羊秀(2000-2005)\2004 04 18 鄭睿信\DSC02461.JPG","2004 04 18 鄭睿信","DSC02461",".JPG","821933"
"\\Aaa_nas\iast\18_豆皮藝文咖啡廳第二期\數位檔案_整理\04 打羊秀(2000-2005)\2004 04 18 鄭睿信\DSC02462.JPG","2004 04 18 鄭睿信","DSC02462",".JPG","780575"
"\\Aaa_nas\iast\18_豆皮藝文咖啡廳第二期\數位檔案_整理\04 打羊秀(2000-2005)\2004 04 18 鄭睿信\DSC02463.JPG","2004 04 18 鄭睿信","DSC02463",".JPG","755233"
"\\Aaa_nas\iast\18_豆皮藝文咖啡廳第二期\數位檔案_整理\04 打羊秀(2000-2005)\2004 04 18 鄭睿信\DSC02464.JPG","2004 04 18 鄭睿信","DSC02464",".JPG","818252"
"\\Aaa_nas\iast\18_豆皮藝文咖啡廳第二期\數位檔案_整理\04 打羊秀(2000-2005)\2004 04 18 鄭睿信\DSC02465.JPG","2004 04 18 鄭睿信","DSC02465",".JPG","879078"
"\\Aaa_nas\iast\18_豆皮藝文咖啡廳第二期\數位檔案_整理\04 打羊秀(2000-2005)\2004 04 18 鄭睿信\DSC02466.JPG","2004 04 18 鄭睿信","DSC02466",".JPG","880463"
"\\Aaa_nas\iast\18_豆皮藝文咖啡廳第二期\數位檔案_整理\04 打羊秀(2000-2005)\2004 04 18 鄭睿信\DSCF0355.JPG","2004 04 18 鄭睿信","DSCF0355",".JPG","331733"
"\\Aaa_nas\iast\18_豆皮藝文咖啡廳第二期\數位檔案_整理\04 打羊秀(2000-2005)\2004 04 18 鄭睿信\DSCF0356.JPG","2004 04 18 鄭睿信","DSCF0356",".JPG","321045"
"\\Aaa_nas\iast\18_豆皮藝文咖啡廳第二期\數位檔案_整理\04 打羊秀(2000-2005)\2004 04 18 鄭睿信\DSCF0358.JPG","2004 04 18 鄭睿信","DSCF0358",".JPG","329287"
"\\Aaa_nas\iast\18_豆皮藝文咖啡廳第二期\數位檔案_整理\04 打羊秀(2000-2005)\2004 04 18 鄭睿信\DSCF0359.JPG","2004 04 18 鄭睿信","DSCF0359",".JPG","335797"
"\\Aaa_nas\iast\18_豆皮藝文咖啡廳第二期\數位檔案_整理\04 打羊秀(2000-2005)\2004 04 18 鄭睿信\混咬04-18 200404鄭睿信 DSCF0357.JPG","2004 04 18 鄭睿信","混咬04-18 200404鄭睿信 DSCF0357",".JPG","320718"
"\\Aaa_nas\iast\18_豆皮藝文咖啡廳第二期\數位檔案_整理\04 打羊秀(2000-2005)\2004 04 25 瑞強＆堉廷雙吉他\200404瑞強堉廷雙吉他 DSC02545.JPG","2004 04 25 瑞強＆堉廷雙吉他","200404瑞強堉廷雙吉他 DSC02545",".JPG","168007"
"\\Aaa_nas\iast\18_豆皮藝文咖啡廳第二期\數位檔案_整理\04 打羊秀(2000-2005)\2004 04 25 瑞強＆堉廷雙吉他\20051109.MPG","2004 04 25 瑞強＆堉廷雙吉他","20051109",".MPG","7732458"
"\\Aaa_nas\iast\18_豆皮藝文咖啡廳第二期\數位檔案_整理\04 打羊秀(2000-2005)\2004 04 25 瑞強＆堉廷雙吉他\DSC02544.JPG","2004 04 25 瑞強＆堉廷雙吉他","DSC02544",".JPG","198571"
"\\Aaa_nas\iast\18_豆皮藝文咖啡廳第二期\數位檔案_整理\04 打羊秀(2000-2005)\2004 04 25 瑞強＆堉廷雙吉他\DSC02546.JPG","2004 04 25 瑞強＆堉廷雙吉他","DSC02546",".JPG","870126"
"\\Aaa_nas\iast\18_豆皮藝文咖啡廳第二期\數位檔案_整理\04 打羊秀(2000-2005)\2004 04 西米露大樂團\200404西米露大樂團DSCF0176.JPG","2004 04 西米露大樂團","200404西米露大樂團DSCF0176",".JPG","342030"
"\\Aaa_nas\iast\18_豆皮藝文咖啡廳第二期\數位檔案_整理\04 打羊秀(2000-2005)\2004 04 西米露大樂團\DSCF0172.JPG","2004 04 西米露大樂團","DSCF0172",".JPG","346980"
"\\Aaa_nas\iast\18_豆皮藝文咖啡廳第二期\數位檔案_整理\04 打羊秀(2000-2005)\2004 04 西米露大樂團\DSCF0173.JPG","2004 04 西米露大樂團","DSCF0173",".JPG","340857"
"\\Aaa_nas\iast\18_豆皮藝文咖啡廳第二期\數位檔案_整理\04 打羊秀(2000-2005)\2004 04 西米露大樂團\DSCF0174.JPG","2004 04 西米露大樂團","DSCF0174",".JPG","342194"
"\\Aaa_nas\iast\18_豆皮藝文咖啡廳第二期\數位檔案_整理\04 打羊秀(2000-2005)\2004 04 西米露大樂團\DSCF0175.JPG","2004 04 西米露大樂團","DSCF0175",".JPG","341277"
"\\Aaa_nas\iast\18_豆皮藝文咖啡廳第二期\數位檔案_整理\04 打羊秀(2000-2005)\2004 04 西米露大樂團\DSCF0177.JPG","2004 04 西米露大樂團","DSCF0177",".JPG","348791"
"\\Aaa_nas\iast\18_豆皮藝文咖啡廳第二期\數位檔案_整理\04 打羊秀(2000-2005)\2004 04 西米露大樂團\DSCF0178.JPG","2004 04 西米露大樂團","DSCF0178",".JPG","345765"
"\\Aaa_nas\iast\18_豆皮藝文咖啡廳第二期\數位檔案_整理\04 打羊秀(2000-2005)\2004 04 西米露大樂團\DSCF0179.JPG","2004 04 西米露大樂團","DSCF0179",".JPG","346035"
"\\Aaa_nas\iast\18_豆皮藝文咖啡廳第二期\數位檔案_整理\04 打羊秀(2000-2005)\2004 04 西米露大樂團\DSCF0180.JPG","2004 04 西米露大樂團","DSCF0180",".JPG","337140"
"\\Aaa_nas\iast\18_豆皮藝文咖啡廳第二期\數位檔案_整理\04 打羊秀(2000-2005)\2004 04 西米露大樂團\DSCF0181.JPG","2004 04 西米露大樂團","DSCF0181",".JPG","344164"
"\\Aaa_nas\iast\18_豆皮藝文咖啡廳第二期\數位檔案_整理\04 打羊秀(2000-2005)\2004 04 西米露大樂團\DSCF0182.JPG","2004 04 西米露大樂團","DSCF0182",".JPG","336345"
"\\Aaa_nas\iast\18_豆皮藝文咖啡廳第二期\數位檔案_整理\04 打羊秀(2000-2005)\2004 04 西米露大樂團\DSCF0183.JPG","2004 04 西米露大樂團","DSCF0183",".JPG","332680"
"\\Aaa_nas\iast\18_豆皮藝文咖啡廳第二期\數位檔案_整理\04 打羊秀(2000-2005)\2004 04 鼓咚大會\DSC01847.JPG","2004 04 鼓咚大會","DSC01847",".JPG","771116"
"\\Aaa_nas\iast\18_豆皮藝文咖啡廳第二期\數位檔案_整理\04 打羊秀(2000-2005)\2004 04 鼓咚大會\DSC01848.JPG","2004 04 鼓咚大會","DSC01848",".JPG","710545"
"\\Aaa_nas\iast\18_豆皮藝文咖啡廳第二期\數位檔案_整理\04 打羊秀(2000-2005)\2004 04 鼓咚大會\DSC01849.JPG","2004 04 鼓咚大會","DSC01849",".JPG","602208"
"\\Aaa_nas\iast\18_豆皮藝文咖啡廳第二期\數位檔案_整理\04 打羊秀(2000-2005)\2004 04 鼓咚大會\DSC01850.JPG","2004 04 鼓咚大會","DSC01850",".JPG","720810"
"\\Aaa_nas\iast\18_豆皮藝文咖啡廳第二期\數位檔案_整理\04 打羊秀(2000-2005)\2004 04 鼓咚大會\DSC01851.JPG","2004 04 鼓咚大會","DSC01851",".JPG","810923"
"\\Aaa_nas\iast\18_豆皮藝文咖啡廳第二期\數位檔案_整理\04 打羊秀(2000-2005)\2004 04 鼓咚大會\DSC01852.JPG","2004 04 鼓咚大會","DSC01852",".JPG","736720"
"\\Aaa_nas\iast\18_豆皮藝文咖啡廳第二期\數位檔案_整理\04 打羊秀(2000-2005)\2004 04 鼓咚大會\DSC01853.JPG","2004 04 鼓咚大會","DSC01853",".JPG","728753"
"\\Aaa_nas\iast\18_豆皮藝文咖啡廳第二期\數位檔案_整理\04 打羊秀(2000-2005)\2004 04 鼓咚大會\DSC01854.JPG","2004 04 鼓咚大會","DSC01854",".JPG","761170"
"\\Aaa_nas\iast\18_豆皮藝文咖啡廳第二期\數位檔案_整理\04 打羊秀(2000-2005)\2004 04 鼓咚大會\DSC01855.JPG","2004 04 鼓咚大會","DSC01855",".JPG","782104"
"\\Aaa_nas\iast\18_豆皮藝文咖啡廳第二期\數位檔案_整理\04 打羊秀(2000-2005)\2004 04 鼓咚大會\DSC01856.JPG","2004 04 鼓咚大會","DSC01856",".JPG","825280"
"\\Aaa_nas\iast\18_豆皮藝文咖啡廳第二期\數位檔案_整理\04 打羊秀(2000-2005)\2004 04 鼓咚大會\DSC01857.JPG","2004 04 鼓咚大會","DSC01857",".JPG","809381"
"\\Aaa_nas\iast\18_豆皮藝文咖啡廳第二期\數位檔案_整理\04 打羊秀(2000-2005)\2004 04 鼓咚大會\DSC01858.JPG","2004 04 鼓咚大會","DSC01858",".JPG","770614"
"\\Aaa_nas\iast\18_豆皮藝文咖啡廳第二期\數位檔案_整理\04 打羊秀(2000-2005)\2004 04 鼓咚大會\DSC01859.JPG","2004 04 鼓咚大會","DSC01859",".JPG","773175"
"\\Aaa_nas\iast\18_豆皮藝文咖啡廳第二期\數位檔案_整理\04 打羊秀(2000-2005)\2004 04 鼓咚大會\DSC01860.JPG","2004 04 鼓咚大會","DSC01860",".JPG","751240"
"\\Aaa_nas\iast\18_豆皮藝文咖啡廳第二期\數位檔案_整理\04 打羊秀(2000-2005)\2004 04 鼓咚大會\DSC01861.JPG","2004 04 鼓咚大會","DSC01861",".JPG","735557"
"\\Aaa_nas\iast\18_豆皮藝文咖啡廳第二期\數位檔案_整理\04 打羊秀(2000-2005)\2004 04 鼓咚大會\DSC01862.JPG","2004 04 鼓咚大會","DSC01862",".JPG","733039"
"\\Aaa_nas\iast\18_豆皮藝文咖啡廳第二期\數位檔案_整理\04 打羊秀(2000-2005)\2004 04 鼓咚大會\DSC01863.JPG","2004 04 鼓咚大會","DSC01863",".JPG","758720"
"\\Aaa_nas\iast\18_豆皮藝文咖啡廳第二期\數位檔案_整理\04 打羊秀(2000-2005)\2004 04 鼓咚大會\DSC01864.JPG","2004 04 鼓咚大會","DSC01864",".JPG","720761"
"\\Aaa_nas\iast\18_豆皮藝文咖啡廳第二期\數位檔案_整理\04 打羊秀(2000-2005)\2004 04 鼓咚大會\DSC01865.JPG","2004 04 鼓咚大會","DSC01865",".JPG","796424"
"\\Aaa_nas\iast\18_豆皮藝文咖啡廳第二期\數位檔案_整理\04 打羊秀(2000-2005)\2004 04 鼓咚大會\DSC01866.JPG","2004 04 鼓咚大會","DSC01866",".JPG","720787"
"\\Aaa_nas\iast\18_豆皮藝文咖啡廳第二期\數位檔案_整理\04 打羊秀(2000-2005)\2004 04 鼓咚大會\DSC01867.JPG","2004 04 鼓咚大會","DSC01867",".JPG","740926"
"\\Aaa_nas\iast\18_豆皮藝文咖啡廳第二期\數位檔案_整理\04 打羊秀(2000-2005)\2004 04 鼓咚大會\DSC01868.JPG","2004 04 鼓咚大會","DSC01868",".JPG","806768"
"\\Aaa_nas\iast\18_豆皮藝文咖啡廳第二期\數位檔案_整理\04 打羊秀(2000-2005)\2004 04 鼓咚大會\DSC01869.JPG","2004 04 鼓咚大會","DSC01869",".JPG","825717"
"\\Aaa_nas\iast\18_豆皮藝文咖啡廳第二期\數位檔案_整理\04 打羊秀(2000-2005)\2004 04 鼓咚大會\DSC01870.JPG","2004 04 鼓咚大會","DSC01870",".JPG","788882"
"\\Aaa_nas\iast\18_豆皮藝文咖啡廳第二期\數位檔案_整理\04 打羊秀(2000-2005)\2004 04 鼓咚大會\DSC01871.JPG","2004 04 鼓咚大會","DSC01871",".JPG","779539"
"\\Aaa_nas\iast\18_豆皮藝文咖啡廳第二期\數位檔案_整理\04 打羊秀(2000-2005)\2004 04 鼓咚大會\DSC01872.JPG","2004 04 鼓咚大會","DSC01872",".JPG","780494"
"\\Aaa_nas\iast\18_豆皮藝文咖啡廳第二期\數位檔案_整理\04 打羊秀(2000-2005)\2004 04 鼓咚大會\DSC01873.JPG","2004 04 鼓咚大會","DSC01873",".JPG","795159"
"\\Aaa_nas\iast\18_豆皮藝文咖啡廳第二期\數位檔案_整理\04 打羊秀(2000-2005)\2004 05 01 卡五盎之大銘\卡五盎.jpg","2004 05 01 卡五盎之大銘","卡五盎",".jpg","21616"
"\\Aaa_nas\iast\18_豆皮藝文咖啡廳第二期\數位檔案_整理\04 打羊秀(2000-2005)\2004 05 01 陳天祥\123-1.jpg","2004 05 01 陳天祥","123-1",".jpg","60508"
"\\Aaa_nas\iast\18_豆皮藝文咖啡廳第二期\數位檔案_整理\04 打羊秀(2000-2005)\2004 05 01 陳天祥\200405 陳天祥.JPG","2004 05 01 陳天祥","200405 陳天祥",".JPG","2220654"
"\\Aaa_nas\iast\18_豆皮藝文咖啡廳第二期\數位檔案_整理\04 打羊秀(2000-2005)\2004 05 01 陳天祥\陳天祥的簡介!.eml","2004 05 01 陳天祥","陳天祥的簡介!",".eml","2491"
"\\Aaa_nas\iast\18_豆皮藝文咖啡廳第二期\數位檔案_整理\04 打羊秀(2000-2005)\2004 05 02 DJ Davis (巫國華) 放樂\DJ Davis.rtf","2004 05 02 DJ Davis (巫國華) 放樂","DJ Davis",".rtf","526"
"\\Aaa_nas\iast\18_豆皮藝文咖啡廳第二期\數位檔案_整理\04 打羊秀(2000-2005)\2004 05 08 小莫\小莫.tif","2004 05 08 小莫","小莫",".tif","1123880"
"\\Aaa_nas\iast\18_豆皮藝文咖啡廳第二期\數位檔案_整理\04 打羊秀(2000-2005)\2004 05 08 慕江怡古琴 古樂器之夜\0508  慕的資料.eml","2004 05 08 慕江怡古琴 古樂器之夜","0508  慕的資料",".eml","88173"
"\\Aaa_nas\iast\18_豆皮藝文咖啡廳第二期\數位檔案_整理\04 打羊秀(2000-2005)\2004 05 08 慕江怡古琴 古樂器之夜\DSCF0014.JPG","2004 05 08 慕江怡古琴 古樂器之夜","DSCF0014",".JPG","398494"
"\\Aaa_nas\iast\18_豆皮藝文咖啡廳第二期\數位檔案_整理\04 打羊秀(2000-2005)\2004 05 08 慕江怡古琴 古樂器之夜\DSCF0015.JPG","2004 05 08 慕江怡古琴 古樂器之夜","DSCF0015",".JPG","385564"
"\\Aaa_nas\iast\18_豆皮藝文咖啡廳第二期\數位檔案_整理\04 打羊秀(2000-2005)\2004 05 08 慕江怡古琴 古樂器之夜\慕江怡.JPG","2004 05 08 慕江怡古琴 古樂器之夜","慕江怡",".JPG","9550"
"\\Aaa_nas\iast\18_豆皮藝文咖啡廳第二期\數位檔案_整理\04 打羊秀(2000-2005)\2004 05 08 慕江怡古琴 古樂器之夜\慕江怡.rtf","2004 05 08 慕江怡古琴 古樂器之夜","慕江怡",".rtf","890"
"\\Aaa_nas\iast\18_豆皮藝文咖啡廳第二期\數位檔案_整理\04 打羊秀(2000-2005)\2004 05 15 Kuma\0515  我是勝雄.eml","2004 05 15 Kuma","0515  我是勝雄",".eml","10206"
"\\Aaa_nas\iast\18_豆皮藝文咖啡廳第二期\數位檔案_整理\04 打羊秀(2000-2005)\2004 05 30 Blue Grace\0530  Blue Grace樂團資料與照片.eml","2004 05 30 Blue Grace","0530  Blue Grace樂團資料與照片",".eml","202478"
"\\Aaa_nas\iast\18_豆皮藝文咖啡廳第二期\數位檔案_整理\04 打羊秀(2000-2005)\2004 05 30 謎樣樂團之盧律銘\0530  謎樣表演簡介.eml","2004 05 30 謎樣樂團之盧律銘","0530  謎樣表演簡介",".eml","1195"
"\\Aaa_nas\iast\18_豆皮藝文咖啡廳第二期\數位檔案_整理\04 打羊秀(2000-2005)\2004 05 30 謎樣樂團之盧律銘\DSC00200.JPG","2004 05 30 謎樣樂團之盧律銘","DSC00200",".JPG","175482"
"\\Aaa_nas\iast\18_豆皮藝文咖啡廳第二期\數位檔案_整理\04 打羊秀(2000-2005)\2004 05 30 謎樣樂團之盧律銘\DSC02180.JPG","2004 05 30 謎樣樂團之盧律銘","DSC02180",".JPG","781411"
"\\Aaa_nas\iast\18_豆皮藝文咖啡廳第二期\數位檔案_整理\04 打羊秀(2000-2005)\2004 05 30 謎樣樂團之盧律銘\DSC02181.JPG","2004 05 30 謎樣樂團之盧律銘","DSC02181",".JPG","769498"
"\\Aaa_nas\iast\18_豆皮藝文咖啡廳第二期\數位檔案_整理\04 打羊秀(2000-2005)\2004 05 30 謎樣樂團之盧律銘\DSC02182.JPG","2004 05 30 謎樣樂團之盧律銘","DSC02182",".JPG","809591"
"\\Aaa_nas\iast\18_豆皮藝文咖啡廳第二期\數位檔案_整理\04 打羊秀(2000-2005)\2004 05 30 謎樣樂團之盧律銘\DSC02183.JPG","2004 05 30 謎樣樂團之盧律銘","DSC02183",".JPG","887918"
"\\Aaa_nas\iast\18_豆皮藝文咖啡廳第二期\數位檔案_整理\04 打羊秀(2000-2005)\2004 05 30 謎樣樂團之盧律銘\DSC02184.JPG","2004 05 30 謎樣樂團之盧律銘","DSC02184",".JPG","850174"
"\\Aaa_nas\iast\18_豆皮藝文咖啡廳第二期\數位檔案_整理\04 打羊秀(2000-2005)\2004 05 30 謎樣樂團之盧律銘\DSC02185.JPG","2004 05 30 謎樣樂團之盧律銘","DSC02185",".JPG","852795"
"\\Aaa_nas\iast\18_豆皮藝文咖啡廳第二期\數位檔案_整理\04 打羊秀(2000-2005)\2004 05 30 謎樣樂團之盧律銘\DSC02186.JPG","2004 05 30 謎樣樂團之盧律銘","DSC02186",".JPG","823816"
"\\Aaa_nas\iast\18_豆皮藝文咖啡廳第二期\數位檔案_整理\04 打羊秀(2000-2005)\2004 05 30 謎樣樂團之盧律銘\DSC02187.JPG","2004 05 30 謎樣樂團之盧律銘","DSC02187",".JPG","765799"
"\\Aaa_nas\iast\18_豆皮藝文咖啡廳第二期\數位檔案_整理\04 打羊秀(2000-2005)\2004 05 30 謎樣樂團之盧律銘\DSC02188.JPG","2004 05 30 謎樣樂團之盧律銘","DSC02188",".JPG","823015"
"\\Aaa_nas\iast\18_豆皮藝文咖啡廳第二期\數位檔案_整理\04 打羊秀(2000-2005)\2004 05 30 謎樣樂團之盧律銘\DSC02189.JPG","2004 05 30 謎樣樂團之盧律銘","DSC02189",".JPG","772950"
"\\Aaa_nas\iast\18_豆皮藝文咖啡廳第二期\數位檔案_整理\04 打羊秀(2000-2005)\2004 05 30 謎樣樂團之盧律銘\DSC02190.JPG","2004 05 30 謎樣樂團之盧律銘","DSC02190",".JPG","796846"
"\\Aaa_nas\iast\18_豆皮藝文咖啡廳第二期\數位檔案_整理\04 打羊秀(2000-2005)\2004 05 30 謎樣樂團之盧律銘\DSC02191.JPG","2004 05 30 謎樣樂團之盧律銘","DSC02191",".JPG","741791"
"\\Aaa_nas\iast\18_豆皮藝文咖啡廳第二期\數位檔案_整理\04 打羊秀(2000-2005)\2004 05 30 謎樣樂團之盧律銘\DSC02192.JPG","2004 05 30 謎樣樂團之盧律銘","DSC02192",".JPG","820470"
"\\Aaa_nas\iast\18_豆皮藝文咖啡廳第二期\數位檔案_整理\04 打羊秀(2000-2005)\2004 05 30 謎樣樂團之盧律銘\DSC02193.JPG","2004 05 30 謎樣樂團之盧律銘","DSC02193",".JPG","843052"
"\\Aaa_nas\iast\18_豆皮藝文咖啡廳第二期\數位檔案_整理\04 打羊秀(2000-2005)\2004 05 30 謎樣樂團之盧律銘\DSC02194.JPG","2004 05 30 謎樣樂團之盧律銘","DSC02194",".JPG","841337"
"\\Aaa_nas\iast\18_豆皮藝文咖啡廳第二期\數位檔案_整理\04 打羊秀(2000-2005)\2004 05 30 謎樣樂團之盧律銘\DSC02195.JPG","2004 05 30 謎樣樂團之盧律銘","DSC02195",".JPG","823848"
"\\Aaa_nas\iast\18_豆皮藝文咖啡廳第二期\數位檔案_整理\04 打羊秀(2000-2005)\2004 05 30 謎樣樂團之盧律銘\DSC02196.JPG","2004 05 30 謎樣樂團之盧律銘","DSC02196",".JPG","848940"
"\\Aaa_nas\iast\18_豆皮藝文咖啡廳第二期\數位檔案_整理\04 打羊秀(2000-2005)\2004 05 30 謎樣樂團之盧律銘\DSC02198.JPG","2004 05 30 謎樣樂團之盧律銘","DSC02198",".JPG","869676"
"\\Aaa_nas\iast\18_豆皮藝文咖啡廳第二期\數位檔案_整理\04 打羊秀(2000-2005)\2004 05 30 謎樣樂團之盧律銘\DSC02199.JPG","2004 05 30 謎樣樂團之盧律銘","DSC02199",".JPG","855882"
"\\Aaa_nas\iast\18_豆皮藝文咖啡廳第二期\數位檔案_整理\04 打羊秀(2000-2005)\2004 05 30 謎樣樂團之盧律銘\DSC02200.JPG","2004 05 30 謎樣樂團之盧律銘","DSC02200",".JPG","809899"
"\\Aaa_nas\iast\18_豆皮藝文咖啡廳第二期\數位檔案_整理\04 打羊秀(2000-2005)\2004 05 30 謎樣樂團之盧律銘\DSC02201.JPG","2004 05 30 謎樣樂團之盧律銘","DSC02201",".JPG","780980"
"\\Aaa_nas\iast\18_豆皮藝文咖啡廳第二期\數位檔案_整理\04 打羊秀(2000-2005)\2004 05 30 謎樣樂團之盧律銘\DSC02202.JPG","2004 05 30 謎樣樂團之盧律銘","DSC02202",".JPG","867537"
"\\Aaa_nas\iast\18_豆皮藝文咖啡廳第二期\數位檔案_整理\04 打羊秀(2000-2005)\2004 05 30 謎樣樂團之盧律銘\混咬04-25  謎樣.JPG","2004 05 30 謎樣樂團之盧律銘","混咬04-25  謎樣",".JPG","237036"
"\\Aaa_nas\iast\18_豆皮藝文咖啡廳第二期\數位檔案_整理\04 打羊秀(2000-2005)\2004 05 30 謎樣樂團之盧律銘\謎樣.doc","2004 05 30 謎樣樂團之盧律銘","謎樣",".doc","24064"
"\\Aaa_nas\iast\18_豆皮藝文咖啡廳第二期\數位檔案_整理\04 打羊秀(2000-2005)\2004 05 30 謎樣樂團之盧律銘\謎樣.eml","2004 05 30 謎樣樂團之盧律銘","謎樣",".eml","1606758"
"\\Aaa_nas\iast\18_豆皮藝文咖啡廳第二期\數位檔案_整理\04 打羊秀(2000-2005)\2004 06 12 Hardcord Party\hardcord party.jpg","2004 06 12 Hardcord Party","hardcord party",".jpg","42115"
"\\Aaa_nas\iast\18_豆皮藝文咖啡廳第二期\數位檔案_整理\04 打羊秀(2000-2005)\2004 06 12電音22\20040612-電22.01.jpg","2004 06 12電音22","20040612-電22.01",".jpg","70994"
"\\Aaa_nas\iast\18_豆皮藝文咖啡廳第二期\數位檔案_整理\04 打羊秀(2000-2005)\2004 06 12電音22\20040612-電22.02.jpg","2004 06 12電音22","20040612-電22.02",".jpg","59267"
"\\Aaa_nas\iast\18_豆皮藝文咖啡廳第二期\數位檔案_整理\04 打羊秀(2000-2005)\2004 06 13 男子漢樂團\20040613-男子漢.01.jpg","2004 06 13 男子漢樂團","20040613-男子漢.01",".jpg","72429"
"\\Aaa_nas\iast\18_豆皮藝文咖啡廳第二期\數位檔案_整理\04 打羊秀(2000-2005)\2004 06 13 鼓咚大會\20040613-鼓咚大會.01.jpg","2004 06 13 鼓咚大會","20040613-鼓咚大會.01",".jpg","69210"
"\\Aaa_nas\iast\18_豆皮藝文咖啡廳第二期\數位檔案_整理\04 打羊秀(2000-2005)\2004 06 13 鼓咚大會\20040613-鼓咚大會.02.jpg","2004 06 13 鼓咚大會","20040613-鼓咚大會.02",".jpg","60046"
"\\Aaa_nas\iast\18_豆皮藝文咖啡廳第二期\數位檔案_整理\04 打羊秀(2000-2005)\2004 06 13 鼓咚大會\20040613-鼓咚大會.03.jpg","2004 06 13 鼓咚大會","20040613-鼓咚大會.03",".jpg","67762"
"\\Aaa_nas\iast\18_豆皮藝文咖啡廳第二期\數位檔案_整理\04 打羊秀(2000-2005)\2004 06 20 使徒樂團\20040620使徒樂團01.jpg","2004 06 20 使徒樂團","20040620使徒樂團01",".jpg","58701"
"\\Aaa_nas\iast\18_豆皮藝文咖啡廳第二期\數位檔案_整理\04 打羊秀(2000-2005)\2004 06 20 使徒樂團\20040620使徒樂團02.jpg","2004 06 20 使徒樂團","20040620使徒樂團02",".jpg","60775"
"\\Aaa_nas\iast\18_豆皮藝文咖啡廳第二期\數位檔案_整理\04 打羊秀(2000-2005)\2004 06 20 使徒樂團\20040620使徒樂團03.jpg","2004 06 20 使徒樂團","20040620使徒樂團03",".jpg","72291"
"\\Aaa_nas\iast\18_豆皮藝文咖啡廳第二期\數位檔案_整理\04 打羊秀(2000-2005)\2004 06 27 跳跳蛋\20040627-跳跳蛋.01.jpg","2004 06 27 跳跳蛋","20040627-跳跳蛋.01",".jpg","70599"
"\\Aaa_nas\iast\18_豆皮藝文咖啡廳第二期\數位檔案_整理\04 打羊秀(2000-2005)\2004 06 27 跳跳蛋\20040627-跳跳蛋.02.jpg","2004 06 27 跳跳蛋","20040627-跳跳蛋.02",".jpg","71767"
"\\Aaa_nas\iast\18_豆皮藝文咖啡廳第二期\數位檔案_整理\04 打羊秀(2000-2005)\2004 07\image0005.JPG","2004 07","image0005",".JPG","1639669"
"\\Aaa_nas\iast\18_豆皮藝文咖啡廳第二期\數位檔案_整理\04 打羊秀(2000-2005)\2004 07\image0006.JPG","2004 07","image0006",".JPG","1661124"
"\\Aaa_nas\iast\18_豆皮藝文咖啡廳第二期\數位檔案_整理\04 打羊秀(2000-2005)\2004 07\image0007.JPG","2004 07","image0007",".JPG","1155468"
"\\Aaa_nas\iast\18_豆皮藝文咖啡廳第二期\數位檔案_整理\04 打羊秀(2000-2005)\2004 07\image0008.JPG","2004 07","image0008",".JPG","1159855"
"\\Aaa_nas\iast\18_豆皮藝文咖啡廳第二期\數位檔案_整理\04 打羊秀(2000-2005)\2004 07\image0016.JPG","2004 07","image0016",".JPG","1394422"
"\\Aaa_nas\iast\18_豆皮藝文咖啡廳第二期\數位檔案_整理\04 打羊秀(2000-2005)\2004 07\image0017.JPG","2004 07","image0017",".JPG","1479716"
"\\Aaa_nas\iast\18_豆皮藝文咖啡廳第二期\數位檔案_整理\04 打羊秀(2000-2005)\2004 07\image0018.JPG","2004 07","image0018",".JPG","1484815"
"\\Aaa_nas\iast\18_豆皮藝文咖啡廳第二期\數位檔案_整理\04 打羊秀(2000-2005)\2004 07\林佳徹.jpg","2004 07","林佳徹",".jpg","732480"
"\\Aaa_nas\iast\18_豆皮藝文咖啡廳第二期\數位檔案_整理\04 打羊秀(2000-2005)\2004 07 10 Sandra P.(三朵花樂團)\20040710-三朵花.01.JPG","2004 07 10 Sandra P.(三朵花樂團)","20040710-三朵花.01",".JPG","1479428"
"\\Aaa_nas\iast\18_豆皮藝文咖啡廳第二期\數位檔案_整理\04 打羊秀(2000-2005)\2004 07 10 Sandra P.(三朵花樂團)\image0022.JPG","2004 07 10 Sandra P.(三朵花樂團)","image0022",".JPG","1471919"
"\\Aaa_nas\iast\18_豆皮藝文咖啡廳第二期\數位檔案_整理\04 打羊秀(2000-2005)\2004 07 10 Sandra P.(三朵花樂團)\image0023.JPG","2004 07 10 Sandra P.(三朵花樂團)","image0023",".JPG","1475383"
"\\Aaa_nas\iast\18_豆皮藝文咖啡廳第二期\數位檔案_整理\04 打羊秀(2000-2005)\2004 07 10 Sandra P.(三朵花樂團)\小莫.doc","2004 07 10 Sandra P.(三朵花樂團)","小莫",".doc","24064"
"\\Aaa_nas\iast\18_豆皮藝文咖啡廳第二期\數位檔案_整理\04 打羊秀(2000-2005)\2004 07 17 吳晏婷\吳晏婷.rtf","2004 07 17 吳晏婷","吳晏婷",".rtf","1700"
"\\Aaa_nas\iast\18_豆皮藝文咖啡廳第二期\數位檔案_整理\04 打羊秀(2000-2005)\2004 07 17 氣象人\氣象人.rtf","2004 07 17 氣象人","氣象人",".rtf","898"
"\\Aaa_nas\iast\18_豆皮藝文咖啡廳第二期\數位檔案_整理\04 打羊秀(2000-2005)\2004 07 17 氣象人\氣象人的簡介.eml","2004 07 17 氣象人","氣象人的簡介",".eml","2428"
"\\Aaa_nas\iast\18_豆皮藝文咖啡廳第二期\數位檔案_整理\04 打羊秀(2000-2005)\2004 07 18 馬猴樂團\馬翭.jpg","2004 07 18 馬猴樂團","馬翭",".jpg","17141"
"\\Aaa_nas\iast\18_豆皮藝文咖啡廳第二期\數位檔案_整理\04 打羊秀(2000-2005)\2004 07 24 謎樣樂團\image0019.JPG","2004 07 24 謎樣樂團","image0019",".JPG","1415084"
"\\Aaa_nas\iast\18_豆皮藝文咖啡廳第二期\數位檔案_整理\04 打羊秀(2000-2005)\2004 07 24 謎樣樂團\image0020.JPG","2004 07 24 謎樣樂團","image0020",".JPG","1477831"
"\\Aaa_nas\iast\18_豆皮藝文咖啡廳第二期\數位檔案_整理\04 打羊秀(2000-2005)\2004 07 25 壞女兒\壞女兒.jpg","2004 07 25 壞女兒","壞女兒",".jpg","466667"
"\\Aaa_nas\iast\18_豆皮藝文咖啡廳第二期\數位檔案_整理\04 打羊秀(2000-2005)\2004 11 13 Awake樂團之陳怡儒\awake 陳怡儒.圖.jpg","2004 11 13 Awake樂團之陳怡儒","awake 陳怡儒.圖",".jpg","504311"
"\\Aaa_nas\iast\18_豆皮藝文咖啡廳第二期\數位檔案_整理\04 打羊秀(2000-2005)\2004 11 20 Naff Off樂團\naff off.rtf","2004 11 20 Naff Off樂團","naff off",".rtf","1096"
"\\Aaa_nas\iast\18_豆皮藝文咖啡廳第二期\數位檔案_整理\04 打羊秀(2000-2005)\2004 11 20 Naff Off樂團\naffoff logo.jpg","2004 11 20 Naff Off樂團","naffoff logo",".jpg","74182"
"\\Aaa_nas\iast\18_豆皮藝文咖啡廳第二期\數位檔案_整理\04 打羊秀(2000-2005)\2004 11 20 Naff Off樂團\naffoff2003春天吶喊.jpg","2004 11 20 Naff Off樂團","naffoff2003春天吶喊",".jpg","146392"
"\\Aaa_nas\iast\18_豆皮藝文咖啡廳第二期\數位檔案_整理\04 打羊秀(2000-2005)\2004 11 20 梁雅惠\les photos de mon recital 170.jpg","2004 11 20 梁雅惠","les photos de mon recital 170",".jpg","2312492"
"\\Aaa_nas\iast\18_豆皮藝文咖啡廳第二期\數位檔案_整理\04 打羊秀(2000-2005)\2004 11 20 梁雅惠\les photos de mon recital 176.jpg","2004 11 20 梁雅惠","les photos de mon recital 176",".jpg","1997747"
"\\Aaa_nas\iast\18_豆皮藝文咖啡廳第二期\數位檔案_整理\04 打羊秀(2000-2005)\2004 11 20 梁雅惠\les photos de mon recital 198.jpg","2004 11 20 梁雅惠","les photos de mon recital 198",".jpg","2288135"
"\\Aaa_nas\iast\18_豆皮藝文咖啡廳第二期\數位檔案_整理\04 打羊秀(2000-2005)\2004 11 20 梁雅惠\les photos de mon recital 208.jpg","2004 11 20 梁雅惠","les photos de mon recital 208",".jpg","1775214"
"\\Aaa_nas\iast\18_豆皮藝文咖啡廳第二期\數位檔案_整理\04 打羊秀(2000-2005)\2004 11 20 梁雅惠\梁雅惠les photos de mon recital 167.jpg","2004 11 20 梁雅惠","梁雅惠les photos de mon recital 167",".jpg","2332502"
"\\Aaa_nas\iast\18_豆皮藝文咖啡廳第二期\數位檔案_整理\04 打羊秀(2000-2005)\2004 12 05 絲襪小姐\200412絲襪小姐、929、滅火器a0027.jpg","2004 12 05 絲襪小姐","200412絲襪小姐、929、滅火器a0027",".jpg","68815"
"\\Aaa_nas\iast\18_豆皮藝文咖啡廳第二期\數位檔案_整理\04 打羊秀(2000-2005)\2004 12 05 絲襪小姐\2005 10 29 狂喜日.jpg","2004 12 05 絲襪小姐","2005 10 29 狂喜日",".jpg","48393"
"\\Aaa_nas\iast\18_豆皮藝文咖啡廳第二期\數位檔案_整理\04 打羊秀(2000-2005)\2004 12 05 絲襪小姐\22.jpg","2004 12 05 絲襪小姐","22",".jpg","147976"
"\\Aaa_nas\iast\18_豆皮藝文咖啡廳第二期\數位檔案_整理\04 打羊秀(2000-2005)\2004 12 05 絲襪小姐\a0002.jpg","2004 12 05 絲襪小姐","a0002",".jpg","58702"
"\\Aaa_nas\iast\18_豆皮藝文咖啡廳第二期\數位檔案_整理\04 打羊秀(2000-2005)\2004 12 05 絲襪小姐\a0003.jpg","2004 12 05 絲襪小姐","a0003",".jpg","67853"
"\\Aaa_nas\iast\18_豆皮藝文咖啡廳第二期\數位檔案_整理\04 打羊秀(2000-2005)\2004 12 05 絲襪小姐\a0004.jpg","2004 12 05 絲襪小姐","a0004",".jpg","75655"
"\\Aaa_nas\iast\18_豆皮藝文咖啡廳第二期\數位檔案_整理\04 打羊秀(2000-2005)\2004 12 05 絲襪小姐\a0005.jpg","2004 12 05 絲襪小姐","a0005",".jpg","75304"
"\\Aaa_nas\iast\18_豆皮藝文咖啡廳第二期\數位檔案_整理\04 打羊秀(2000-2005)\2004 12 05 絲襪小姐\a0007.jpg","2004 12 05 絲襪小姐","a0007",".jpg","75683"
"\\Aaa_nas\iast\18_豆皮藝文咖啡廳第二期\數位檔案_整理\04 打羊秀(2000-2005)\2004 12 05 絲襪小姐\a0016.jpg","2004 12 05 絲襪小姐","a0016",".jpg","65004"
"\\Aaa_nas\iast\18_豆皮藝文咖啡廳第二期\數位檔案_整理\04 打羊秀(2000-2005)\2004 12 05 絲襪小姐\a0017.jpg","2004 12 05 絲襪小姐","a0017",".jpg","39146"
"\\Aaa_nas\iast\18_豆皮藝文咖啡廳第二期\數位檔案_整理\04 打羊秀(2000-2005)\2004 12 05 絲襪小姐\a0018.jpg","2004 12 05 絲襪小姐","a0018",".jpg","54916"
"\\Aaa_nas\iast\18_豆皮藝文咖啡廳第二期\數位檔案_整理\04 打羊秀(2000-2005)\2004 12 05 絲襪小姐\a0019.jpg","2004 12 05 絲襪小姐","a0019",".jpg","65048"
"\\Aaa_nas\iast\18_豆皮藝文咖啡廳第二期\數位檔案_整理\04 打羊秀(2000-2005)\2004 12 05 絲襪小姐\a0020.jpg","2004 12 05 絲襪小姐","a0020",".jpg","60836"
"\\Aaa_nas\iast\18_豆皮藝文咖啡廳第二期\數位檔案_整理\04 打羊秀(2000-2005)\2004 12 05 絲襪小姐\a0021.jpg","2004 12 05 絲襪小姐","a0021",".jpg","69767"
"\\Aaa_nas\iast\18_豆皮藝文咖啡廳第二期\數位檔案_整理\04 打羊秀(2000-2005)\2004 12 05 絲襪小姐\a0022.jpg","2004 12 05 絲襪小姐","a0022",".jpg","65355"
"\\Aaa_nas\iast\18_豆皮藝文咖啡廳第二期\數位檔案_整理\04 打羊秀(2000-2005)\2004 12 05 絲襪小姐\a0031.jpg","2004 12 05 絲襪小姐","a0031",".jpg","58657"
"\\Aaa_nas\iast\18_豆皮藝文咖啡廳第二期\數位檔案_整理\04 打羊秀(2000-2005)\2004 12 05 絲襪小姐\a0032.jpg","2004 12 05 絲襪小姐","a0032",".jpg","56467"
"\\Aaa_nas\iast\18_豆皮藝文咖啡廳第二期\數位檔案_整理\04 打羊秀(2000-2005)\2004 12 05 絲襪小姐\a0033.jpg","2004 12 05 絲襪小姐","a0033",".jpg","51621"
"\\Aaa_nas\iast\18_豆皮藝文咖啡廳第二期\數位檔案_整理\04 打羊秀(2000-2005)\2004 12 05 絲襪小姐\a0034.jpg","2004 12 05 絲襪小姐","a0034",".jpg","54887"
"\\Aaa_nas\iast\18_豆皮藝文咖啡廳第二期\數位檔案_整理\04 打羊秀(2000-2005)\2004 12 12 Start樂團\start樂團照30期[反]2_2.JPG","2004 12 12 Start樂團","start樂團照30期[反]2_2",".JPG","16522"
"\\Aaa_nas\iast\18_豆皮藝文咖啡廳第二期\數位檔案_整理\04 打羊秀(2000-2005)\2004 12 12 醬雞大調樂團\降G大調.jpg","2004 12 12 醬雞大調樂團","降G大調",".jpg","568529"
"\\Aaa_nas\iast\18_豆皮藝文咖啡廳第二期\數位檔案_整理\04 打羊秀(2000-2005)\2004 12 18 黃藍白、Beerlid Band (啤酒蓋樂團)、超微劇場19郭舒\200412 啤酒蓋 (2).jpg","2004 12 18 黃藍白、Beerlid Band (啤酒蓋樂團)、超微劇場19郭舒","200412 啤酒蓋 (2)",".jpg","302380"
"\\Aaa_nas\iast\18_豆皮藝文咖啡廳第二期\數位檔案_整理\04 打羊秀(2000-2005)\2004 12 18 黃藍白、Beerlid Band (啤酒蓋樂團)、超微劇場19郭舒\啤酒蓋200411-.doc","2004 12 18 黃藍白、Beerlid Band (啤酒蓋樂團)、超微劇場19郭舒","啤酒蓋200411-",".doc","28160"
"\\Aaa_nas\iast\18_豆皮藝文咖啡廳第二期\數位檔案_整理\04 打羊秀(2000-2005)\2004 12 18 黃藍白、Beerlid Band (啤酒蓋樂團)、超微劇場19郭舒\未命名 -1.jpg","2004 12 18 黃藍白、Beerlid Band (啤酒蓋樂團)、超微劇場19郭舒","未命名 -1",".jpg","4988246"
"\\Aaa_nas\iast\18_豆皮藝文咖啡廳第二期\數位檔案_整理\04 打羊秀(2000-2005)\2005 01 15 @frica\@frica.doc","2005 01 15 @frica","@frica",".doc","24064"
"\\Aaa_nas\iast\18_豆皮藝文咖啡廳第二期\數位檔案_整理\04 打羊秀(2000-2005)\2005 01 15 @frica\@frica.jpg","2005 01 15 @frica","@frica",".jpg","15390"
"\\Aaa_nas\iast\18_豆皮藝文咖啡廳第二期\數位檔案_整理\04 打羊秀(2000-2005)\2005 01 15 Mark\mark.doc","2005 01 15 Mark","mark",".doc","19456"
"\\Aaa_nas\iast\18_豆皮藝文咖啡廳第二期\數位檔案_整理\04 打羊秀(2000-2005)\2005 01 15 Mark\mark照片_3025.jpg","2005 01 15 Mark","mark照片_3025",".jpg","29477"
"\\Aaa_nas\iast\18_豆皮藝文咖啡廳第二期\數位檔案_整理\04 打羊秀(2000-2005)\2005 01 15 台南三合院樂團\三合院.doc","2005 01 15 台南三合院樂團","三合院",".doc","23552"
"\\Aaa_nas\iast\18_豆皮藝文咖啡廳第二期\數位檔案_整理\04 打羊秀(2000-2005)\2005 01 15 台南三合院樂團\三合院.jpg","2005 01 15 台南三合院樂團","三合院",".jpg","51960"
"\\Aaa_nas\iast\18_豆皮藝文咖啡廳第二期\數位檔案_整理\04 打羊秀(2000-2005)\2005 01 15 台南三合院樂團\三合院2.jpg","2005 01 15 台南三合院樂團","三合院2",".jpg","136700"
"\\Aaa_nas\iast\18_豆皮藝文咖啡廳第二期\數位檔案_整理\04 打羊秀(2000-2005)\2005 01 15 小毛情歌\小毛 說來慚愧，活到這麼老，卻還經常在做那種「第一次」的事.doc","2005 01 15 小毛情歌","小毛 說來慚愧，活到這麼老，卻還經常在做那種「第一次」的事",".doc","23552"
"\\Aaa_nas\iast\18_豆皮藝文咖啡廳第二期\數位檔案_整理\04 打羊秀(2000-2005)\2005 01 15 小毛情歌\小毛情歌(海報).JPG","2005 01 15 小毛情歌","小毛情歌(海報)",".JPG","1241844"
"\\Aaa_nas\iast\18_豆皮藝文咖啡廳第二期\數位檔案_整理\04 打羊秀(2000-2005)\2005 01 29 囉嗦樂團\囉嗦樂團.JPG","2005 01 29 囉嗦樂團","囉嗦樂團",".JPG","212342"
"\\Aaa_nas\iast\18_豆皮藝文咖啡廳第二期\數位檔案_整理\04 打羊秀(2000-2005)\2005 01 29 莊豐吉 電放樂\G-Whats techno.doc","2005 01 29 莊豐吉 電放樂","G-Whats techno",".doc","19456"
"\\Aaa_nas\iast\18_豆皮藝文咖啡廳第二期\數位檔案_整理\04 打羊秀(2000-2005)\2005 01 29 莊豐吉 電放樂\阿吉放樂.JPG","2005 01 29 莊豐吉 電放樂","阿吉放樂",".JPG","42239"
"\\Aaa_nas\iast\18_豆皮藝文咖啡廳第二期\數位檔案_整理\04 打羊秀(2000-2005)\2005 01 29 郭紋汎\郭紋汎200501-自己的專輯終於出來了.doc","2005 01 29 郭紋汎","郭紋汎200501-自己的專輯終於出來了",".doc","19456"
"\\Aaa_nas\iast\18_豆皮藝文咖啡廳第二期\數位檔案_整理\04 打羊秀(2000-2005)\2005 01 29 郭紋汎\郭紋汎照200501.jpg","2005 01 29 郭紋汎","郭紋汎照200501",".jpg","193692"
"\\Aaa_nas\iast\18_豆皮藝文咖啡廳第二期\數位檔案_整理\04 打羊秀(2000-2005)\2005 02 12 Sandra P.(三朵花)\200502 sandra塗鴉.jpg","2005 02 12 Sandra P.(三朵花)","200502 sandra塗鴉",".jpg","90483"
"\\Aaa_nas\iast\18_豆皮藝文咖啡廳第二期\數位檔案_整理\04 打羊秀(2000-2005)\2005 02 12 Sandra P.(三朵花)\hi.doc","2005 02 12 Sandra P.(三朵花)","hi",".doc","19456"
"\\Aaa_nas\iast\18_豆皮藝文咖啡廳第二期\數位檔案_整理\04 打羊秀(2000-2005)\2005 02 12 台南胖客搖滾聯盟(SM. 燥聲. 馬的淚)\台南胖克.jpg","2005 02 12 台南胖客搖滾聯盟(SM. 燥聲. 馬的淚)","台南胖克",".jpg","47460"
"\\Aaa_nas\iast\18_豆皮藝文咖啡廳第二期\數位檔案_整理\04 打羊秀(2000-2005)\2005 02 12 台南胖客搖滾聯盟(SM. 燥聲. 馬的淚)\最近在用台南胖克01.doc","2005 02 12 台南胖客搖滾聯盟(SM. 燥聲. 馬的淚)","最近在用台南胖克01",".doc","19456"
"\\Aaa_nas\iast\18_豆皮藝文咖啡廳第二期\數位檔案_整理\04 打羊秀(2000-2005)\2005 02 26 多情西餐廳\多情西餐廳樂團.jpg","2005 02 26 多情西餐廳","多情西餐廳樂團",".jpg","72713"
"\\Aaa_nas\iast\18_豆皮藝文咖啡廳第二期\數位檔案_整理\04 打羊秀(2000-2005)\2005 02 26 馬猴樂團\馬猴-是一個幾乎沒有任何話題性可言的樂團.doc","2005 02 26 馬猴樂團","馬猴-是一個幾乎沒有任何話題性可言的樂團",".doc","23552"
"\\Aaa_nas\iast\18_豆皮藝文咖啡廳第二期\數位檔案_整理\04 打羊秀(2000-2005)\2005 03 13 黑蟑螂二人組\20050313黑蟑螂二人組.jpg","2005 03 13 黑蟑螂二人組","20050313黑蟑螂二人組",".jpg","88537"
"\\Aaa_nas\iast\18_豆皮藝文咖啡廳第二期\數位檔案_整理\04 打羊秀(2000-2005)\2005 03 13 黑蟑螂二人組\20050313黑蟑螂二人組02.jpg","2005 03 13 黑蟑螂二人組","20050313黑蟑螂二人組02",".jpg","74099"
"\\Aaa_nas\iast\18_豆皮藝文咖啡廳第二期\數位檔案_整理\04 打羊秀(2000-2005)\2005 04 23 喵喵虫、Ocean\未命名b009.jpg","2005 04 23 喵喵虫、Ocean","未命名b009",".jpg","54805"
"\\Aaa_nas\iast\18_豆皮藝文咖啡廳第二期\數位檔案_整理\04 打羊秀(2000-2005)\2005 04 23 喵喵虫、Ocean\未命名b010.jpg","2005 04 23 喵喵虫、Ocean","未命名b010",".jpg","53055"
"\\Aaa_nas\iast\18_豆皮藝文咖啡廳第二期\數位檔案_整理\04 打羊秀(2000-2005)\2005 04 24 Echo回聲樂團\20050424 ECHO-02.jpg","2005 04 24 Echo回聲樂團","20050424 ECHO-02",".jpg","65198"
"\\Aaa_nas\iast\18_豆皮藝文咖啡廳第二期\數位檔案_整理\04 打羊秀(2000-2005)\2005 04 24 Echo回聲樂團\200504Echo樂團 狂喜日(現場混咬藝術).jpg","2005 04 24 Echo回聲樂團","200504Echo樂團 狂喜日(現場混咬藝術)",".jpg","69668"
"\\Aaa_nas\iast\18_豆皮藝文咖啡廳第二期\數位檔案_整理\04 打羊秀(2000-2005)\2005 04 24 Echo回聲樂團\未命名001.jpg","2005 04 24 Echo回聲樂團","未命名001",".jpg","70170"
"\\Aaa_nas\iast\18_豆皮藝文咖啡廳第二期\數位檔案_整理\04 打羊秀(2000-2005)\2005 04 24 Echo回聲樂團\未命名002.jpg","2005 04 24 Echo回聲樂團","未命名002",".jpg","51722"
"\\Aaa_nas\iast\18_豆皮藝文咖啡廳第二期\數位檔案_整理\04 打羊秀(2000-2005)\2005 04 24 Echo回聲樂團\未命名003.jpg","2005 04 24 Echo回聲樂團","未命名003",".jpg","52935"
"\\Aaa_nas\iast\18_豆皮藝文咖啡廳第二期\數位檔案_整理\04 打羊秀(2000-2005)\2005 04 24 Echo回聲樂團\未命名004.jpg","2005 04 24 Echo回聲樂團","未命名004",".jpg","66364"
"\\Aaa_nas\iast\18_豆皮藝文咖啡廳第二期\數位檔案_整理\04 打羊秀(2000-2005)\2005 04 24 Echo回聲樂團\未命名005.jpg","2005 04 24 Echo回聲樂團","未命名005",".jpg","66698"
"\\Aaa_nas\iast\18_豆皮藝文咖啡廳第二期\數位檔案_整理\04 打羊秀(2000-2005)\2005 04 24 囉嗦樂團\20050424囉唆樂團01.jpg","2005 04 24 囉嗦樂團","20050424囉唆樂團01",".jpg","60452"
"\\Aaa_nas\iast\18_豆皮藝文咖啡廳第二期\數位檔案_整理\04 打羊秀(2000-2005)\2005 06 05 新莊高中熱音社\20050605新莊高中熱音社01.jpg","2005 06 05 新莊高中熱音社","20050605新莊高中熱音社01",".jpg","57131"
"\\Aaa_nas\iast\18_豆皮藝文咖啡廳第二期\數位檔案_整理\04 打羊秀(2000-2005)\2005 06 05 新莊高中熱音社\20050605新莊高中熱音社03.jpg","2005 06 05 新莊高中熱音社","20050605新莊高中熱音社03",".jpg","55535"
"\\Aaa_nas\iast\18_豆皮藝文咖啡廳第二期\數位檔案_整理\04 打羊秀(2000-2005)\2005 06 05 新莊高中熱音社\20050605新莊高中熱音社04.jpg","2005 06 05 新莊高中熱音社","20050605新莊高中熱音社04",".jpg","69413"
"\\Aaa_nas\iast\18_豆皮藝文咖啡廳第二期\數位檔案_整理\04 打羊秀(2000-2005)\2005 06 05 新莊高中熱音社\20050605新莊高中熱音社05.jpg","2005 06 05 新莊高中熱音社","20050605新莊高中熱音社05",".jpg","71423"
"\\Aaa_nas\iast\18_豆皮藝文咖啡廳第二期\數位檔案_整理\04 打羊秀(2000-2005)\2005 06 05 新莊高中熱音社\20050605新莊高中熱音社06.jpg","2005 06 05 新莊高中熱音社","20050605新莊高中熱音社06",".jpg","71645"
"\\Aaa_nas\iast\18_豆皮藝文咖啡廳第二期\數位檔案_整理\04 打羊秀(2000-2005)\2005 06 05 新莊高中熱音社\20050605新莊高中熱音社07.jpg","2005 06 05 新莊高中熱音社","20050605新莊高中熱音社07",".jpg","71711"
"\\Aaa_nas\iast\18_豆皮藝文咖啡廳第二期\數位檔案_整理\04 打羊秀(2000-2005)\2005 06 05 新莊高中熱音社\20050605新莊高中熱音社09.jpg","2005 06 05 新莊高中熱音社","20050605新莊高中熱音社09",".jpg","61771"
"\\Aaa_nas\iast\18_豆皮藝文咖啡廳第二期\數位檔案_整理\04 打羊秀(2000-2005)\2005 06 05 新莊高中熱音社\20050605新莊高中熱音社10.jpg","2005 06 05 新莊高中熱音社","20050605新莊高中熱音社10",".jpg","61433"
"\\Aaa_nas\iast\18_豆皮藝文咖啡廳第二期\數位檔案_整理\04 打羊秀(2000-2005)\2005 06 05 新莊高中熱音社\20050605狂喜日(現場混咬藝術)-新莊高中熱音社-02.JPG","2005 06 05 新莊高中熱音社","20050605狂喜日(現場混咬藝術)-新莊高中熱音社-02",".JPG","301024"
"\\Aaa_nas\iast\18_豆皮藝文咖啡廳第二期\數位檔案_整理\04 打羊秀(2000-2005)\2005 06 18 Lesbebes LES B'S BE'S\20050618lebebes01.jpg","2005 06 18 Lesbebes LES B'S BE'S","20050618lebebes01",".jpg","62951"
"\\Aaa_nas\iast\18_豆皮藝文咖啡廳第二期\數位檔案_整理\04 打羊秀(2000-2005)\2005 06 18 Lesbebes LES B'S BE'S\20050618lebebes02.jpg","2005 06 18 Lesbebes LES B'S BE'S","20050618lebebes02",".jpg","60082"
"\\Aaa_nas\iast\18_豆皮藝文咖啡廳第二期\數位檔案_整理\04 打羊秀(2000-2005)\2005 06 18 楊翔婷\20050618楊翔婷獨奏01b.jpg","2005 06 18 楊翔婷","20050618楊翔婷獨奏01b",".jpg","61842"
"\\Aaa_nas\iast\18_豆皮藝文咖啡廳第二期\數位檔案_整理\04 打羊秀(2000-2005)\2005 06 18 楊翔婷\20050618楊翔婷獨奏02.jpg","2005 06 18 楊翔婷","20050618楊翔婷獨奏02",".jpg","62580"
